CO_POSICAO,SG_AREA,CO_ITEM,TX_GABARITO,CO_HABILIDADE,IN_ITEM_ABAN,TX_MOTIVO_ABAN,NU_PARAM_A,NU_PARAM_B,NU_PARAM_C,TX_COR,CO_PROVA,TP_LINGUA,IN_ITEM_ADAPTADO
46,CH,140506,D,26,0,,0.98121,1.34897,0.06218,AZUL,1055,,0
90,CH,111984,A,3,0,,1.90716,1.36087,0.22521,AZUL,1055,,0
89,CH,140190,C,5,0,,1.94428,0.27387,0.14788,AZUL,1055,,0
88,CH,96516,E,2,0,,1.96743,2.20588,0.08863,AZUL,1055,,0
87,CH,140572,B,19,0,,2.46583,0.73772,0.17053,AZUL,1055,,0
86,CH,96291,C,1,0,,2.9037,1.66082,0.10307,AZUL,1055,,0
85,CH,125944,D,4,0,,1.69059,0.29126,0.1166,AZUL,1055,,0
84,CH,111893,C,3,0,,0.56617,1.5801,0.03472,AZUL,1055,,0
83,CH,141072,B,8,0,,2.78275,0.64418,0.18557,AZUL,1055,,0
82,CH,140643,B,6,0,,2.21197,1.4236,0.21778,AZUL,1055,,0
81,CH,95739,D,12,0,,4.24795,0.96273,0.16049,AZUL,1055,,0
80,CH,95823,C,3,0,,1.30094,0.82448,0.0937,AZUL,1055,,0
79,CH,140378,A,5,0,,2.1636,0.57483,0.15916,AZUL,1055,,0
78,CH,67980,E,6,0,,4.03907,1.33056,0.05942,AZUL,1055,,0
77,CH,140550,A,27,0,,3.5293,0.41127,0.19018,AZUL,1055,,0
76,CH,140441,D,29,0,,1.76207,1.31972,0.21908,AZUL,1055,,0
75,CH,140721,E,5,0,,0.81842,0.92559,0.02544,AZUL,1055,,0
74,CH,118110,C,6,0,,2.22329,1.79851,0.25237,AZUL,1055,,0
73,CH,75825,B,13,0,,2.34384,0.97017,0.12421,AZUL,1055,,0
72,CH,141384,D,18,0,,3.39376,1.05605,0.15958,AZUL,1055,,0
71,CH,44230,A,23,0,,2.73837,0.8616,0.21624,AZUL,1055,,0
70,CH,97262,A,15,0,,1.46058,-0.44013,0.20483,AZUL,1055,,0
69,CH,82962,A,15,0,,1.7267,1.34237,0.16873,AZUL,1055,,0
68,CH,111964,D,7,0,,2.81132,0.5445,0.20515,AZUL,1055,,0
67,CH,141148,D,10,0,,3.48759,0.79822,0.18644,AZUL,1055,,0
66,CH,140914,C,14,0,,0.85459,2.13235,0.12367,AZUL,1055,,0
65,CH,141048,B,22,0,,1.63923,-0.72645,0.00905,AZUL,1055,,0
64,CH,84199,A,29,1,bisblg < -0.15,,,,AZUL,1055,,0
63,CH,112145,B,11,0,,0.47387,2.25057,0.00901,AZUL,1055,,0
62,CH,140585,C,9,0,,2.18434,1.60479,0.16086,AZUL,1055,,0
61,CH,141030,E,16,0,,3.15825,0.30776,0.14196,AZUL,1055,,0
60,CH,140429,B,20,0,,2.16917,0.75171,0.18087,AZUL,1055,,0
59,CH,118066,C,19,0,,1.933,0.69054,0.17203,AZUL,1055,,0
58,CH,125654,E,14,0,,1.49576,0.47561,0.01589,AZUL,1055,,0
57,CH,141355,A,23,0,,2.81233,1.85756,0.17604,AZUL,1055,,0
56,CH,141364,A,20,0,,1.83281,-0.1754,0.04287,AZUL,1055,,0
55,CH,140631,B,28,0,,1.57605,2.33974,0.25072,AZUL,1055,,0
54,CH,125706,E,25,0,,0.5628,2.08511,0.00958,AZUL,1055,,0
53,CH,140568,A,21,0,,1.48568,0.87454,0.17248,AZUL,1055,,0
52,CH,88045,D,18,0,,3.62371,0.51644,0.275,AZUL,1055,,0
51,CH,87207,E,17,0,,4.79392,1.19623,0.12998,AZUL,1055,,0
50,CH,140682,E,27,0,,1.88815,1.59325,0.13196,AZUL,1055,,0
49,CH,140639,B,30,0,,2.71371,0.59055,0.19782,AZUL,1055,,0
48,CH,141322,A,24,0,,2.8995,-0.42411,0.19356,AZUL,1055,,0
47,CH,83806,E,24,0,,1.98269,0.65728,0.08702,AZUL,1055,,0
46,CH,141030,E,16,0,,3.15825,0.30776,0.14196,AMARELA,1056,,0
90,CH,75825,B,13,0,,2.34384,0.97017,0.12421,AMARELA,1056,,0
89,CH,141384,D,18,0,,3.39376,1.05605,0.15958,AMARELA,1056,,0
88,CH,44230,A,23,0,,2.73837,0.8616,0.21624,AMARELA,1056,,0
87,CH,97262,A,15,0,,1.46058,-0.44013,0.20483,AMARELA,1056,,0
86,CH,140550,A,27,0,,3.5293,0.41127,0.19018,AMARELA,1056,,0
85,CH,140441,D,29,0,,1.76207,1.31972,0.21908,AMARELA,1056,,0
84,CH,140721,E,5,0,,0.81842,0.92559,0.02544,AMARELA,1056,,0
83,CH,118110,C,6,0,,2.22329,1.79851,0.25237,AMARELA,1056,,0
82,CH,140639,B,30,0,,2.71371,0.59055,0.19782,AMARELA,1056,,0
81,CH,141322,A,24,0,,2.8995,-0.42411,0.19356,AMARELA,1056,,0
80,CH,83806,E,24,0,,1.98269,0.65728,0.08702,AMARELA,1056,,0
79,CH,140506,D,26,0,,0.98121,1.34897,0.06218,AMARELA,1056,,0
78,CH,125944,D,4,0,,1.69059,0.29126,0.1166,AMARELA,1056,,0
77,CH,111893,C,3,0,,0.56617,1.5801,0.03472,AMARELA,1056,,0
76,CH,141072,B,8,0,,2.78275,0.64418,0.18557,AMARELA,1056,,0
75,CH,140643,B,6,0,,2.21197,1.4236,0.21778,AMARELA,1056,,0
74,CH,140568,A,21,0,,1.48568,0.87454,0.17248,AMARELA,1056,,0
73,CH,88045,D,18,0,,3.62371,0.51644,0.275,AMARELA,1056,,0
72,CH,87207,E,17,0,,4.79392,1.19623,0.12998,AMARELA,1056,,0
71,CH,140682,E,27,0,,1.88815,1.59325,0.13196,AMARELA,1056,,0
70,CH,95739,D,12,0,,4.24795,0.96273,0.16049,AMARELA,1056,,0
69,CH,95823,C,3,0,,1.30094,0.82448,0.0937,AMARELA,1056,,0
68,CH,140378,A,5,0,,2.1636,0.57483,0.15916,AMARELA,1056,,0
67,CH,67980,E,6,0,,4.03907,1.33056,0.05942,AMARELA,1056,,0
66,CH,141364,A,20,0,,1.83281,-0.1754,0.04287,AMARELA,1056,,0
65,CH,140631,B,28,0,,1.57605,2.33974,0.25072,AMARELA,1056,,0
64,CH,125706,E,25,0,,0.5628,2.08511,0.00958,AMARELA,1056,,0
63,CH,111984,A,3,0,,1.90716,1.36087,0.22521,AMARELA,1056,,0
62,CH,140190,C,5,0,,1.94428,0.27387,0.14788,AMARELA,1056,,0
61,CH,96516,E,2,0,,1.96743,2.20588,0.08863,AMARELA,1056,,0
60,CH,140572,B,19,0,,2.46583,0.73772,0.17053,AMARELA,1056,,0
59,CH,96291,C,1,0,,2.9037,1.66082,0.10307,AMARELA,1056,,0
58,CH,140429,B,20,0,,2.16917,0.75171,0.18087,AMARELA,1056,,0
57,CH,118066,C,19,0,,1.933,0.69054,0.17203,AMARELA,1056,,0
56,CH,125654,E,14,0,,1.49576,0.47561,0.01589,AMARELA,1056,,0
55,CH,141355,A,23,0,,2.81233,1.85756,0.17604,AMARELA,1056,,0
54,CH,82962,A,15,0,,1.7267,1.34237,0.16873,AMARELA,1056,,0
53,CH,111964,D,7,0,,2.81132,0.5445,0.20515,AMARELA,1056,,0
52,CH,141148,D,10,0,,3.48759,0.79822,0.18644,AMARELA,1056,,0
51,CH,140914,C,14,0,,0.85459,2.13235,0.12367,AMARELA,1056,,0
50,CH,141048,B,22,0,,1.63923,-0.72645,0.00905,AMARELA,1056,,0
49,CH,84199,A,29,1,bisblg < -0.15,,,,AMARELA,1056,,0
48,CH,112145,B,11,0,,0.47387,2.25057,0.00901,AMARELA,1056,,0
47,CH,140585,C,9,0,,2.18434,1.60479,0.16086,AMARELA,1056,,0
46,CH,96291,C,1,0,,2.9037,1.66082,0.10307,BRANCA,1057,,0
90,CH,140639,B,30,0,,2.71371,0.59055,0.19782,BRANCA,1057,,0
89,CH,141322,A,24,0,,2.8995,-0.42411,0.19356,BRANCA,1057,,0
88,CH,83806,E,24,0,,1.98269,0.65728,0.08702,BRANCA,1057,,0
87,CH,140506,D,26,0,,0.98121,1.34897,0.06218,BRANCA,1057,,0
86,CH,140568,A,21,0,,1.48568,0.87454,0.17248,BRANCA,1057,,0
85,CH,88045,D,18,0,,3.62371,0.51644,0.275,BRANCA,1057,,0
84,CH,87207,E,17,0,,4.79392,1.19623,0.12998,BRANCA,1057,,0
83,CH,140682,E,27,0,,1.88815,1.59325,0.13196,BRANCA,1057,,0
82,CH,141364,A,20,0,,1.83281,-0.1754,0.04287,BRANCA,1057,,0
81,CH,140631,B,28,0,,1.57605,2.33974,0.25072,BRANCA,1057,,0
80,CH,125706,E,25,0,,0.5628,2.08511,0.00958,BRANCA,1057,,0
79,CH,140429,B,20,0,,2.16917,0.75171,0.18087,BRANCA,1057,,0
78,CH,118066,C,19,0,,1.933,0.69054,0.17203,BRANCA,1057,,0
77,CH,125654,E,14,0,,1.49576,0.47561,0.01589,BRANCA,1057,,0
76,CH,141355,A,23,0,,2.81233,1.85756,0.17604,BRANCA,1057,,0
75,CH,141048,B,22,0,,1.63923,-0.72645,0.00905,BRANCA,1057,,0
74,CH,84199,A,29,1,bisblg < -0.15,,,,BRANCA,1057,,0
73,CH,112145,B,11,0,,0.47387,2.25057,0.00901,BRANCA,1057,,0
72,CH,140585,C,9,0,,2.18434,1.60479,0.16086,BRANCA,1057,,0
71,CH,141030,E,16,0,,3.15825,0.30776,0.14196,BRANCA,1057,,0
70,CH,82962,A,15,0,,1.7267,1.34237,0.16873,BRANCA,1057,,0
69,CH,111964,D,7,0,,2.81132,0.5445,0.20515,BRANCA,1057,,0
68,CH,141148,D,10,0,,3.48759,0.79822,0.18644,BRANCA,1057,,0
67,CH,140914,C,14,0,,0.85459,2.13235,0.12367,BRANCA,1057,,0
66,CH,75825,B,13,0,,2.34384,0.97017,0.12421,BRANCA,1057,,0
65,CH,141384,D,18,0,,3.39376,1.05605,0.15958,BRANCA,1057,,0
64,CH,44230,A,23,0,,2.73837,0.8616,0.21624,BRANCA,1057,,0
63,CH,97262,A,15,0,,1.46058,-0.44013,0.20483,BRANCA,1057,,0
62,CH,140550,A,27,0,,3.5293,0.41127,0.19018,BRANCA,1057,,0
61,CH,140441,D,29,0,,1.76207,1.31972,0.21908,BRANCA,1057,,0
60,CH,140721,E,5,0,,0.81842,0.92559,0.02544,BRANCA,1057,,0
59,CH,118110,C,6,0,,2.22329,1.79851,0.25237,BRANCA,1057,,0
58,CH,95739,D,12,0,,4.24795,0.96273,0.16049,BRANCA,1057,,0
57,CH,95823,C,3,0,,1.30094,0.82448,0.0937,BRANCA,1057,,0
56,CH,140378,A,5,0,,2.1636,0.57483,0.15916,BRANCA,1057,,0
55,CH,67980,E,6,0,,4.03907,1.33056,0.05942,BRANCA,1057,,0
54,CH,125944,D,4,0,,1.69059,0.29126,0.1166,BRANCA,1057,,0
53,CH,111893,C,3,0,,0.56617,1.5801,0.03472,BRANCA,1057,,0
52,CH,141072,B,8,0,,2.78275,0.64418,0.18557,BRANCA,1057,,0
51,CH,140643,B,6,0,,2.21197,1.4236,0.21778,BRANCA,1057,,0
50,CH,111984,A,3,0,,1.90716,1.36087,0.22521,BRANCA,1057,,0
49,CH,140190,C,5,0,,1.94428,0.27387,0.14788,BRANCA,1057,,0
48,CH,96516,E,2,0,,1.96743,2.20588,0.08863,BRANCA,1057,,0
47,CH,140572,B,19,0,,2.46583,0.73772,0.17053,BRANCA,1057,,0
46,CH,118110,C,6,0,,2.22329,1.79851,0.25237,ROSA,1058,,0
90,CH,95739,D,12,0,,4.24795,0.96273,0.16049,ROSA,1058,,0
89,CH,95823,C,3,0,,1.30094,0.82448,0.0937,ROSA,1058,,0
88,CH,140378,A,5,0,,2.1636,0.57483,0.15916,ROSA,1058,,0
87,CH,67980,E,6,0,,4.03907,1.33056,0.05942,ROSA,1058,,0
86,CH,141048,B,22,0,,1.63923,-0.72645,0.00905,ROSA,1058,,0
85,CH,84199,A,29,1,bisblg < -0.15,,,,ROSA,1058,,0
84,CH,112145,B,11,0,,0.47387,2.25057,0.00901,ROSA,1058,,0
83,CH,140585,C,9,0,,2.18434,1.60479,0.16086,ROSA,1058,,0
82,CH,141030,E,16,0,,3.15825,0.30776,0.14196,ROSA,1058,,0
81,CH,125944,D,4,0,,1.69059,0.29126,0.1166,ROSA,1058,,0
80,CH,111893,C,3,0,,0.56617,1.5801,0.03472,ROSA,1058,,0
79,CH,141072,B,8,0,,2.78275,0.64418,0.18557,ROSA,1058,,0
78,CH,140643,B,6,0,,2.21197,1.4236,0.21778,ROSA,1058,,0
77,CH,141364,A,20,0,,1.83281,-0.1754,0.04287,ROSA,1058,,0
76,CH,140631,B,28,0,,1.57605,2.33974,0.25072,ROSA,1058,,0
75,CH,125706,E,25,0,,0.5628,2.08511,0.00958,ROSA,1058,,0
74,CH,140568,A,21,0,,1.48568,0.87454,0.17248,ROSA,1058,,0
73,CH,88045,D,18,0,,3.62371,0.51644,0.275,ROSA,1058,,0
72,CH,87207,E,17,0,,4.79392,1.19623,0.12998,ROSA,1058,,0
71,CH,140682,E,27,0,,1.88815,1.59325,0.13196,ROSA,1058,,0
70,CH,111984,A,3,0,,1.90716,1.36087,0.22521,ROSA,1058,,0
69,CH,140190,C,5,0,,1.94428,0.27387,0.14788,ROSA,1058,,0
68,CH,96516,E,2,0,,1.96743,2.20588,0.08863,ROSA,1058,,0
67,CH,140572,B,19,0,,2.46583,0.73772,0.17053,ROSA,1058,,0
66,CH,96291,C,1,0,,2.9037,1.66082,0.10307,ROSA,1058,,0
65,CH,140639,B,30,0,,2.71371,0.59055,0.19782,ROSA,1058,,0
64,CH,141322,A,24,0,,2.8995,-0.42411,0.19356,ROSA,1058,,0
63,CH,83806,E,24,0,,1.98269,0.65728,0.08702,ROSA,1058,,0
62,CH,140506,D,26,0,,0.98121,1.34897,0.06218,ROSA,1058,,0
61,CH,82962,A,15,0,,1.7267,1.34237,0.16873,ROSA,1058,,0
60,CH,111964,D,7,0,,2.81132,0.5445,0.20515,ROSA,1058,,0
59,CH,141148,D,10,0,,3.48759,0.79822,0.18644,ROSA,1058,,0
58,CH,140914,C,14,0,,0.85459,2.13235,0.12367,ROSA,1058,,0
57,CH,140429,B,20,0,,2.16917,0.75171,0.18087,ROSA,1058,,0
56,CH,118066,C,19,0,,1.933,0.69054,0.17203,ROSA,1058,,0
55,CH,125654,E,14,0,,1.49576,0.47561,0.01589,ROSA,1058,,0
54,CH,141355,A,23,0,,2.81233,1.85756,0.17604,ROSA,1058,,0
53,CH,75825,B,13,0,,2.34384,0.97017,0.12421,ROSA,1058,,0
52,CH,141384,D,18,0,,3.39376,1.05605,0.15958,ROSA,1058,,0
51,CH,44230,A,23,0,,2.73837,0.8616,0.21624,ROSA,1058,,0
50,CH,97262,A,15,0,,1.46058,-0.44013,0.20483,ROSA,1058,,0
49,CH,140550,A,27,0,,3.5293,0.41127,0.19018,ROSA,1058,,0
48,CH,140441,D,29,0,,1.76207,1.31972,0.21908,ROSA,1058,,0
47,CH,140721,E,5,0,,0.81842,0.92559,0.02544,ROSA,1058,,0
46,CH,96291,C,1,0,,2.9037,1.66082,0.10307,BRANCA,1059,,0
90,CH,140639,B,30,0,,2.71371,0.59055,0.19782,BRANCA,1059,,0
89,CH,141322,A,24,0,,2.8995,-0.42411,0.19356,BRANCA,1059,,0
88,CH,83806,E,24,0,,1.98269,0.65728,0.08702,BRANCA,1059,,0
87,CH,140506,D,26,0,,0.98121,1.34897,0.06218,BRANCA,1059,,0
86,CH,140568,A,21,0,,1.48568,0.87454,0.17248,BRANCA,1059,,0
85,CH,88045,D,18,0,,3.62371,0.51644,0.275,BRANCA,1059,,0
84,CH,87207,E,17,0,,4.79392,1.19623,0.12998,BRANCA,1059,,0
83,CH,140682,E,27,0,,1.88815,1.59325,0.13196,BRANCA,1059,,0
82,CH,141364,A,20,0,,1.83281,-0.1754,0.04287,BRANCA,1059,,0
81,CH,140631,B,28,0,,1.57605,2.33974,0.25072,BRANCA,1059,,0
80,CH,125706,E,25,0,,0.5628,2.08511,0.00958,BRANCA,1059,,0
79,CH,140429,B,20,0,,2.16917,0.75171,0.18087,BRANCA,1059,,0
78,CH,118066,C,19,0,,1.933,0.69054,0.17203,BRANCA,1059,,0
77,CH,125654,E,14,0,,1.49576,0.47561,0.01589,BRANCA,1059,,0
76,CH,141355,A,23,0,,2.81233,1.85756,0.17604,BRANCA,1059,,0
75,CH,141048,B,22,0,,1.63923,-0.72645,0.00905,BRANCA,1059,,0
74,CH,84199,A,29,1,bisblg < -0.15,,,,BRANCA,1059,,0
73,CH,112145,B,11,0,,0.47387,2.25057,0.00901,BRANCA,1059,,0
72,CH,140585,C,9,0,,2.18434,1.60479,0.16086,BRANCA,1059,,0
71,CH,141030,E,16,0,,3.15825,0.30776,0.14196,BRANCA,1059,,0
70,CH,82962,A,15,0,,1.7267,1.34237,0.16873,BRANCA,1059,,0
69,CH,111964,D,7,0,,2.81132,0.5445,0.20515,BRANCA,1059,,0
68,CH,141148,D,10,0,,3.48759,0.79822,0.18644,BRANCA,1059,,0
67,CH,140914,C,14,0,,0.85459,2.13235,0.12367,BRANCA,1059,,0
66,CH,75825,B,13,0,,2.34384,0.97017,0.12421,BRANCA,1059,,0
65,CH,141384,D,18,0,,3.39376,1.05605,0.15958,BRANCA,1059,,0
64,CH,44230,A,23,0,,2.73837,0.8616,0.21624,BRANCA,1059,,0
63,CH,97262,A,15,0,,1.46058,-0.44013,0.20483,BRANCA,1059,,0
62,CH,140550,A,27,0,,3.5293,0.41127,0.19018,BRANCA,1059,,0
61,CH,140441,D,29,0,,1.76207,1.31972,0.21908,BRANCA,1059,,0
60,CH,140721,E,5,0,,0.81842,0.92559,0.02544,BRANCA,1059,,0
59,CH,118110,C,6,0,,2.22329,1.79851,0.25237,BRANCA,1059,,0
58,CH,95739,D,12,0,,4.24795,0.96273,0.16049,BRANCA,1059,,0
57,CH,95823,C,3,0,,1.30094,0.82448,0.0937,BRANCA,1059,,0
56,CH,140378,A,5,0,,2.1636,0.57483,0.15916,BRANCA,1059,,0
55,CH,67980,E,6,0,,4.03907,1.33056,0.05942,BRANCA,1059,,0
54,CH,125944,D,4,0,,1.69059,0.29126,0.1166,BRANCA,1059,,0
53,CH,111893,C,3,0,,0.56617,1.5801,0.03472,BRANCA,1059,,0
52,CH,141072,B,8,0,,2.78275,0.64418,0.18557,BRANCA,1059,,0
51,CH,140643,B,6,0,,2.21197,1.4236,0.21778,BRANCA,1059,,0
50,CH,111984,A,3,0,,1.90716,1.36087,0.22521,BRANCA,1059,,0
49,CH,140190,C,5,0,,1.94428,0.27387,0.14788,BRANCA,1059,,0
48,CH,96516,E,2,0,,1.96743,2.20588,0.08863,BRANCA,1059,,0
47,CH,140572,B,19,0,,2.46583,0.73772,0.17053,BRANCA,1059,,0
46,CH,96291,C,1,0,,2.9037,1.66082,0.10307,BRANCA,1060,,0
90,CH,140639,B,30,0,,2.71371,0.59055,0.19782,BRANCA,1060,,0
89,CH,141322,A,24,0,,2.8995,-0.42411,0.19356,BRANCA,1060,,0
88,CH,83806,E,24,0,,1.98269,0.65728,0.08702,BRANCA,1060,,0
87,CH,140506,D,26,0,,0.98121,1.34897,0.06218,BRANCA,1060,,0
86,CH,140568,A,21,0,,1.48568,0.87454,0.17248,BRANCA,1060,,0
85,CH,88045,D,18,0,,3.62371,0.51644,0.275,BRANCA,1060,,0
84,CH,87207,E,17,0,,4.79392,1.19623,0.12998,BRANCA,1060,,0
83,CH,140682,E,27,0,,1.88815,1.59325,0.13196,BRANCA,1060,,0
82,CH,141364,A,20,0,,1.83281,-0.1754,0.04287,BRANCA,1060,,0
81,CH,140631,B,28,0,,1.57605,2.33974,0.25072,BRANCA,1060,,0
80,CH,125706,E,25,0,,0.5628,2.08511,0.00958,BRANCA,1060,,0
79,CH,140429,B,20,0,,2.16917,0.75171,0.18087,BRANCA,1060,,0
78,CH,118066,C,19,0,,1.933,0.69054,0.17203,BRANCA,1060,,0
77,CH,125654,E,14,0,,1.49576,0.47561,0.01589,BRANCA,1060,,0
76,CH,141355,A,23,0,,2.81233,1.85756,0.17604,BRANCA,1060,,0
75,CH,141048,B,22,0,,1.63923,-0.72645,0.00905,BRANCA,1060,,0
74,CH,84199,A,29,1,bisblg < -0.15,,,,BRANCA,1060,,0
73,CH,112145,B,11,0,,0.47387,2.25057,0.00901,BRANCA,1060,,0
72,CH,140585,C,9,0,,2.18434,1.60479,0.16086,BRANCA,1060,,0
71,CH,141030,E,16,0,,3.15825,0.30776,0.14196,BRANCA,1060,,0
70,CH,82962,A,15,0,,1.7267,1.34237,0.16873,BRANCA,1060,,0
69,CH,111964,D,7,0,,2.81132,0.5445,0.20515,BRANCA,1060,,0
68,CH,141148,D,10,0,,3.48759,0.79822,0.18644,BRANCA,1060,,0
67,CH,140914,C,14,0,,0.85459,2.13235,0.12367,BRANCA,1060,,0
66,CH,75825,B,13,0,,2.34384,0.97017,0.12421,BRANCA,1060,,0
65,CH,141384,D,18,0,,3.39376,1.05605,0.15958,BRANCA,1060,,0
64,CH,44230,A,23,0,,2.73837,0.8616,0.21624,BRANCA,1060,,0
63,CH,97262,A,15,0,,1.46058,-0.44013,0.20483,BRANCA,1060,,0
62,CH,140550,A,27,0,,3.5293,0.41127,0.19018,BRANCA,1060,,0
61,CH,140441,D,29,0,,1.76207,1.31972,0.21908,BRANCA,1060,,0
60,CH,140721,E,5,0,,0.81842,0.92559,0.02544,BRANCA,1060,,0
59,CH,118110,C,6,0,,2.22329,1.79851,0.25237,BRANCA,1060,,0
58,CH,95739,D,12,0,,4.24795,0.96273,0.16049,BRANCA,1060,,0
57,CH,95823,C,3,0,,1.30094,0.82448,0.0937,BRANCA,1060,,0
56,CH,140378,A,5,0,,2.1636,0.57483,0.15916,BRANCA,1060,,0
55,CH,67980,E,6,0,,4.03907,1.33056,0.05942,BRANCA,1060,,0
54,CH,125944,D,4,0,,1.69059,0.29126,0.1166,BRANCA,1060,,0
53,CH,111893,C,3,0,,0.56617,1.5801,0.03472,BRANCA,1060,,0
52,CH,141072,B,8,0,,2.78275,0.64418,0.18557,BRANCA,1060,,0
51,CH,140643,B,6,0,,2.21197,1.4236,0.21778,BRANCA,1060,,0
50,CH,111984,A,3,0,,1.90716,1.36087,0.22521,BRANCA,1060,,0
49,CH,140190,C,5,0,,1.94428,0.27387,0.14788,BRANCA,1060,,0
48,CH,96516,E,2,0,,1.96743,2.20588,0.08863,BRANCA,1060,,0
47,CH,140572,B,19,0,,2.46583,0.73772,0.17053,BRANCA,1060,,0
46,CH,96291,C,1,0,,2.9037,1.66082,0.10307,LARANJA,1061,,0
90,CH,140639,B,30,0,,2.71371,0.59055,0.19782,LARANJA,1061,,0
89,CH,141322,A,24,0,,2.8995,-0.42411,0.19356,LARANJA,1061,,0
88,CH,83806,E,24,0,,1.98269,0.65728,0.08702,LARANJA,1061,,0
87,CH,140506,D,26,0,,0.98121,1.34897,0.06218,LARANJA,1061,,0
86,CH,140568,A,21,0,,1.48568,0.87454,0.17248,LARANJA,1061,,0
85,CH,88045,D,18,0,,3.62371,0.51644,0.275,LARANJA,1061,,0
84,CH,87207,E,17,0,,4.79392,1.19623,0.12998,LARANJA,1061,,0
83,CH,140682,E,27,0,,1.88815,1.59325,0.13196,LARANJA,1061,,0
82,CH,141364,A,20,0,,1.83281,-0.1754,0.04287,LARANJA,1061,,0
81,CH,140631,B,28,0,,1.57605,2.33974,0.25072,LARANJA,1061,,0
80,CH,125706,E,25,0,,0.5628,2.08511,0.00958,LARANJA,1061,,0
79,CH,140429,B,20,0,,2.16917,0.75171,0.18087,LARANJA,1061,,0
78,CH,118066,C,19,0,,1.933,0.69054,0.17203,LARANJA,1061,,0
77,CH,125654,E,14,0,,1.49576,0.47561,0.01589,LARANJA,1061,,0
76,CH,141355,A,23,0,,2.81233,1.85756,0.17604,LARANJA,1061,,0
75,CH,141048,B,22,0,,1.63923,-0.72645,0.00905,LARANJA,1061,,0
74,CH,84199,A,29,1,bisblg < -0.15,,,,LARANJA,1061,,0
73,CH,112145,B,11,0,,0.47387,2.25057,0.00901,LARANJA,1061,,0
72,CH,140585,C,9,0,,2.18434,1.60479,0.16086,LARANJA,1061,,0
71,CH,141030,E,16,0,,3.15825,0.30776,0.14196,LARANJA,1061,,0
70,CH,82962,A,15,0,,1.7267,1.34237,0.16873,LARANJA,1061,,0
69,CH,111964,D,7,0,,2.81132,0.5445,0.20515,LARANJA,1061,,0
68,CH,141148,D,10,0,,3.48759,0.79822,0.18644,LARANJA,1061,,0
67,CH,140914,C,14,0,,0.85459,2.13235,0.12367,LARANJA,1061,,0
66,CH,75825,B,13,0,,2.34384,0.97017,0.12421,LARANJA,1061,,0
65,CH,141384,D,18,0,,3.39376,1.05605,0.15958,LARANJA,1061,,0
64,CH,44230,A,23,0,,2.73837,0.8616,0.21624,LARANJA,1061,,0
63,CH,97262,A,15,0,,1.46058,-0.44013,0.20483,LARANJA,1061,,0
62,CH,140550,A,27,0,,3.5293,0.41127,0.19018,LARANJA,1061,,0
61,CH,140441,D,29,0,,1.76207,1.31972,0.21908,LARANJA,1061,,0
60,CH,140721,E,5,0,,0.81842,0.92559,0.02544,LARANJA,1061,,0
59,CH,118110,C,6,0,,2.22329,1.79851,0.25237,LARANJA,1061,,0
58,CH,95739,D,12,0,,4.24795,0.96273,0.16049,LARANJA,1061,,0
57,CH,95823,C,3,0,,1.30094,0.82448,0.0937,LARANJA,1061,,0
56,CH,140378,A,5,0,,2.1636,0.57483,0.15916,LARANJA,1061,,0
55,CH,67980,E,6,0,,4.03907,1.33056,0.05942,LARANJA,1061,,0
54,CH,125944,D,4,0,,1.69059,0.29126,0.1166,LARANJA,1061,,0
53,CH,111893,C,3,0,,0.56617,1.5801,0.03472,LARANJA,1061,,0
52,CH,141072,B,8,0,,2.78275,0.64418,0.18557,LARANJA,1061,,0
51,CH,140643,B,6,0,,2.21197,1.4236,0.21778,LARANJA,1061,,0
50,CH,111984,A,3,0,,1.90716,1.36087,0.22521,LARANJA,1061,,0
49,CH,140190,C,5,0,,1.94428,0.27387,0.14788,LARANJA,1061,,0
48,CH,96516,E,2,0,,1.96743,2.20588,0.08863,LARANJA,1061,,0
47,CH,140572,B,19,0,,2.46583,0.73772,0.17053,LARANJA,1061,,0
46,CH,96291,C,1,0,,2.9037,1.66082,0.10307,LARANJA,1062,,1
90,CH,140639,B,30,0,,2.71371,0.59055,0.19782,LARANJA,1062,,1
89,CH,141322,A,24,0,,2.8995,-0.42411,0.19356,LARANJA,1062,,1
88,CH,83806,E,24,0,,1.98269,0.65728,0.08702,LARANJA,1062,,1
87,CH,140506,D,26,0,,0.98121,1.34897,0.06218,LARANJA,1062,,1
86,CH,140568,A,21,0,,1.48568,0.87454,0.17248,LARANJA,1062,,1
85,CH,88045,D,18,0,,3.62371,0.51644,0.275,LARANJA,1062,,1
84,CH,87207,E,17,0,,4.79392,1.19623,0.12998,LARANJA,1062,,1
83,CH,140682,E,27,0,,1.88815,1.59325,0.13196,LARANJA,1062,,1
82,CH,141364,A,20,0,,1.83281,-0.1754,0.04287,LARANJA,1062,,1
81,CH,140631,B,28,0,,1.57605,2.33974,0.25072,LARANJA,1062,,1
80,CH,125706,E,25,0,,0.5628,2.08511,0.00958,LARANJA,1062,,1
79,CH,140429,B,20,0,,2.16917,0.75171,0.18087,LARANJA,1062,,1
78,CH,118066,C,19,0,,1.933,0.69054,0.17203,LARANJA,1062,,1
77,CH,125654,E,14,0,,1.49576,0.47561,0.01589,LARANJA,1062,,1
76,CH,141355,A,23,0,,2.81233,1.85756,0.17604,LARANJA,1062,,1
75,CH,141048,B,22,0,,1.63923,-0.72645,0.00905,LARANJA,1062,,1
74,CH,84199,A,29,1,bisblg < -0.15,,,,LARANJA,1062,,1
73,CH,112145,B,11,0,,0.47387,2.25057,0.00901,LARANJA,1062,,1
72,CH,140585,C,9,0,,2.18434,1.60479,0.16086,LARANJA,1062,,1
71,CH,141030,E,16,0,,3.15825,0.30776,0.14196,LARANJA,1062,,1
70,CH,82962,A,15,0,,1.7267,1.34237,0.16873,LARANJA,1062,,1
69,CH,111964,D,7,0,,2.81132,0.5445,0.20515,LARANJA,1062,,1
68,CH,141148,D,10,0,,3.48759,0.79822,0.18644,LARANJA,1062,,1
67,CH,140914,C,14,0,,0.85459,2.13235,0.12367,LARANJA,1062,,1
66,CH,75825,B,13,0,,2.34384,0.97017,0.12421,LARANJA,1062,,1
65,CH,141384,D,18,0,,3.39376,1.05605,0.15958,LARANJA,1062,,1
64,CH,44230,A,23,0,,2.73837,0.8616,0.21624,LARANJA,1062,,1
63,CH,97262,A,15,0,,1.46058,-0.44013,0.20483,LARANJA,1062,,1
62,CH,140550,A,27,0,,3.5293,0.41127,0.19018,LARANJA,1062,,1
61,CH,140441,D,29,0,,1.76207,1.31972,0.21908,LARANJA,1062,,1
60,CH,140721,E,5,0,,0.81842,0.92559,0.02544,LARANJA,1062,,1
59,CH,118110,C,6,0,,2.22329,1.79851,0.25237,LARANJA,1062,,1
58,CH,95739,D,12,0,,4.24795,0.96273,0.16049,LARANJA,1062,,1
57,CH,95823,C,3,0,,1.30094,0.82448,0.0937,LARANJA,1062,,1
56,CH,140378,A,5,0,,2.1636,0.57483,0.15916,LARANJA,1062,,1
55,CH,67980,E,6,0,,4.03907,1.33056,0.05942,LARANJA,1062,,1
54,CH,125944,D,4,0,,1.69059,0.29126,0.1166,LARANJA,1062,,1
53,CH,111893,C,3,0,,0.56617,1.5801,0.03472,LARANJA,1062,,1
52,CH,141072,B,8,0,,2.78275,0.64418,0.18557,LARANJA,1062,,1
51,CH,140643,B,6,0,,2.21197,1.4236,0.21778,LARANJA,1062,,1
50,CH,111984,A,3,0,,1.90716,1.36087,0.22521,LARANJA,1062,,1
49,CH,140190,C,5,0,,1.94428,0.27387,0.14788,LARANJA,1062,,1
48,CH,96516,E,2,0,,1.96743,2.20588,0.08863,LARANJA,1062,,1
47,CH,140572,B,19,0,,2.46583,0.73772,0.17053,LARANJA,1062,,1
46,CH,96291,C,1,0,,2.9037,1.66082,0.10307,VERDE,1063,,0
90,CH,140639,B,30,0,,2.71371,0.59055,0.19782,VERDE,1063,,0
89,CH,141322,A,24,0,,2.8995,-0.42411,0.19356,VERDE,1063,,0
88,CH,83806,E,24,0,,1.98269,0.65728,0.08702,VERDE,1063,,0
87,CH,140506,D,26,0,,0.98121,1.34897,0.06218,VERDE,1063,,0
86,CH,140568,A,21,0,,1.48568,0.87454,0.17248,VERDE,1063,,0
85,CH,88045,D,18,0,,3.62371,0.51644,0.275,VERDE,1063,,0
84,CH,87207,E,17,0,,4.79392,1.19623,0.12998,VERDE,1063,,0
83,CH,140682,E,27,0,,1.88815,1.59325,0.13196,VERDE,1063,,0
82,CH,141364,A,20,0,,1.83281,-0.1754,0.04287,VERDE,1063,,0
81,CH,140631,B,28,0,,1.57605,2.33974,0.25072,VERDE,1063,,0
80,CH,125706,E,25,0,,0.5628,2.08511,0.00958,VERDE,1063,,0
79,CH,140429,B,20,0,,2.16917,0.75171,0.18087,VERDE,1063,,0
78,CH,118066,C,19,0,,1.933,0.69054,0.17203,VERDE,1063,,0
77,CH,125654,E,14,0,,1.49576,0.47561,0.01589,VERDE,1063,,0
76,CH,141355,A,23,0,,2.81233,1.85756,0.17604,VERDE,1063,,0
75,CH,141048,B,22,0,,1.63923,-0.72645,0.00905,VERDE,1063,,0
74,CH,84199,A,29,1,bisblg < -0.15,,,,VERDE,1063,,0
73,CH,112145,B,11,0,,0.47387,2.25057,0.00901,VERDE,1063,,0
72,CH,140585,C,9,0,,2.18434,1.60479,0.16086,VERDE,1063,,0
71,CH,141030,E,16,0,,3.15825,0.30776,0.14196,VERDE,1063,,0
70,CH,82962,A,15,0,,1.7267,1.34237,0.16873,VERDE,1063,,0
69,CH,111964,D,7,0,,2.81132,0.5445,0.20515,VERDE,1063,,0
68,CH,141148,D,10,0,,3.48759,0.79822,0.18644,VERDE,1063,,0
67,CH,140914,C,14,0,,0.85459,2.13235,0.12367,VERDE,1063,,0
66,CH,75825,B,13,0,,2.34384,0.97017,0.12421,VERDE,1063,,0
65,CH,141384,D,18,0,,3.39376,1.05605,0.15958,VERDE,1063,,0
64,CH,44230,A,23,0,,2.73837,0.8616,0.21624,VERDE,1063,,0
63,CH,97262,A,15,0,,1.46058,-0.44013,0.20483,VERDE,1063,,0
62,CH,140550,A,27,0,,3.5293,0.41127,0.19018,VERDE,1063,,0
61,CH,140441,D,29,0,,1.76207,1.31972,0.21908,VERDE,1063,,0
60,CH,140721,E,5,0,,0.81842,0.92559,0.02544,VERDE,1063,,0
59,CH,118110,C,6,0,,2.22329,1.79851,0.25237,VERDE,1063,,0
58,CH,95739,D,12,0,,4.24795,0.96273,0.16049,VERDE,1063,,0
57,CH,95823,C,3,0,,1.30094,0.82448,0.0937,VERDE,1063,,0
56,CH,140378,A,5,0,,2.1636,0.57483,0.15916,VERDE,1063,,0
55,CH,67980,E,6,0,,4.03907,1.33056,0.05942,VERDE,1063,,0
54,CH,125944,D,4,0,,1.69059,0.29126,0.1166,VERDE,1063,,0
53,CH,111893,C,3,0,,0.56617,1.5801,0.03472,VERDE,1063,,0
52,CH,141072,B,8,0,,2.78275,0.64418,0.18557,VERDE,1063,,0
51,CH,140643,B,6,0,,2.21197,1.4236,0.21778,VERDE,1063,,0
50,CH,111984,A,3,0,,1.90716,1.36087,0.22521,VERDE,1063,,0
49,CH,140190,C,5,0,,1.94428,0.27387,0.14788,VERDE,1063,,0
48,CH,96516,E,2,0,,1.96743,2.20588,0.08863,VERDE,1063,,0
47,CH,140572,B,19,0,,2.46583,0.73772,0.17053,VERDE,1063,,0
1,LC,111918,D,8,0,,3.71022,0.34919,0.20287,AZUL,1065,0.0,0
45,LC,141261,E,14,0,,2.31367,0.48334,0.18144,AZUL,1065,,0
44,LC,81994,C,12,0,,0.91022,0.76591,0.01172,AZUL,1065,,0
43,LC,78112,E,17,0,,0.76335,0.46065,0.00865,AZUL,1065,,0
42,LC,90238,D,17,0,,1.32058,0.69547,0.07827,AZUL,1065,,0
41,LC,10776,B,17,0,,1.35922,-0.10494,0.00701,AZUL,1065,,0
40,LC,6864,D,16,0,,0.57225,0.0979,0.01556,AZUL,1065,,0
39,LC,54528,E,13,0,,2.90825,2.05309,0.10359,AZUL,1065,,0
38,LC,120368,B,12,0,,3.46434,2.20555,0.0675,AZUL,1065,,0
37,LC,141390,A,30,0,,1.54579,-0.30477,0.00839,AZUL,1065,,0
36,LC,111961,C,2,0,,1.6838,0.70642,0.29621,AZUL,1065,,0
35,LC,140898,C,1,0,,1.69478,2.32558,0.16355,AZUL,1065,,0
34,LC,119767,D,11,0,,2.11177,-0.55865,0.18565,AZUL,1065,,0
33,LC,86703,A,1,0,,2.08922,0.96392,0.23742,AZUL,1065,,0
32,LC,44570,A,3,0,,1.04632,0.65812,0.23788,AZUL,1065,,0
31,LC,89149,A,16,0,,1.05565,0.45772,0.03348,AZUL,1065,,0
30,LC,26545,C,15,0,,4.15101,1.348,0.0928,AZUL,1065,,0
29,LC,111954,D,15,0,,0.78612,1.19878,0.06459,AZUL,1065,,0
28,LC,120626,B,20,0,,0.82491,0.89707,0.03562,AZUL,1065,,0
27,LC,141410,B,21,0,,2.62079,0.2007,0.10693,AZUL,1065,,0
26,LC,96502,C,19,0,,1.14926,-0.51604,0.00912,AZUL,1065,,0
25,LC,141203,C,9,0,,1.71461,-0.15137,0.18763,AZUL,1065,,0
24,LC,141440,E,26,0,,2.72306,0.13273,0.20082,AZUL,1065,,0
23,LC,9716,E,16,0,,0.9036,1.48142,0.05685,AZUL,1065,,0
22,LC,39101,E,22,0,,2.07003,1.19098,0.13567,AZUL,1065,,0
21,LC,140827,B,15,0,,2.05337,0.67994,0.17382,AZUL,1065,,0
20,LC,45201,C,10,0,,2.64453,1.04534,0.13269,AZUL,1065,,0
19,LC,120124,C,9,0,,2.93292,0.03337,0.17638,AZUL,1065,,0
18,LC,67229,A,18,0,,2.64295,1.76932,0.18786,AZUL,1065,,0
17,LC,141464,B,4,0,,0.94658,1.25172,0.21415,AZUL,1065,,0
16,LC,141427,E,3,0,,2.40522,2.28139,0.1137,AZUL,1065,,0
15,LC,111926,B,4,0,,2.48072,0.89717,0.27108,AZUL,1065,,0
14,LC,42940,D,22,0,,1.30734,-0.29879,0.00797,AZUL,1065,,0
13,LC,120622,B,30,0,,2.558,0.65099,0.12178,AZUL,1065,,0
12,LC,42674,B,27,0,,2.26956,0.51892,0.2337,AZUL,1065,,0
11,LC,41810,A,29,0,,0.92958,0.15096,0.01173,AZUL,1065,,0
10,LC,49544,C,28,0,,2.43974,1.15872,0.12513,AZUL,1065,,0
9,LC,66576,A,24,0,,2.66065,-0.7431,0.13295,AZUL,1065,,0
8,LC,118120,A,23,0,,1.53331,2.16698,0.23705,AZUL,1065,,0
7,LC,111929,A,22,0,,2.15283,1.51639,0.20049,AZUL,1065,,0
6,LC,60382,E,25,0,,1.77346,0.68047,0.08704,AZUL,1065,,0
5,LC,140567,A,5,0,,1.95054,-0.11616,0.18874,AZUL,1065,1.0,0
4,LC,140527,A,5,0,,1.12895,-0.11509,0.20583,AZUL,1065,1.0,0
3,LC,76318,C,8,0,,0.56882,1.97791,0.12768,AZUL,1065,1.0,0
2,LC,118252,D,6,0,,1.93731,0.91995,0.14292,AZUL,1065,1.0,0
1,LC,118230,E,7,0,,1.79286,-0.35288,0.09108,AZUL,1065,1.0,0
5,LC,140626,E,6,0,,2.55762,0.57348,0.15419,AZUL,1065,0.0,0
4,LC,140731,D,5,0,,2.88489,0.49591,0.18224,AZUL,1065,0.0,0
3,LC,140767,B,6,0,,4.34313,0.36871,0.44865,AZUL,1065,0.0,0
2,LC,111835,C,7,0,,2.64617,0.79049,0.1896,AZUL,1065,0.0,0
1,LC,140731,D,5,0,,2.88489,0.49591,0.18224,AMARELA,1066,0.0,0
45,LC,120626,B,20,0,,0.82491,0.89707,0.03562,AMARELA,1066,,0
44,LC,141410,B,21,0,,2.62079,0.2007,0.10693,AMARELA,1066,,0
43,LC,96502,C,19,0,,1.14926,-0.51604,0.00912,AMARELA,1066,,0
42,LC,141440,E,26,0,,2.72306,0.13273,0.20082,AMARELA,1066,,0
41,LC,60382,E,25,0,,1.77346,0.68047,0.08704,AMARELA,1066,,0
40,LC,42674,B,27,0,,2.26956,0.51892,0.2337,AMARELA,1066,,0
39,LC,41810,A,29,0,,0.92958,0.15096,0.01173,AMARELA,1066,,0
38,LC,49544,C,28,0,,2.43974,1.15872,0.12513,AMARELA,1066,,0
37,LC,45201,C,10,0,,2.64453,1.04534,0.13269,AMARELA,1066,,0
36,LC,120124,C,9,0,,2.93292,0.03337,0.17638,AMARELA,1066,,0
35,LC,111926,B,4,0,,2.48072,0.89717,0.27108,AMARELA,1066,,0
34,LC,42940,D,22,0,,1.30734,-0.29879,0.00797,AMARELA,1066,,0
33,LC,120622,B,30,0,,2.558,0.65099,0.12178,AMARELA,1066,,0
32,LC,66576,A,24,0,,2.66065,-0.7431,0.13295,AMARELA,1066,,0
31,LC,118120,A,23,0,,1.53331,2.16698,0.23705,AMARELA,1066,,0
30,LC,111929,A,22,0,,2.15283,1.51639,0.20049,AMARELA,1066,,0
29,LC,9716,E,16,0,,0.9036,1.48142,0.05685,AMARELA,1066,,0
28,LC,39101,E,22,0,,2.07003,1.19098,0.13567,AMARELA,1066,,0
27,LC,140827,B,15,0,,2.05337,0.67994,0.17382,AMARELA,1066,,0
26,LC,67229,A,18,0,,2.64295,1.76932,0.18786,AMARELA,1066,,0
25,LC,141464,B,4,0,,0.94658,1.25172,0.21415,AMARELA,1066,,0
24,LC,141427,E,3,0,,2.40522,2.28139,0.1137,AMARELA,1066,,0
23,LC,141261,E,14,0,,2.31367,0.48334,0.18144,AMARELA,1066,,0
22,LC,81994,C,12,0,,0.91022,0.76591,0.01172,AMARELA,1066,,0
21,LC,78112,E,17,0,,0.76335,0.46065,0.00865,AMARELA,1066,,0
20,LC,111961,C,2,0,,1.6838,0.70642,0.29621,AMARELA,1066,,0
19,LC,140898,C,1,0,,1.69478,2.32558,0.16355,AMARELA,1066,,0
18,LC,119767,D,11,0,,2.11177,-0.55865,0.18565,AMARELA,1066,,0
17,LC,86703,A,1,0,,2.08922,0.96392,0.23742,AMARELA,1066,,0
16,LC,44570,A,3,0,,1.04632,0.65812,0.23788,AMARELA,1066,,0
15,LC,89149,A,16,0,,1.05565,0.45772,0.03348,AMARELA,1066,,0
14,LC,26545,C,15,0,,4.15101,1.348,0.0928,AMARELA,1066,,0
13,LC,111954,D,15,0,,0.78612,1.19878,0.06459,AMARELA,1066,,0
12,LC,54528,E,13,0,,2.90825,2.05309,0.10359,AMARELA,1066,,0
11,LC,120368,B,12,0,,3.46434,2.20555,0.0675,AMARELA,1066,,0
10,LC,141390,A,30,0,,1.54579,-0.30477,0.00839,AMARELA,1066,,0
9,LC,141203,C,9,0,,1.71461,-0.15137,0.18763,AMARELA,1066,,0
8,LC,10776,B,17,0,,1.35922,-0.10494,0.00701,AMARELA,1066,,0
7,LC,6864,D,16,0,,0.57225,0.0979,0.01556,AMARELA,1066,,0
6,LC,90238,D,17,0,,1.32058,0.69547,0.07827,AMARELA,1066,,0
5,LC,140527,A,5,0,,1.12895,-0.11509,0.20583,AMARELA,1066,1.0,0
4,LC,140567,A,5,0,,1.95054,-0.11616,0.18874,AMARELA,1066,1.0,0
3,LC,118230,E,7,0,,1.79286,-0.35288,0.09108,AMARELA,1066,1.0,0
2,LC,76318,C,8,0,,0.56882,1.97791,0.12768,AMARELA,1066,1.0,0
1,LC,118252,D,6,0,,1.93731,0.91995,0.14292,AMARELA,1066,1.0,0
5,LC,140767,B,6,0,,4.34313,0.36871,0.44865,AMARELA,1066,0.0,0
4,LC,111918,D,8,0,,3.71022,0.34919,0.20287,AMARELA,1066,0.0,0
3,LC,111835,C,7,0,,2.64617,0.79049,0.1896,AMARELA,1066,0.0,0
2,LC,140626,E,6,0,,2.55762,0.57348,0.15419,AMARELA,1066,0.0,0
1,LC,111835,C,7,0,,2.64617,0.79049,0.1896,ROSA,1067,0.0,0
45,LC,45201,C,10,0,,2.64453,1.04534,0.13269,ROSA,1067,,0
44,LC,120124,C,9,0,,2.93292,0.03337,0.17638,ROSA,1067,,0
43,LC,141203,C,9,0,,1.71461,-0.15137,0.18763,ROSA,1067,,0
42,LC,140898,C,1,0,,1.69478,2.32558,0.16355,ROSA,1067,,0
41,LC,119767,D,11,0,,2.11177,-0.55865,0.18565,ROSA,1067,,0
40,LC,67229,A,18,0,,2.64295,1.76932,0.18786,ROSA,1067,,0
39,LC,141464,B,4,0,,0.94658,1.25172,0.21415,ROSA,1067,,0
38,LC,141427,E,3,0,,2.40522,2.28139,0.1137,ROSA,1067,,0
37,LC,120626,B,20,0,,0.82491,0.89707,0.03562,ROSA,1067,,0
36,LC,141410,B,21,0,,2.62079,0.2007,0.10693,ROSA,1067,,0
35,LC,96502,C,19,0,,1.14926,-0.51604,0.00912,ROSA,1067,,0
34,LC,66576,A,24,0,,2.66065,-0.7431,0.13295,ROSA,1067,,0
33,LC,118120,A,23,0,,1.53331,2.16698,0.23705,ROSA,1067,,0
32,LC,111929,A,22,0,,2.15283,1.51639,0.20049,ROSA,1067,,0
31,LC,141440,E,26,0,,2.72306,0.13273,0.20082,ROSA,1067,,0
30,LC,60382,E,25,0,,1.77346,0.68047,0.08704,ROSA,1067,,0
29,LC,42674,B,27,0,,2.26956,0.51892,0.2337,ROSA,1067,,0
28,LC,41810,A,29,0,,0.92958,0.15096,0.01173,ROSA,1067,,0
27,LC,49544,C,28,0,,2.43974,1.15872,0.12513,ROSA,1067,,0
26,LC,54528,E,13,0,,2.90825,2.05309,0.10359,ROSA,1067,,0
25,LC,120368,B,12,0,,3.46434,2.20555,0.0675,ROSA,1067,,0
24,LC,141390,A,30,0,,1.54579,-0.30477,0.00839,ROSA,1067,,0
23,LC,141261,E,14,0,,2.31367,0.48334,0.18144,ROSA,1067,,0
22,LC,81994,C,12,0,,0.91022,0.76591,0.01172,ROSA,1067,,0
21,LC,78112,E,17,0,,0.76335,0.46065,0.00865,ROSA,1067,,0
20,LC,9716,E,16,0,,0.9036,1.48142,0.05685,ROSA,1067,,0
19,LC,39101,E,22,0,,2.07003,1.19098,0.13567,ROSA,1067,,0
18,LC,140827,B,15,0,,2.05337,0.67994,0.17382,ROSA,1067,,0
17,LC,89149,A,16,0,,1.05565,0.45772,0.03348,ROSA,1067,,0
16,LC,26545,C,15,0,,4.15101,1.348,0.0928,ROSA,1067,,0
15,LC,111954,D,15,0,,0.78612,1.19878,0.06459,ROSA,1067,,0
14,LC,90238,D,17,0,,1.32058,0.69547,0.07827,ROSA,1067,,0
13,LC,10776,B,17,0,,1.35922,-0.10494,0.00701,ROSA,1067,,0
12,LC,6864,D,16,0,,0.57225,0.0979,0.01556,ROSA,1067,,0
11,LC,111926,B,4,0,,2.48072,0.89717,0.27108,ROSA,1067,,0
10,LC,42940,D,22,0,,1.30734,-0.29879,0.00797,ROSA,1067,,0
9,LC,120622,B,30,0,,2.558,0.65099,0.12178,ROSA,1067,,0
8,LC,86703,A,1,0,,2.08922,0.96392,0.23742,ROSA,1067,,0
7,LC,44570,A,3,0,,1.04632,0.65812,0.23788,ROSA,1067,,0
6,LC,111961,C,2,0,,1.6838,0.70642,0.29621,ROSA,1067,,0
5,LC,140567,A,5,0,,1.95054,-0.11616,0.18874,ROSA,1067,1.0,0
4,LC,118230,E,7,0,,1.79286,-0.35288,0.09108,ROSA,1067,1.0,0
3,LC,118252,D,6,0,,1.93731,0.91995,0.14292,ROSA,1067,1.0,0
2,LC,76318,C,8,0,,0.56882,1.97791,0.12768,ROSA,1067,1.0,0
1,LC,140527,A,5,0,,1.12895,-0.11509,0.20583,ROSA,1067,1.0,0
5,LC,140731,D,5,0,,2.88489,0.49591,0.18224,ROSA,1067,0.0,0
4,LC,140626,E,6,0,,2.55762,0.57348,0.15419,ROSA,1067,0.0,0
3,LC,140767,B,6,0,,4.34313,0.36871,0.44865,ROSA,1067,0.0,0
2,LC,111918,D,8,0,,3.71022,0.34919,0.20287,ROSA,1067,0.0,0
1,LC,140767,B,6,0,,4.34313,0.36871,0.44865,BRANCA,1068,0.0,0
45,LC,86703,A,1,0,,2.08922,0.96392,0.23742,BRANCA,1068,,0
44,LC,44570,A,3,0,,1.04632,0.65812,0.23788,BRANCA,1068,,0
43,LC,111926,B,4,0,,2.48072,0.89717,0.27108,BRANCA,1068,,0
42,LC,42940,D,22,0,,1.30734,-0.29879,0.00797,BRANCA,1068,,0
41,LC,120622,B,30,0,,2.558,0.65099,0.12178,BRANCA,1068,,0
40,LC,90238,D,17,0,,1.32058,0.69547,0.07827,BRANCA,1068,,0
39,LC,10776,B,17,0,,1.35922,-0.10494,0.00701,BRANCA,1068,,0
38,LC,6864,D,16,0,,0.57225,0.0979,0.01556,BRANCA,1068,,0
37,LC,89149,A,16,0,,1.05565,0.45772,0.03348,BRANCA,1068,,0
36,LC,26545,C,15,0,,4.15101,1.348,0.0928,BRANCA,1068,,0
35,LC,111954,D,15,0,,0.78612,1.19878,0.06459,BRANCA,1068,,0
34,LC,9716,E,16,0,,0.9036,1.48142,0.05685,BRANCA,1068,,0
33,LC,39101,E,22,0,,2.07003,1.19098,0.13567,BRANCA,1068,,0
32,LC,140827,B,15,0,,2.05337,0.67994,0.17382,BRANCA,1068,,0
31,LC,141261,E,14,0,,2.31367,0.48334,0.18144,BRANCA,1068,,0
30,LC,81994,C,12,0,,0.91022,0.76591,0.01172,BRANCA,1068,,0
29,LC,78112,E,17,0,,0.76335,0.46065,0.00865,BRANCA,1068,,0
28,LC,54528,E,13,0,,2.90825,2.05309,0.10359,BRANCA,1068,,0
27,LC,120368,B,12,0,,3.46434,2.20555,0.0675,BRANCA,1068,,0
26,LC,141390,A,30,0,,1.54579,-0.30477,0.00839,BRANCA,1068,,0
25,LC,42674,B,27,0,,2.26956,0.51892,0.2337,BRANCA,1068,,0
24,LC,41810,A,29,0,,0.92958,0.15096,0.01173,BRANCA,1068,,0
23,LC,49544,C,28,0,,2.43974,1.15872,0.12513,BRANCA,1068,,0
22,LC,141440,E,26,0,,2.72306,0.13273,0.20082,BRANCA,1068,,0
21,LC,60382,E,25,0,,1.77346,0.68047,0.08704,BRANCA,1068,,0
20,LC,66576,A,24,0,,2.66065,-0.7431,0.13295,BRANCA,1068,,0
19,LC,118120,A,23,0,,1.53331,2.16698,0.23705,BRANCA,1068,,0
18,LC,111929,A,22,0,,2.15283,1.51639,0.20049,BRANCA,1068,,0
17,LC,120626,B,20,0,,0.82491,0.89707,0.03562,BRANCA,1068,,0
16,LC,141410,B,21,0,,2.62079,0.2007,0.10693,BRANCA,1068,,0
15,LC,96502,C,19,0,,1.14926,-0.51604,0.00912,BRANCA,1068,,0
14,LC,67229,A,18,0,,2.64295,1.76932,0.18786,BRANCA,1068,,0
13,LC,141464,B,4,0,,0.94658,1.25172,0.21415,BRANCA,1068,,0
12,LC,141427,E,3,0,,2.40522,2.28139,0.1137,BRANCA,1068,,0
11,LC,111961,C,2,0,,1.6838,0.70642,0.29621,BRANCA,1068,,0
10,LC,140898,C,1,0,,1.69478,2.32558,0.16355,BRANCA,1068,,0
9,LC,119767,D,11,0,,2.11177,-0.55865,0.18565,BRANCA,1068,,0
8,LC,45201,C,10,0,,2.64453,1.04534,0.13269,BRANCA,1068,,0
7,LC,120124,C,9,0,,2.93292,0.03337,0.17638,BRANCA,1068,,0
6,LC,141203,C,9,0,,1.71461,-0.15137,0.18763,BRANCA,1068,,0
5,LC,118230,E,7,0,,1.79286,-0.35288,0.09108,BRANCA,1068,1.0,0
4,LC,76318,C,8,0,,0.56882,1.97791,0.12768,BRANCA,1068,1.0,0
3,LC,118252,D,6,0,,1.93731,0.91995,0.14292,BRANCA,1068,1.0,0
2,LC,140527,A,5,0,,1.12895,-0.11509,0.20583,BRANCA,1068,1.0,0
1,LC,140567,A,5,0,,1.95054,-0.11616,0.18874,BRANCA,1068,1.0,0
5,LC,111918,D,8,0,,3.71022,0.34919,0.20287,BRANCA,1068,0.0,0
4,LC,111835,C,7,0,,2.64617,0.79049,0.1896,BRANCA,1068,0.0,0
3,LC,140626,E,6,0,,2.55762,0.57348,0.15419,BRANCA,1068,0.0,0
2,LC,140731,D,5,0,,2.88489,0.49591,0.18224,BRANCA,1068,0.0,0
1,LC,140767,B,6,0,,4.34313,0.36871,0.44865,BRANCA,1069,0.0,0
45,LC,86703,A,1,0,,2.08922,0.96392,0.23742,BRANCA,1069,,0
44,LC,44570,A,3,0,,1.04632,0.65812,0.23788,BRANCA,1069,,0
43,LC,111926,B,4,0,,2.48072,0.89717,0.27108,BRANCA,1069,,0
42,LC,42940,D,22,0,,1.30734,-0.29879,0.00797,BRANCA,1069,,0
41,LC,120622,B,30,0,,2.558,0.65099,0.12178,BRANCA,1069,,0
40,LC,90238,D,17,0,,1.32058,0.69547,0.07827,BRANCA,1069,,0
39,LC,10776,B,17,0,,1.35922,-0.10494,0.00701,BRANCA,1069,,0
38,LC,6864,D,16,0,,0.57225,0.0979,0.01556,BRANCA,1069,,0
37,LC,89149,A,16,0,,1.05565,0.45772,0.03348,BRANCA,1069,,0
36,LC,26545,C,15,0,,4.15101,1.348,0.0928,BRANCA,1069,,0
35,LC,111954,D,15,0,,0.78612,1.19878,0.06459,BRANCA,1069,,0
34,LC,9716,E,16,0,,0.9036,1.48142,0.05685,BRANCA,1069,,0
33,LC,39101,E,22,0,,2.07003,1.19098,0.13567,BRANCA,1069,,0
32,LC,140827,B,15,0,,2.05337,0.67994,0.17382,BRANCA,1069,,0
31,LC,141261,E,14,0,,2.31367,0.48334,0.18144,BRANCA,1069,,0
30,LC,81994,C,12,0,,0.91022,0.76591,0.01172,BRANCA,1069,,0
29,LC,78112,E,17,0,,0.76335,0.46065,0.00865,BRANCA,1069,,0
28,LC,54528,E,13,0,,2.90825,2.05309,0.10359,BRANCA,1069,,0
27,LC,120368,B,12,0,,3.46434,2.20555,0.0675,BRANCA,1069,,0
26,LC,141390,A,30,0,,1.54579,-0.30477,0.00839,BRANCA,1069,,0
25,LC,42674,B,27,0,,2.26956,0.51892,0.2337,BRANCA,1069,,0
24,LC,41810,A,29,0,,0.92958,0.15096,0.01173,BRANCA,1069,,0
23,LC,49544,C,28,0,,2.43974,1.15872,0.12513,BRANCA,1069,,0
22,LC,141440,E,26,0,,2.72306,0.13273,0.20082,BRANCA,1069,,0
21,LC,60382,E,25,0,,1.77346,0.68047,0.08704,BRANCA,1069,,0
20,LC,66576,A,24,0,,2.66065,-0.7431,0.13295,BRANCA,1069,,0
19,LC,118120,A,23,0,,1.53331,2.16698,0.23705,BRANCA,1069,,0
18,LC,111929,A,22,0,,2.15283,1.51639,0.20049,BRANCA,1069,,0
17,LC,120626,B,20,0,,0.82491,0.89707,0.03562,BRANCA,1069,,0
16,LC,141410,B,21,0,,2.62079,0.2007,0.10693,BRANCA,1069,,0
15,LC,96502,C,19,0,,1.14926,-0.51604,0.00912,BRANCA,1069,,0
14,LC,67229,A,18,0,,2.64295,1.76932,0.18786,BRANCA,1069,,0
13,LC,141464,B,4,0,,0.94658,1.25172,0.21415,BRANCA,1069,,0
12,LC,141427,E,3,0,,2.40522,2.28139,0.1137,BRANCA,1069,,0
11,LC,111961,C,2,0,,1.6838,0.70642,0.29621,BRANCA,1069,,0
10,LC,140898,C,1,0,,1.69478,2.32558,0.16355,BRANCA,1069,,0
9,LC,119767,D,11,0,,2.11177,-0.55865,0.18565,BRANCA,1069,,0
8,LC,45201,C,10,0,,2.64453,1.04534,0.13269,BRANCA,1069,,0
7,LC,120124,C,9,0,,2.93292,0.03337,0.17638,BRANCA,1069,,0
6,LC,141203,C,9,0,,1.71461,-0.15137,0.18763,BRANCA,1069,,0
5,LC,118230,E,7,0,,1.79286,-0.35288,0.09108,BRANCA,1069,1.0,0
4,LC,76318,C,8,0,,0.56882,1.97791,0.12768,BRANCA,1069,1.0,0
3,LC,118252,D,6,0,,1.93731,0.91995,0.14292,BRANCA,1069,1.0,0
2,LC,140527,A,5,0,,1.12895,-0.11509,0.20583,BRANCA,1069,1.0,0
1,LC,140567,A,5,0,,1.95054,-0.11616,0.18874,BRANCA,1069,1.0,0
5,LC,111918,D,8,0,,3.71022,0.34919,0.20287,BRANCA,1069,0.0,0
4,LC,111835,C,7,0,,2.64617,0.79049,0.1896,BRANCA,1069,0.0,0
3,LC,140626,E,6,0,,2.55762,0.57348,0.15419,BRANCA,1069,0.0,0
2,LC,140731,D,5,0,,2.88489,0.49591,0.18224,BRANCA,1069,0.0,0
1,LC,140767,B,6,0,,4.34313,0.36871,0.44865,BRANCA,1070,0.0,0
45,LC,86703,A,1,0,,2.08922,0.96392,0.23742,BRANCA,1070,,0
44,LC,44570,A,3,0,,1.04632,0.65812,0.23788,BRANCA,1070,,0
43,LC,111926,B,4,0,,2.48072,0.89717,0.27108,BRANCA,1070,,0
42,LC,42940,D,22,0,,1.30734,-0.29879,0.00797,BRANCA,1070,,0
41,LC,120622,B,30,0,,2.558,0.65099,0.12178,BRANCA,1070,,0
40,LC,90238,D,17,0,,1.32058,0.69547,0.07827,BRANCA,1070,,0
39,LC,10776,B,17,0,,1.35922,-0.10494,0.00701,BRANCA,1070,,0
38,LC,6864,D,16,0,,0.57225,0.0979,0.01556,BRANCA,1070,,0
37,LC,89149,A,16,0,,1.05565,0.45772,0.03348,BRANCA,1070,,0
36,LC,26545,C,15,0,,4.15101,1.348,0.0928,BRANCA,1070,,0
35,LC,111954,D,15,0,,0.78612,1.19878,0.06459,BRANCA,1070,,0
34,LC,9716,E,16,0,,0.9036,1.48142,0.05685,BRANCA,1070,,0
33,LC,39101,E,22,0,,2.07003,1.19098,0.13567,BRANCA,1070,,0
32,LC,140827,B,15,0,,2.05337,0.67994,0.17382,BRANCA,1070,,0
31,LC,141261,E,14,0,,2.31367,0.48334,0.18144,BRANCA,1070,,0
30,LC,81994,C,12,0,,0.91022,0.76591,0.01172,BRANCA,1070,,0
29,LC,78112,E,17,0,,0.76335,0.46065,0.00865,BRANCA,1070,,0
28,LC,54528,E,13,0,,2.90825,2.05309,0.10359,BRANCA,1070,,0
27,LC,120368,B,12,0,,3.46434,2.20555,0.0675,BRANCA,1070,,0
26,LC,141390,A,30,0,,1.54579,-0.30477,0.00839,BRANCA,1070,,0
25,LC,42674,B,27,0,,2.26956,0.51892,0.2337,BRANCA,1070,,0
24,LC,41810,A,29,0,,0.92958,0.15096,0.01173,BRANCA,1070,,0
23,LC,49544,C,28,0,,2.43974,1.15872,0.12513,BRANCA,1070,,0
22,LC,141440,E,26,0,,2.72306,0.13273,0.20082,BRANCA,1070,,0
21,LC,60382,E,25,0,,1.77346,0.68047,0.08704,BRANCA,1070,,0
20,LC,66576,A,24,0,,2.66065,-0.7431,0.13295,BRANCA,1070,,0
19,LC,118120,A,23,0,,1.53331,2.16698,0.23705,BRANCA,1070,,0
18,LC,111929,A,22,0,,2.15283,1.51639,0.20049,BRANCA,1070,,0
17,LC,120626,B,20,0,,0.82491,0.89707,0.03562,BRANCA,1070,,0
16,LC,141410,B,21,0,,2.62079,0.2007,0.10693,BRANCA,1070,,0
15,LC,96502,C,19,0,,1.14926,-0.51604,0.00912,BRANCA,1070,,0
14,LC,67229,A,18,0,,2.64295,1.76932,0.18786,BRANCA,1070,,0
13,LC,141464,B,4,0,,0.94658,1.25172,0.21415,BRANCA,1070,,0
12,LC,141427,E,3,0,,2.40522,2.28139,0.1137,BRANCA,1070,,0
11,LC,111961,C,2,0,,1.6838,0.70642,0.29621,BRANCA,1070,,0
10,LC,140898,C,1,0,,1.69478,2.32558,0.16355,BRANCA,1070,,0
9,LC,119767,D,11,0,,2.11177,-0.55865,0.18565,BRANCA,1070,,0
8,LC,45201,C,10,0,,2.64453,1.04534,0.13269,BRANCA,1070,,0
7,LC,120124,C,9,0,,2.93292,0.03337,0.17638,BRANCA,1070,,0
6,LC,141203,C,9,0,,1.71461,-0.15137,0.18763,BRANCA,1070,,0
5,LC,118230,E,7,0,,1.79286,-0.35288,0.09108,BRANCA,1070,1.0,0
4,LC,76318,C,8,0,,0.56882,1.97791,0.12768,BRANCA,1070,1.0,0
3,LC,118252,D,6,0,,1.93731,0.91995,0.14292,BRANCA,1070,1.0,0
2,LC,140527,A,5,0,,1.12895,-0.11509,0.20583,BRANCA,1070,1.0,0
1,LC,140567,A,5,0,,1.95054,-0.11616,0.18874,BRANCA,1070,1.0,0
5,LC,111918,D,8,0,,3.71022,0.34919,0.20287,BRANCA,1070,0.0,0
4,LC,111835,C,7,0,,2.64617,0.79049,0.1896,BRANCA,1070,0.0,0
3,LC,140626,E,6,0,,2.55762,0.57348,0.15419,BRANCA,1070,0.0,0
2,LC,140731,D,5,0,,2.88489,0.49591,0.18224,BRANCA,1070,0.0,0
1,LC,140767,B,6,0,,4.34313,0.36871,0.44865,LARANJA,1071,0.0,0
45,LC,86703,A,1,0,,2.08922,0.96392,0.23742,LARANJA,1071,,0
44,LC,44570,A,3,0,,1.04632,0.65812,0.23788,LARANJA,1071,,0
43,LC,111926,B,4,0,,2.48072,0.89717,0.27108,LARANJA,1071,,0
42,LC,42940,D,22,0,,1.30734,-0.29879,0.00797,LARANJA,1071,,0
41,LC,120622,B,30,0,,2.558,0.65099,0.12178,LARANJA,1071,,0
40,LC,90238,D,17,0,,1.32058,0.69547,0.07827,LARANJA,1071,,0
39,LC,10776,B,17,0,,1.35922,-0.10494,0.00701,LARANJA,1071,,0
38,LC,6864,D,16,0,,0.57225,0.0979,0.01556,LARANJA,1071,,0
37,LC,89149,A,16,0,,1.05565,0.45772,0.03348,LARANJA,1071,,0
36,LC,26545,C,15,0,,4.15101,1.348,0.0928,LARANJA,1071,,0
35,LC,111954,D,15,0,,0.78612,1.19878,0.06459,LARANJA,1071,,0
34,LC,9716,E,16,0,,0.9036,1.48142,0.05685,LARANJA,1071,,0
33,LC,39101,E,22,0,,2.07003,1.19098,0.13567,LARANJA,1071,,0
32,LC,140827,B,15,0,,2.05337,0.67994,0.17382,LARANJA,1071,,0
31,LC,141261,E,14,0,,2.31367,0.48334,0.18144,LARANJA,1071,,0
30,LC,81994,C,12,0,,0.91022,0.76591,0.01172,LARANJA,1071,,0
29,LC,78112,E,17,0,,0.76335,0.46065,0.00865,LARANJA,1071,,0
28,LC,54528,E,13,0,,2.90825,2.05309,0.10359,LARANJA,1071,,0
27,LC,120368,B,12,0,,3.46434,2.20555,0.0675,LARANJA,1071,,0
26,LC,141390,A,30,0,,1.54579,-0.30477,0.00839,LARANJA,1071,,0
25,LC,42674,B,27,0,,2.26956,0.51892,0.2337,LARANJA,1071,,0
24,LC,41810,A,29,0,,0.92958,0.15096,0.01173,LARANJA,1071,,0
23,LC,49544,C,28,0,,2.43974,1.15872,0.12513,LARANJA,1071,,0
22,LC,141440,E,26,0,,2.72306,0.13273,0.20082,LARANJA,1071,,0
21,LC,60382,E,25,0,,1.77346,0.68047,0.08704,LARANJA,1071,,0
20,LC,66576,A,24,0,,2.66065,-0.7431,0.13295,LARANJA,1071,,0
19,LC,118120,A,23,0,,1.53331,2.16698,0.23705,LARANJA,1071,,0
18,LC,111929,A,22,0,,2.15283,1.51639,0.20049,LARANJA,1071,,0
17,LC,120626,B,20,0,,0.82491,0.89707,0.03562,LARANJA,1071,,0
16,LC,141410,B,21,0,,2.62079,0.2007,0.10693,LARANJA,1071,,0
15,LC,96502,C,19,0,,1.14926,-0.51604,0.00912,LARANJA,1071,,0
14,LC,67229,A,18,0,,2.64295,1.76932,0.18786,LARANJA,1071,,0
13,LC,141464,B,4,0,,0.94658,1.25172,0.21415,LARANJA,1071,,0
12,LC,141427,E,3,0,,2.40522,2.28139,0.1137,LARANJA,1071,,0
11,LC,111961,C,2,0,,1.6838,0.70642,0.29621,LARANJA,1071,,0
10,LC,140898,C,1,0,,1.69478,2.32558,0.16355,LARANJA,1071,,0
9,LC,119767,D,11,0,,2.11177,-0.55865,0.18565,LARANJA,1071,,0
8,LC,45201,C,10,0,,2.64453,1.04534,0.13269,LARANJA,1071,,0
7,LC,120124,C,9,0,,2.93292,0.03337,0.17638,LARANJA,1071,,0
6,LC,141203,C,9,0,,1.71461,-0.15137,0.18763,LARANJA,1071,,0
5,LC,118230,E,7,0,,1.79286,-0.35288,0.09108,LARANJA,1071,1.0,0
4,LC,76318,C,8,0,,0.56882,1.97791,0.12768,LARANJA,1071,1.0,0
3,LC,118252,D,6,0,,1.93731,0.91995,0.14292,LARANJA,1071,1.0,0
2,LC,140527,A,5,0,,1.12895,-0.11509,0.20583,LARANJA,1071,1.0,0
1,LC,140567,A,5,0,,1.95054,-0.11616,0.18874,LARANJA,1071,1.0,0
5,LC,111918,D,8,0,,3.71022,0.34919,0.20287,LARANJA,1071,0.0,0
4,LC,111835,C,7,0,,2.64617,0.79049,0.1896,LARANJA,1071,0.0,0
3,LC,140626,E,6,0,,2.55762,0.57348,0.15419,LARANJA,1071,0.0,0
2,LC,140731,D,5,0,,2.88489,0.49591,0.18224,LARANJA,1071,0.0,0
1,LC,140767,B,6,0,,4.34313,0.36871,0.44865,LARANJA,1072,0.0,1
45,LC,86703,A,1,0,,2.08922,0.96392,0.23742,LARANJA,1072,,1
44,LC,44570,A,3,0,,1.04632,0.65812,0.23788,LARANJA,1072,,1
43,LC,111926,B,4,0,,2.48072,0.89717,0.27108,LARANJA,1072,,1
42,LC,42940,D,22,0,,1.30734,-0.29879,0.00797,LARANJA,1072,,1
41,LC,120622,B,30,0,,2.558,0.65099,0.12178,LARANJA,1072,,1
40,LC,90238,D,17,0,,1.32058,0.69547,0.07827,LARANJA,1072,,1
39,LC,10776,B,17,0,,1.35922,-0.10494,0.00701,LARANJA,1072,,1
38,LC,6864,D,16,0,,0.57225,0.0979,0.01556,LARANJA,1072,,1
37,LC,89149,A,16,0,,1.05565,0.45772,0.03348,LARANJA,1072,,1
36,LC,26545,C,15,0,,4.15101,1.348,0.0928,LARANJA,1072,,1
35,LC,111954,D,15,0,,0.78612,1.19878,0.06459,LARANJA,1072,,1
34,LC,9716,E,16,0,,0.9036,1.48142,0.05685,LARANJA,1072,,1
33,LC,39101,E,22,0,,2.07003,1.19098,0.13567,LARANJA,1072,,1
32,LC,140827,B,15,0,,2.05337,0.67994,0.17382,LARANJA,1072,,1
31,LC,141261,E,14,0,,2.31367,0.48334,0.18144,LARANJA,1072,,1
30,LC,81994,C,12,0,,0.91022,0.76591,0.01172,LARANJA,1072,,1
29,LC,78112,E,17,0,,0.76335,0.46065,0.00865,LARANJA,1072,,1
28,LC,54528,E,13,0,,2.90825,2.05309,0.10359,LARANJA,1072,,1
27,LC,120368,B,12,0,,3.46434,2.20555,0.0675,LARANJA,1072,,1
26,LC,141390,A,30,0,,1.54579,-0.30477,0.00839,LARANJA,1072,,1
25,LC,42674,B,27,0,,2.26956,0.51892,0.2337,LARANJA,1072,,1
24,LC,41810,A,29,0,,0.92958,0.15096,0.01173,LARANJA,1072,,1
23,LC,49544,C,28,0,,2.43974,1.15872,0.12513,LARANJA,1072,,1
22,LC,141440,E,26,0,,2.72306,0.13273,0.20082,LARANJA,1072,,1
21,LC,60382,E,25,0,,1.77346,0.68047,0.08704,LARANJA,1072,,1
20,LC,66576,A,24,0,,2.66065,-0.7431,0.13295,LARANJA,1072,,1
19,LC,118120,A,23,0,,1.53331,2.16698,0.23705,LARANJA,1072,,1
18,LC,111929,A,22,0,,2.15283,1.51639,0.20049,LARANJA,1072,,1
17,LC,120626,B,20,0,,0.82491,0.89707,0.03562,LARANJA,1072,,1
16,LC,141410,B,21,0,,2.62079,0.2007,0.10693,LARANJA,1072,,1
15,LC,96502,C,19,0,,1.14926,-0.51604,0.00912,LARANJA,1072,,1
14,LC,67229,A,18,0,,2.64295,1.76932,0.18786,LARANJA,1072,,1
13,LC,141464,B,4,0,,0.94658,1.25172,0.21415,LARANJA,1072,,1
12,LC,141427,E,3,0,,2.40522,2.28139,0.1137,LARANJA,1072,,1
11,LC,111961,C,2,0,,1.6838,0.70642,0.29621,LARANJA,1072,,1
10,LC,140898,C,1,0,,1.69478,2.32558,0.16355,LARANJA,1072,,1
9,LC,119767,D,11,0,,2.11177,-0.55865,0.18565,LARANJA,1072,,1
8,LC,45201,C,10,0,,2.64453,1.04534,0.13269,LARANJA,1072,,1
7,LC,120124,C,9,0,,2.93292,0.03337,0.17638,LARANJA,1072,,1
6,LC,141203,C,9,0,,1.71461,-0.15137,0.18763,LARANJA,1072,,1
5,LC,118230,E,7,0,,1.79286,-0.35288,0.09108,LARANJA,1072,1.0,1
4,LC,76318,C,8,0,,0.56882,1.97791,0.12768,LARANJA,1072,1.0,1
3,LC,118252,D,6,0,,1.93731,0.91995,0.14292,LARANJA,1072,1.0,1
2,LC,140527,A,5,0,,1.12895,-0.11509,0.20583,LARANJA,1072,1.0,1
1,LC,140567,A,5,0,,1.95054,-0.11616,0.18874,LARANJA,1072,1.0,1
5,LC,111918,D,8,0,,3.71022,0.34919,0.20287,LARANJA,1072,0.0,1
4,LC,111835,C,7,0,,2.64617,0.79049,0.1896,LARANJA,1072,0.0,1
3,LC,140626,E,6,0,,2.55762,0.57348,0.15419,LARANJA,1072,0.0,1
2,LC,140731,D,5,0,,2.88489,0.49591,0.18224,LARANJA,1072,0.0,1
1,LC,140767,B,6,0,,4.34313,0.36871,0.44865,VERDE,1073,0.0,0
45,LC,86703,A,1,0,,2.08922,0.96392,0.23742,VERDE,1073,,0
44,LC,44570,A,3,0,,1.04632,0.65812,0.23788,VERDE,1073,,0
43,LC,111926,B,4,0,,2.48072,0.89717,0.27108,VERDE,1073,,0
42,LC,42940,D,22,0,,1.30734,-0.29879,0.00797,VERDE,1073,,0
41,LC,120622,B,30,0,,2.558,0.65099,0.12178,VERDE,1073,,0
40,LC,90238,D,17,0,,1.32058,0.69547,0.07827,VERDE,1073,,0
39,LC,10776,B,17,0,,1.35922,-0.10494,0.00701,VERDE,1073,,0
38,LC,6864,D,16,0,,0.57225,0.0979,0.01556,VERDE,1073,,0
37,LC,89149,A,16,0,,1.05565,0.45772,0.03348,VERDE,1073,,0
36,LC,26545,C,15,0,,4.15101,1.348,0.0928,VERDE,1073,,0
35,LC,111954,D,15,0,,0.78612,1.19878,0.06459,VERDE,1073,,0
34,LC,9716,E,16,0,,0.9036,1.48142,0.05685,VERDE,1073,,0
33,LC,39101,E,22,0,,2.07003,1.19098,0.13567,VERDE,1073,,0
32,LC,140827,B,15,0,,2.05337,0.67994,0.17382,VERDE,1073,,0
31,LC,141261,E,14,0,,2.31367,0.48334,0.18144,VERDE,1073,,0
30,LC,81994,C,12,0,,0.91022,0.76591,0.01172,VERDE,1073,,0
29,LC,78112,E,17,0,,0.76335,0.46065,0.00865,VERDE,1073,,0
28,LC,54528,E,13,0,,2.90825,2.05309,0.10359,VERDE,1073,,0
27,LC,120368,B,12,0,,3.46434,2.20555,0.0675,VERDE,1073,,0
26,LC,141390,A,30,0,,1.54579,-0.30477,0.00839,VERDE,1073,,0
25,LC,42674,B,27,0,,2.26956,0.51892,0.2337,VERDE,1073,,0
24,LC,111914,B,27,0,,1.9785,1.39346,0.13905,VERDE,1073,,0
23,LC,49544,C,28,0,,2.43974,1.15872,0.12513,VERDE,1073,,0
22,LC,141440,E,26,0,,2.72306,0.13273,0.20082,VERDE,1073,,0
21,LC,9678,E,28,0,,0.762,-0.54,0.211,VERDE,1073,,0
20,LC,66576,A,24,0,,2.66065,-0.7431,0.13295,VERDE,1073,,0
19,LC,118120,A,23,0,,1.53331,2.16698,0.23705,VERDE,1073,,0
18,LC,111929,A,22,0,,2.15283,1.51639,0.20049,VERDE,1073,,0
17,LC,120626,B,20,0,,0.82491,0.89707,0.03562,VERDE,1073,,0
16,LC,141410,B,21,0,,2.62079,0.2007,0.10693,VERDE,1073,,0
15,LC,96502,C,19,0,,1.14926,-0.51604,0.00912,VERDE,1073,,0
14,LC,16785,D,16,0,,3.4921,1.90341,0.29385,VERDE,1073,,0
13,LC,141210,C,11,0,,1.84818,-0.09954,0.1972,VERDE,1073,,0
12,LC,141427,E,3,0,,2.40522,2.28139,0.1137,VERDE,1073,,0
11,LC,111961,C,2,0,,1.6838,0.70642,0.29621,VERDE,1073,,0
10,LC,140898,C,1,0,,1.69478,2.32558,0.16355,VERDE,1073,,0
9,LC,119767,D,11,0,,2.11177,-0.55865,0.18565,VERDE,1073,,0
8,LC,45201,C,10,0,,2.64453,1.04534,0.13269,VERDE,1073,,0
7,LC,120124,C,9,0,,2.93292,0.03337,0.17638,VERDE,1073,,0
6,LC,141203,C,9,0,,1.71461,-0.15137,0.18763,VERDE,1073,,0
5,LC,118230,E,7,0,,1.79286,-0.35288,0.09108,VERDE,1073,1.0,0
4,LC,76318,C,8,0,,0.56882,1.97791,0.12768,VERDE,1073,1.0,0
3,LC,118252,D,6,0,,1.93731,0.91995,0.14292,VERDE,1073,1.0,0
2,LC,140527,A,5,0,,1.12895,-0.11509,0.20583,VERDE,1073,1.0,0
1,LC,140567,A,5,0,,1.95054,-0.11616,0.18874,VERDE,1073,1.0,0
5,LC,111918,D,8,0,,3.71022,0.34919,0.20287,VERDE,1073,0.0,0
4,LC,111835,C,7,0,,2.64617,0.79049,0.1896,VERDE,1073,0.0,0
3,LC,140626,E,6,0,,2.55762,0.57348,0.15419,VERDE,1073,0.0,0
2,LC,140731,D,5,0,,2.88489,0.49591,0.18224,VERDE,1073,0.0,0
136,MT,97590,E,25,0,,2.33252,2.40899,0.14217,AZUL,1075,,0
180,MT,10409,E,6,0,,1.66982,2.03629,0.24595,AZUL,1075,,0
179,MT,85588,B,24,0,,2.30031,0.46698,0.25799,AZUL,1075,,0
178,MT,19807,E,12,0,,4.1583,2.56697,0.06542,AZUL,1075,,0
177,MT,95676,A,26,0,,1.32325,0.64802,0.18728,AZUL,1075,,0
176,MT,117886,D,9,0,,0.4443,6.27505,0.1251,AZUL,1075,,0
175,MT,60441,E,1,0,,1.42701,-0.02398,0.11013,AZUL,1075,,0
174,MT,14797,D,8,0,,2.93886,2.57768,0.12028,AZUL,1075,,0
173,MT,30327,D,25,0,,2.81078,0.63977,0.16335,AZUL,1075,,0
172,MT,117742,B,13,0,,0.65574,2.58862,0.1651,AZUL,1075,,0
171,MT,96315,A,29,0,,1.69166,0.87454,0.20606,AZUL,1075,,0
170,MT,68123,B,26,0,,2.18973,1.32978,0.04601,AZUL,1075,,0
169,MT,63204,E,9,0,,3.78296,1.88956,0.14444,AZUL,1075,,0
168,MT,10322,C,6,0,,1.53551,0.94716,0.1917,AZUL,1075,,0
167,MT,68369,A,4,0,,2.57245,1.58603,0.10176,AZUL,1075,,0
166,MT,31516,A,20,0,,1.50662,1.77699,0.15235,AZUL,1075,,0
165,MT,82581,A,10,0,,1.90672,2.301,0.10655,AZUL,1075,,0
164,MT,117877,B,12,0,,2.65709,1.6446,0.20086,AZUL,1075,,0
163,MT,32369,D,30,0,,3.12341,2.40384,0.16659,AZUL,1075,,0
162,MT,111516,C,24,0,,1.82335,1.38103,0.13879,AZUL,1075,,0
161,MT,28683,A,11,0,,3.13149,2.33341,0.21903,AZUL,1075,,0
160,MT,8364,A,6,0,,0.89111,2.43206,0.25086,AZUL,1075,,0
159,MT,85013,B,2,0,,2.17147,2.5423,0.1841,AZUL,1075,,0
158,MT,53461,C,23,0,,2.67778,2.3731,0.20523,AZUL,1075,,0
157,MT,39443,X,19,1,anulado pedagogicamente,,,,AZUL,1075,,0
156,MT,63646,C,7,0,,0.79395,2.40685,0.1129,AZUL,1075,,0
155,MT,47309,B,2,0,,0.92146,2.16924,0.15718,AZUL,1075,,0
154,MT,43182,C,3,0,,2.19381,1.56693,0.1302,AZUL,1075,,0
153,MT,86466,C,14,0,,2.96283,2.44795,0.21497,AZUL,1075,,0
152,MT,85228,C,18,0,,2.1343,3.73781,0.24053,AZUL,1075,,0
151,MT,30053,C,17,0,,1.73381,2.02109,0.14967,AZUL,1075,,0
150,MT,85343,D,22,0,,2.13479,3.22198,0.12748,AZUL,1075,,0
149,MT,111738,B,27,0,,2.64614,2.2135,0.24887,AZUL,1075,,0
148,MT,61248,D,15,0,,2.61757,2.2515,0.1851,AZUL,1075,,0
147,MT,117820,C,17,0,,0.48694,4.48651,0.14739,AZUL,1075,,0
146,MT,95509,E,21,0,,2.27997,2.41531,0.11329,AZUL,1075,,0
145,MT,117651,E,18,0,,0.51115,2.58401,0.0088,AZUL,1075,,0
144,MT,75829,C,1,0,,1.18017,1.92189,0.16856,AZUL,1075,,0
143,MT,5961,D,7,0,,0.9032,2.45135,0.1617,AZUL,1075,,0
142,MT,86499,B,5,0,,2.93676,3.33565,0.21207,AZUL,1075,,0
141,MT,89637,E,28,1,Convergncia,,,,AZUL,1075,,0
140,MT,10500,B,3,0,,1.57712,3.30111,0.16855,AZUL,1075,,0
139,MT,117973,A,11,0,,1.87291,2.86025,0.18347,AZUL,1075,,0
138,MT,30493,D,27,0,,0.80375,2.27556,0.12859,AZUL,1075,,0
137,MT,86840,C,28,0,,0.24441,4.65334,0.03228,AZUL,1075,,0
136,MT,32369,D,30,0,,3.12341,2.40384,0.16659,AMARELA,1076,,0
180,MT,111516,C,24,0,,1.82335,1.38103,0.13879,AMARELA,1076,,0
179,MT,28683,A,11,0,,3.13149,2.33341,0.21903,AMARELA,1076,,0
178,MT,8364,A,6,0,,0.89111,2.43206,0.25086,AMARELA,1076,,0
177,MT,85013,B,2,0,,2.17147,2.5423,0.1841,AMARELA,1076,,0
176,MT,53461,C,23,0,,2.67778,2.3731,0.20523,AMARELA,1076,,0
175,MT,39443,X,19,1,anulado pedagogicamente,,,,AMARELA,1076,,0
174,MT,85343,D,22,0,,2.13479,3.22198,0.12748,AMARELA,1076,,0
173,MT,111738,B,27,0,,2.64614,2.2135,0.24887,AMARELA,1076,,0
172,MT,61248,D,15,0,,2.61757,2.2515,0.1851,AMARELA,1076,,0
171,MT,85228,C,18,0,,2.1343,3.73781,0.24053,AMARELA,1076,,0
170,MT,30053,C,17,0,,1.73381,2.02109,0.14967,AMARELA,1076,,0
169,MT,14797,D,8,0,,2.93886,2.57768,0.12028,AMARELA,1076,,0
168,MT,30327,D,25,0,,2.81078,0.63977,0.16335,AMARELA,1076,,0
167,MT,117742,B,13,0,,0.65574,2.58862,0.1651,AMARELA,1076,,0
166,MT,96315,A,29,0,,1.69166,0.87454,0.20606,AMARELA,1076,,0
165,MT,10409,E,6,0,,1.66982,2.03629,0.24595,AMARELA,1076,,0
164,MT,85588,B,24,0,,2.30031,0.46698,0.25799,AMARELA,1076,,0
163,MT,63646,C,7,0,,0.79395,2.40685,0.1129,AMARELA,1076,,0
162,MT,89637,E,28,1,Convergncia,,,,AMARELA,1076,,0
161,MT,10500,B,3,0,,1.57712,3.30111,0.16855,AMARELA,1076,,0
160,MT,117973,A,11,0,,1.87291,2.86025,0.18347,AMARELA,1076,,0
159,MT,75829,C,1,0,,1.18017,1.92189,0.16856,AMARELA,1076,,0
158,MT,5961,D,7,0,,0.9032,2.45135,0.1617,AMARELA,1076,,0
157,MT,86499,B,5,0,,2.93676,3.33565,0.21207,AMARELA,1076,,0
156,MT,117820,C,17,0,,0.48694,4.48651,0.14739,AMARELA,1076,,0
155,MT,95509,E,21,0,,2.27997,2.41531,0.11329,AMARELA,1076,,0
154,MT,117651,E,18,0,,0.51115,2.58401,0.0088,AMARELA,1076,,0
153,MT,30493,D,27,0,,0.80375,2.27556,0.12859,AMARELA,1076,,0
152,MT,86840,C,28,0,,0.24441,4.65334,0.03228,AMARELA,1076,,0
151,MT,97590,E,25,0,,2.33252,2.40899,0.14217,AMARELA,1076,,0
150,MT,47309,B,2,0,,0.92146,2.16924,0.15718,AMARELA,1076,,0
149,MT,43182,C,3,0,,2.19381,1.56693,0.1302,AMARELA,1076,,0
148,MT,86466,C,14,0,,2.96283,2.44795,0.21497,AMARELA,1076,,0
147,MT,19807,E,12,0,,4.1583,2.56697,0.06542,AMARELA,1076,,0
146,MT,95676,A,26,0,,1.32325,0.64802,0.18728,AMARELA,1076,,0
145,MT,117886,D,9,0,,0.4443,6.27505,0.1251,AMARELA,1076,,0
144,MT,60441,E,1,0,,1.42701,-0.02398,0.11013,AMARELA,1076,,0
143,MT,68123,B,26,0,,2.18973,1.32978,0.04601,AMARELA,1076,,0
142,MT,63204,E,9,0,,3.78296,1.88956,0.14444,AMARELA,1076,,0
141,MT,10322,C,6,0,,1.53551,0.94716,0.1917,AMARELA,1076,,0
140,MT,68369,A,4,0,,2.57245,1.58603,0.10176,AMARELA,1076,,0
139,MT,31516,A,20,0,,1.50662,1.77699,0.15235,AMARELA,1076,,0
138,MT,82581,A,10,0,,1.90672,2.301,0.10655,AMARELA,1076,,0
137,MT,117877,B,12,0,,2.65709,1.6446,0.20086,AMARELA,1076,,0
136,MT,30053,C,17,0,,1.73381,2.02109,0.14967,ROSA,1077,,0
180,MT,19807,E,12,0,,4.1583,2.56697,0.06542,ROSA,1077,,0
179,MT,95676,A,26,0,,1.32325,0.64802,0.18728,ROSA,1077,,0
178,MT,117886,D,9,0,,0.4443,6.27505,0.1251,ROSA,1077,,0
177,MT,60441,E,1,0,,1.42701,-0.02398,0.11013,ROSA,1077,,0
176,MT,68369,A,4,0,,2.57245,1.58603,0.10176,ROSA,1077,,0
175,MT,31516,A,20,0,,1.50662,1.77699,0.15235,ROSA,1077,,0
174,MT,82581,A,10,0,,1.90672,2.301,0.10655,ROSA,1077,,0
173,MT,117877,B,12,0,,2.65709,1.6446,0.20086,ROSA,1077,,0
172,MT,32369,D,30,0,,3.12341,2.40384,0.16659,ROSA,1077,,0
171,MT,68123,B,26,0,,2.18973,1.32978,0.04601,ROSA,1077,,0
170,MT,63204,E,9,0,,3.78296,1.88956,0.14444,ROSA,1077,,0
169,MT,10322,C,6,0,,1.53551,0.94716,0.1917,ROSA,1077,,0
168,MT,117820,C,17,0,,0.48694,4.48651,0.14739,ROSA,1077,,0
167,MT,95509,E,21,0,,2.27997,2.41531,0.11329,ROSA,1077,,0
166,MT,117651,E,18,0,,0.51115,2.58401,0.0088,ROSA,1077,,0
165,MT,111516,C,24,0,,1.82335,1.38103,0.13879,ROSA,1077,,0
164,MT,28683,A,11,0,,3.13149,2.33341,0.21903,ROSA,1077,,0
163,MT,8364,A,6,0,,0.89111,2.43206,0.25086,ROSA,1077,,0
162,MT,75829,C,1,0,,1.18017,1.92189,0.16856,ROSA,1077,,0
161,MT,5961,D,7,0,,0.9032,2.45135,0.1617,ROSA,1077,,0
160,MT,86499,B,5,0,,2.93676,3.33565,0.21207,ROSA,1077,,0
159,MT,30493,D,27,0,,0.80375,2.27556,0.12859,ROSA,1077,,0
158,MT,86840,C,28,0,,0.24441,4.65334,0.03228,ROSA,1077,,0
157,MT,97590,E,25,0,,2.33252,2.40899,0.14217,ROSA,1077,,0
156,MT,85343,D,22,0,,2.13479,3.22198,0.12748,ROSA,1077,,0
155,MT,111738,B,27,0,,2.64614,2.2135,0.24887,ROSA,1077,,0
154,MT,61248,D,15,0,,2.61757,2.2515,0.1851,ROSA,1077,,0
153,MT,14797,D,8,0,,2.93886,2.57768,0.12028,ROSA,1077,,0
152,MT,30327,D,25,0,,2.81078,0.63977,0.16335,ROSA,1077,,0
151,MT,117742,B,13,0,,0.65574,2.58862,0.1651,ROSA,1077,,0
150,MT,96315,A,29,0,,1.69166,0.87454,0.20606,ROSA,1077,,0
149,MT,10409,E,6,0,,1.66982,2.03629,0.24595,ROSA,1077,,0
148,MT,85588,B,24,0,,2.30031,0.46698,0.25799,ROSA,1077,,0
147,MT,63646,C,7,0,,0.79395,2.40685,0.1129,ROSA,1077,,0
146,MT,89637,E,28,1,Convergncia,,,,ROSA,1077,,0
145,MT,10500,B,3,0,,1.57712,3.30111,0.16855,ROSA,1077,,0
144,MT,117973,A,11,0,,1.87291,2.86025,0.18347,ROSA,1077,,0
143,MT,85013,B,2,0,,2.17147,2.5423,0.1841,ROSA,1077,,0
142,MT,53461,C,23,0,,2.67778,2.3731,0.20523,ROSA,1077,,0
141,MT,39443,X,19,1,anulado pedagogicamente,,,,ROSA,1077,,0
140,MT,47309,B,2,0,,0.92146,2.16924,0.15718,ROSA,1077,,0
139,MT,43182,C,3,0,,2.19381,1.56693,0.1302,ROSA,1077,,0
138,MT,86466,C,14,0,,2.96283,2.44795,0.21497,ROSA,1077,,0
137,MT,85228,C,18,0,,2.1343,3.73781,0.24053,ROSA,1077,,0
136,MT,85588,B,24,0,,2.30031,0.46698,0.25799,CINZA,1078,,0
180,MT,30493,D,27,0,,0.80375,2.27556,0.12859,CINZA,1078,,0
179,MT,86840,C,28,0,,0.24441,4.65334,0.03228,CINZA,1078,,0
178,MT,97590,E,25,0,,2.33252,2.40899,0.14217,CINZA,1078,,0
177,MT,89637,E,28,1,Convergncia,,,,CINZA,1078,,0
176,MT,10500,B,3,0,,1.57712,3.30111,0.16855,CINZA,1078,,0
175,MT,117973,A,11,0,,1.87291,2.86025,0.18347,CINZA,1078,,0
174,MT,75829,C,1,0,,1.18017,1.92189,0.16856,CINZA,1078,,0
173,MT,5961,D,7,0,,0.9032,2.45135,0.1617,CINZA,1078,,0
172,MT,86499,B,5,0,,2.93676,3.33565,0.21207,CINZA,1078,,0
171,MT,117820,C,17,0,,0.48694,4.48651,0.14739,CINZA,1078,,0
170,MT,95509,E,21,0,,2.27997,2.41531,0.11329,CINZA,1078,,0
169,MT,117651,E,18,0,,0.51115,2.58401,0.0088,CINZA,1078,,0
168,MT,85343,D,22,0,,2.13479,3.22198,0.12748,CINZA,1078,,0
167,MT,111738,B,27,0,,2.64614,2.2135,0.24887,CINZA,1078,,0
166,MT,61248,D,15,0,,2.61757,2.2515,0.1851,CINZA,1078,,0
165,MT,85228,C,18,0,,2.1343,3.73781,0.24053,CINZA,1078,,0
164,MT,30053,C,17,0,,1.73381,2.02109,0.14967,CINZA,1078,,0
163,MT,47309,B,2,0,,0.92146,2.16924,0.15718,CINZA,1078,,0
162,MT,43182,C,3,0,,2.19381,1.56693,0.1302,CINZA,1078,,0
161,MT,86466,C,14,0,,2.96283,2.44795,0.21497,CINZA,1078,,0
160,MT,63646,C,7,0,,0.79395,2.40685,0.1129,CINZA,1078,,0
159,MT,85013,B,2,0,,2.17147,2.5423,0.1841,CINZA,1078,,0
158,MT,53461,C,23,0,,2.67778,2.3731,0.20523,CINZA,1078,,0
157,MT,39443,X,19,1,anulado pedagogicamente,,,,CINZA,1078,,0
156,MT,111516,C,24,0,,1.82335,1.38103,0.13879,CINZA,1078,,0
155,MT,28683,A,11,0,,3.13149,2.33341,0.21903,CINZA,1078,,0
154,MT,8364,A,6,0,,0.89111,2.43206,0.25086,CINZA,1078,,0
153,MT,68369,A,4,0,,2.57245,1.58603,0.10176,CINZA,1078,,0
152,MT,31516,A,20,0,,1.50662,1.77699,0.15235,CINZA,1078,,0
151,MT,82581,A,10,0,,1.90672,2.301,0.10655,CINZA,1078,,0
150,MT,117877,B,12,0,,2.65709,1.6446,0.20086,CINZA,1078,,0
149,MT,32369,D,30,0,,3.12341,2.40384,0.16659,CINZA,1078,,0
148,MT,68123,B,26,0,,2.18973,1.32978,0.04601,CINZA,1078,,0
147,MT,63204,E,9,0,,3.78296,1.88956,0.14444,CINZA,1078,,0
146,MT,10322,C,6,0,,1.53551,0.94716,0.1917,CINZA,1078,,0
145,MT,14797,D,8,0,,2.93886,2.57768,0.12028,CINZA,1078,,0
144,MT,30327,D,25,0,,2.81078,0.63977,0.16335,CINZA,1078,,0
143,MT,117742,B,13,0,,0.65574,2.58862,0.1651,CINZA,1078,,0
142,MT,96315,A,29,0,,1.69166,0.87454,0.20606,CINZA,1078,,0
141,MT,19807,E,12,0,,4.1583,2.56697,0.06542,CINZA,1078,,0
140,MT,95676,A,26,0,,1.32325,0.64802,0.18728,CINZA,1078,,0
139,MT,117886,D,9,0,,0.4443,6.27505,0.1251,CINZA,1078,,0
138,MT,60441,E,1,0,,1.42701,-0.02398,0.11013,CINZA,1078,,0
137,MT,10409,E,6,0,,1.66982,2.03629,0.24595,CINZA,1078,,0
136,MT,85588,B,24,0,,2.30031,0.46698,0.25799,CINZA,1079,,0
180,MT,30493,D,27,0,,0.80375,2.27556,0.12859,CINZA,1079,,0
179,MT,86840,C,28,0,,0.24441,4.65334,0.03228,CINZA,1079,,0
178,MT,97590,E,25,0,,2.33252,2.40899,0.14217,CINZA,1079,,0
177,MT,89637,E,28,1,Convergncia,,,,CINZA,1079,,0
176,MT,10500,B,3,0,,1.57712,3.30111,0.16855,CINZA,1079,,0
175,MT,117973,A,11,0,,1.87291,2.86025,0.18347,CINZA,1079,,0
174,MT,75829,C,1,0,,1.18017,1.92189,0.16856,CINZA,1079,,0
173,MT,5961,D,7,0,,0.9032,2.45135,0.1617,CINZA,1079,,0
172,MT,86499,B,5,0,,2.93676,3.33565,0.21207,CINZA,1079,,0
171,MT,117820,C,17,0,,0.48694,4.48651,0.14739,CINZA,1079,,0
170,MT,95509,E,21,0,,2.27997,2.41531,0.11329,CINZA,1079,,0
169,MT,117651,E,18,0,,0.51115,2.58401,0.0088,CINZA,1079,,0
168,MT,85343,D,22,0,,2.13479,3.22198,0.12748,CINZA,1079,,0
167,MT,111738,B,27,0,,2.64614,2.2135,0.24887,CINZA,1079,,0
166,MT,61248,D,15,0,,2.61757,2.2515,0.1851,CINZA,1079,,0
165,MT,85228,C,18,0,,2.1343,3.73781,0.24053,CINZA,1079,,0
164,MT,30053,C,17,0,,1.73381,2.02109,0.14967,CINZA,1079,,0
163,MT,47309,B,2,0,,0.92146,2.16924,0.15718,CINZA,1079,,0
162,MT,43182,C,3,0,,2.19381,1.56693,0.1302,CINZA,1079,,0
161,MT,86466,C,14,0,,2.96283,2.44795,0.21497,CINZA,1079,,0
160,MT,63646,C,7,0,,0.79395,2.40685,0.1129,CINZA,1079,,0
159,MT,85013,B,2,0,,2.17147,2.5423,0.1841,CINZA,1079,,0
158,MT,53461,C,23,0,,2.67778,2.3731,0.20523,CINZA,1079,,0
157,MT,39443,X,19,1,anulado pedagogicamente,,,,CINZA,1079,,0
156,MT,111516,C,24,0,,1.82335,1.38103,0.13879,CINZA,1079,,0
155,MT,28683,A,11,0,,3.13149,2.33341,0.21903,CINZA,1079,,0
154,MT,8364,A,6,0,,0.89111,2.43206,0.25086,CINZA,1079,,0
153,MT,68369,A,4,0,,2.57245,1.58603,0.10176,CINZA,1079,,0
152,MT,31516,A,20,0,,1.50662,1.77699,0.15235,CINZA,1079,,0
151,MT,82581,A,10,0,,1.90672,2.301,0.10655,CINZA,1079,,0
150,MT,117877,B,12,0,,2.65709,1.6446,0.20086,CINZA,1079,,0
149,MT,32369,D,30,0,,3.12341,2.40384,0.16659,CINZA,1079,,0
148,MT,68123,B,26,0,,2.18973,1.32978,0.04601,CINZA,1079,,0
147,MT,63204,E,9,0,,3.78296,1.88956,0.14444,CINZA,1079,,0
146,MT,10322,C,6,0,,1.53551,0.94716,0.1917,CINZA,1079,,0
145,MT,14797,D,8,0,,2.93886,2.57768,0.12028,CINZA,1079,,0
144,MT,30327,D,25,0,,2.81078,0.63977,0.16335,CINZA,1079,,0
143,MT,117742,B,13,0,,0.65574,2.58862,0.1651,CINZA,1079,,0
142,MT,96315,A,29,0,,1.69166,0.87454,0.20606,CINZA,1079,,0
141,MT,19807,E,12,0,,4.1583,2.56697,0.06542,CINZA,1079,,0
140,MT,95676,A,26,0,,1.32325,0.64802,0.18728,CINZA,1079,,0
139,MT,117886,D,9,0,,0.4443,6.27505,0.1251,CINZA,1079,,0
138,MT,60441,E,1,0,,1.42701,-0.02398,0.11013,CINZA,1079,,0
137,MT,10409,E,6,0,,1.66982,2.03629,0.24595,CINZA,1079,,0
136,MT,85588,B,24,0,,2.30031,0.46698,0.25799,CINZA,1080,,0
180,MT,30493,D,27,0,,0.80375,2.27556,0.12859,CINZA,1080,,0
179,MT,86840,C,28,0,,0.24441,4.65334,0.03228,CINZA,1080,,0
178,MT,97590,E,25,0,,2.33252,2.40899,0.14217,CINZA,1080,,0
177,MT,89637,E,28,1,Convergncia,,,,CINZA,1080,,0
176,MT,10500,B,3,0,,1.57712,3.30111,0.16855,CINZA,1080,,0
175,MT,117973,A,11,0,,1.87291,2.86025,0.18347,CINZA,1080,,0
174,MT,75829,C,1,0,,1.18017,1.92189,0.16856,CINZA,1080,,0
173,MT,5961,D,7,0,,0.9032,2.45135,0.1617,CINZA,1080,,0
172,MT,86499,B,5,0,,2.93676,3.33565,0.21207,CINZA,1080,,0
171,MT,117820,C,17,0,,0.48694,4.48651,0.14739,CINZA,1080,,0
170,MT,95509,E,21,0,,2.27997,2.41531,0.11329,CINZA,1080,,0
169,MT,117651,E,18,0,,0.51115,2.58401,0.0088,CINZA,1080,,0
168,MT,85343,D,22,0,,2.13479,3.22198,0.12748,CINZA,1080,,0
167,MT,111738,B,27,0,,2.64614,2.2135,0.24887,CINZA,1080,,0
166,MT,61248,D,15,0,,2.61757,2.2515,0.1851,CINZA,1080,,0
165,MT,85228,C,18,0,,2.1343,3.73781,0.24053,CINZA,1080,,0
164,MT,30053,C,17,0,,1.73381,2.02109,0.14967,CINZA,1080,,0
163,MT,47309,B,2,0,,0.92146,2.16924,0.15718,CINZA,1080,,0
162,MT,43182,C,3,0,,2.19381,1.56693,0.1302,CINZA,1080,,0
161,MT,86466,C,14,0,,2.96283,2.44795,0.21497,CINZA,1080,,0
160,MT,63646,C,7,0,,0.79395,2.40685,0.1129,CINZA,1080,,0
159,MT,85013,B,2,0,,2.17147,2.5423,0.1841,CINZA,1080,,0
158,MT,53461,C,23,0,,2.67778,2.3731,0.20523,CINZA,1080,,0
157,MT,39443,X,19,1,anulado pedagogicamente,,,,CINZA,1080,,0
156,MT,111516,C,24,0,,1.82335,1.38103,0.13879,CINZA,1080,,0
155,MT,28683,A,11,0,,3.13149,2.33341,0.21903,CINZA,1080,,0
154,MT,8364,A,6,0,,0.89111,2.43206,0.25086,CINZA,1080,,0
153,MT,68369,A,4,0,,2.57245,1.58603,0.10176,CINZA,1080,,0
152,MT,31516,A,20,0,,1.50662,1.77699,0.15235,CINZA,1080,,0
151,MT,82581,A,10,0,,1.90672,2.301,0.10655,CINZA,1080,,0
150,MT,117877,B,12,0,,2.65709,1.6446,0.20086,CINZA,1080,,0
149,MT,32369,D,30,0,,3.12341,2.40384,0.16659,CINZA,1080,,0
148,MT,68123,B,26,0,,2.18973,1.32978,0.04601,CINZA,1080,,0
147,MT,63204,E,9,0,,3.78296,1.88956,0.14444,CINZA,1080,,0
146,MT,10322,C,6,0,,1.53551,0.94716,0.1917,CINZA,1080,,0
145,MT,14797,D,8,0,,2.93886,2.57768,0.12028,CINZA,1080,,0
144,MT,30327,D,25,0,,2.81078,0.63977,0.16335,CINZA,1080,,0
143,MT,117742,B,13,0,,0.65574,2.58862,0.1651,CINZA,1080,,0
142,MT,96315,A,29,0,,1.69166,0.87454,0.20606,CINZA,1080,,0
141,MT,19807,E,12,0,,4.1583,2.56697,0.06542,CINZA,1080,,0
140,MT,95676,A,26,0,,1.32325,0.64802,0.18728,CINZA,1080,,0
139,MT,117886,D,9,0,,0.4443,6.27505,0.1251,CINZA,1080,,0
138,MT,60441,E,1,0,,1.42701,-0.02398,0.11013,CINZA,1080,,0
137,MT,10409,E,6,0,,1.66982,2.03629,0.24595,CINZA,1080,,0
136,MT,85588,B,24,0,,2.30031,0.46698,0.25799,LARANJA,1081,,0
180,MT,30493,D,27,0,,0.80375,2.27556,0.12859,LARANJA,1081,,0
179,MT,86840,C,28,0,,0.24441,4.65334,0.03228,LARANJA,1081,,0
178,MT,97590,E,25,0,,2.33252,2.40899,0.14217,LARANJA,1081,,0
177,MT,89637,E,28,1,Convergncia,,,,LARANJA,1081,,0
176,MT,10500,B,3,0,,1.57712,3.30111,0.16855,LARANJA,1081,,0
175,MT,117973,A,11,0,,1.87291,2.86025,0.18347,LARANJA,1081,,0
174,MT,75829,C,1,0,,1.18017,1.92189,0.16856,LARANJA,1081,,0
173,MT,68538,D,16,0,,1.92137,2.35816,0.16134,LARANJA,1081,,0
172,MT,86499,B,5,0,,2.93676,3.33565,0.21207,LARANJA,1081,,0
171,MT,117820,C,17,0,,0.48694,4.48651,0.14739,LARANJA,1081,,0
170,MT,95509,E,21,0,,2.27997,2.41531,0.11329,LARANJA,1081,,0
169,MT,117651,E,18,0,,0.51115,2.58401,0.0088,LARANJA,1081,,0
168,MT,85343,D,22,0,,2.13479,3.22198,0.12748,LARANJA,1081,,0
167,MT,111738,B,27,0,,2.64614,2.2135,0.24887,LARANJA,1081,,0
166,MT,61248,D,15,0,,2.61757,2.2515,0.1851,LARANJA,1081,,0
165,MT,85228,C,18,0,,2.1343,3.73781,0.24053,LARANJA,1081,,0
164,MT,30053,C,17,0,,1.73381,2.02109,0.14967,LARANJA,1081,,0
163,MT,47309,B,2,0,,0.92146,2.16924,0.15718,LARANJA,1081,,0
162,MT,43182,C,3,0,,2.19381,1.56693,0.1302,LARANJA,1081,,0
161,MT,86466,C,14,0,,2.96283,2.44795,0.21497,LARANJA,1081,,0
160,MT,83727,C,2,1,Convergncia,,,,LARANJA,1081,,0
159,MT,85013,B,2,0,,2.17147,2.5423,0.1841,LARANJA,1081,,0
158,MT,53461,C,23,0,,2.67778,2.3731,0.20523,LARANJA,1081,,0
157,MT,39443,X,19,1,anulado pedagogicamente,,,,LARANJA,1081,,0
156,MT,111516,C,24,0,,1.82335,1.38103,0.13879,LARANJA,1081,,0
155,MT,28683,A,11,0,,3.13149,2.33341,0.21903,LARANJA,1081,,0
154,MT,10992,A,25,0,,2.08101,2.784,0.08,LARANJA,1081,,0
153,MT,68369,A,4,0,,2.57245,1.58603,0.10176,LARANJA,1081,,0
152,MT,86438,A,14,0,,1.8176,2.0354,0.15996,LARANJA,1081,,0
151,MT,82581,A,10,0,,1.90672,2.301,0.10655,LARANJA,1081,,0
150,MT,117877,B,12,0,,2.65709,1.6446,0.20086,LARANJA,1081,,0
149,MT,32369,D,30,0,,3.12341,2.40384,0.16659,LARANJA,1081,,0
148,MT,68123,B,26,0,,2.18973,1.32978,0.04601,LARANJA,1081,,0
147,MT,63204,E,9,0,,3.78296,1.88956,0.14444,LARANJA,1081,,0
146,MT,10322,C,6,0,,1.53551,0.94716,0.1917,LARANJA,1081,,0
145,MT,14797,D,8,0,,2.93886,2.57768,0.12028,LARANJA,1081,,0
144,MT,30327,D,25,0,,2.81078,0.63977,0.16335,LARANJA,1081,,0
143,MT,117742,B,13,0,,0.65574,2.58862,0.1651,LARANJA,1081,,0
142,MT,96315,A,29,0,,1.69166,0.87454,0.20606,LARANJA,1081,,0
141,MT,19807,E,12,0,,4.1583,2.56697,0.06542,LARANJA,1081,,0
140,MT,95676,A,26,0,,1.32325,0.64802,0.18728,LARANJA,1081,,0
139,MT,117886,D,9,0,,0.4443,6.27505,0.1251,LARANJA,1081,,0
138,MT,60441,E,1,0,,1.42701,-0.02398,0.11013,LARANJA,1081,,0
137,MT,8020,E,12,0,,2.19733,2.65319,0.11011,LARANJA,1081,,0
136,MT,85588,B,24,0,,2.30031,0.46698,0.25799,LARANJA,1082,,1
180,MT,30493,D,27,0,,0.80375,2.27556,0.12859,LARANJA,1082,,1
179,MT,86840,C,28,0,,0.24441,4.65334,0.03228,LARANJA,1082,,1
178,MT,97590,E,25,0,,2.33252,2.40899,0.14217,LARANJA,1082,,1
177,MT,89637,E,28,1,Convergncia,,,,LARANJA,1082,,1
176,MT,10500,B,3,0,,1.57712,3.30111,0.16855,LARANJA,1082,,1
175,MT,117973,A,11,0,,1.87291,2.86025,0.18347,LARANJA,1082,,1
174,MT,75829,C,1,0,,1.18017,1.92189,0.16856,LARANJA,1082,,1
173,MT,68538,D,16,0,,1.92137,2.35816,0.16134,LARANJA,1082,,1
172,MT,86499,B,5,0,,2.93676,3.33565,0.21207,LARANJA,1082,,1
171,MT,117820,C,17,0,,0.48694,4.48651,0.14739,LARANJA,1082,,1
170,MT,95509,E,21,0,,2.27997,2.41531,0.11329,LARANJA,1082,,1
169,MT,117651,E,18,0,,0.51115,2.58401,0.0088,LARANJA,1082,,1
168,MT,85343,D,22,0,,2.13479,3.22198,0.12748,LARANJA,1082,,1
167,MT,111738,B,27,0,,2.64614,2.2135,0.24887,LARANJA,1082,,1
166,MT,61248,D,15,0,,2.61757,2.2515,0.1851,LARANJA,1082,,1
165,MT,85228,C,18,0,,2.1343,3.73781,0.24053,LARANJA,1082,,1
164,MT,30053,C,17,0,,1.73381,2.02109,0.14967,LARANJA,1082,,1
163,MT,47309,B,2,0,,0.92146,2.16924,0.15718,LARANJA,1082,,1
162,MT,43182,C,3,0,,2.19381,1.56693,0.1302,LARANJA,1082,,1
161,MT,86466,C,14,0,,2.96283,2.44795,0.21497,LARANJA,1082,,1
160,MT,83727,C,2,1,Convergncia,,,,LARANJA,1082,,1
159,MT,85013,B,2,0,,2.17147,2.5423,0.1841,LARANJA,1082,,1
158,MT,53461,C,23,0,,2.67778,2.3731,0.20523,LARANJA,1082,,1
157,MT,39443,X,19,1,anulado pedagogicamente,,,,LARANJA,1082,,1
156,MT,111516,C,24,0,,1.82335,1.38103,0.13879,LARANJA,1082,,1
155,MT,28683,A,11,0,,3.13149,2.33341,0.21903,LARANJA,1082,,1
154,MT,10992,A,25,0,,2.08101,2.784,0.08,LARANJA,1082,,1
153,MT,68369,A,4,0,,2.57245,1.58603,0.10176,LARANJA,1082,,1
152,MT,86438,A,14,0,,1.8176,2.0354,0.15996,LARANJA,1082,,1
151,MT,82581,A,10,0,,1.90672,2.301,0.10655,LARANJA,1082,,1
150,MT,117877,B,12,0,,2.65709,1.6446,0.20086,LARANJA,1082,,1
149,MT,32369,D,30,0,,3.12341,2.40384,0.16659,LARANJA,1082,,1
148,MT,68123,B,26,0,,2.18973,1.32978,0.04601,LARANJA,1082,,1
147,MT,63204,E,9,0,,3.78296,1.88956,0.14444,LARANJA,1082,,1
146,MT,10322,C,6,0,,1.53551,0.94716,0.1917,LARANJA,1082,,1
145,MT,14797,D,8,0,,2.93886,2.57768,0.12028,LARANJA,1082,,1
144,MT,30327,D,25,0,,2.81078,0.63977,0.16335,LARANJA,1082,,1
143,MT,117742,B,13,0,,0.65574,2.58862,0.1651,LARANJA,1082,,1
142,MT,96315,A,29,0,,1.69166,0.87454,0.20606,LARANJA,1082,,1
141,MT,19807,E,12,0,,4.1583,2.56697,0.06542,LARANJA,1082,,1
140,MT,95676,A,26,0,,1.32325,0.64802,0.18728,LARANJA,1082,,1
139,MT,117886,D,9,0,,0.4443,6.27505,0.1251,LARANJA,1082,,1
138,MT,60441,E,1,0,,1.42701,-0.02398,0.11013,LARANJA,1082,,1
137,MT,8020,E,12,0,,2.19733,2.65319,0.11011,LARANJA,1082,,1
136,MT,85588,B,24,0,,2.30031,0.46698,0.25799,VERDE,1083,,0
180,MT,30493,D,27,0,,0.80375,2.27556,0.12859,VERDE,1083,,0
179,MT,86840,C,28,0,,0.24441,4.65334,0.03228,VERDE,1083,,0
178,MT,97590,E,25,0,,2.33252,2.40899,0.14217,VERDE,1083,,0
177,MT,89637,E,28,1,Convergncia,,,,VERDE,1083,,0
176,MT,10500,B,3,0,,1.57712,3.30111,0.16855,VERDE,1083,,0
175,MT,117973,A,11,0,,1.87291,2.86025,0.18347,VERDE,1083,,0
174,MT,75829,C,1,0,,1.18017,1.92189,0.16856,VERDE,1083,,0
173,MT,5961,D,7,0,,0.9032,2.45135,0.1617,VERDE,1083,,0
172,MT,86499,B,5,0,,2.93676,3.33565,0.21207,VERDE,1083,,0
171,MT,117820,C,17,0,,0.48694,4.48651,0.14739,VERDE,1083,,0
170,MT,95509,E,21,0,,2.27997,2.41531,0.11329,VERDE,1083,,0
169,MT,117651,E,18,0,,0.51115,2.58401,0.0088,VERDE,1083,,0
168,MT,85343,D,22,0,,2.13479,3.22198,0.12748,VERDE,1083,,0
167,MT,111738,B,27,0,,2.64614,2.2135,0.24887,VERDE,1083,,0
166,MT,61248,D,15,0,,2.61757,2.2515,0.1851,VERDE,1083,,0
165,MT,85228,C,18,0,,2.1343,3.73781,0.24053,VERDE,1083,,0
164,MT,30053,C,17,0,,1.73381,2.02109,0.14967,VERDE,1083,,0
163,MT,47309,B,2,0,,0.92146,2.16924,0.15718,VERDE,1083,,0
162,MT,43182,C,3,0,,2.19381,1.56693,0.1302,VERDE,1083,,0
161,MT,86466,C,14,0,,2.96283,2.44795,0.21497,VERDE,1083,,0
160,MT,63646,C,7,0,,0.79395,2.40685,0.1129,VERDE,1083,,0
159,MT,85013,B,2,0,,2.17147,2.5423,0.1841,VERDE,1083,,0
158,MT,53461,C,23,0,,2.67778,2.3731,0.20523,VERDE,1083,,0
157,MT,39443,X,19,1,anulado pedagogicamente,,,,VERDE,1083,,0
156,MT,111516,C,24,0,,1.82335,1.38103,0.13879,VERDE,1083,,0
155,MT,28683,A,11,0,,3.13149,2.33341,0.21903,VERDE,1083,,0
154,MT,8364,A,6,0,,0.89111,2.43206,0.25086,VERDE,1083,,0
153,MT,68369,A,4,0,,2.57245,1.58603,0.10176,VERDE,1083,,0
152,MT,31516,A,20,0,,1.50662,1.77699,0.15235,VERDE,1083,,0
151,MT,82581,A,10,0,,1.90672,2.301,0.10655,VERDE,1083,,0
150,MT,117877,B,12,0,,2.65709,1.6446,0.20086,VERDE,1083,,0
149,MT,32369,D,30,0,,3.12341,2.40384,0.16659,VERDE,1083,,0
148,MT,68123,B,26,0,,2.18973,1.32978,0.04601,VERDE,1083,,0
147,MT,63204,E,9,0,,3.78296,1.88956,0.14444,VERDE,1083,,0
146,MT,10322,C,6,0,,1.53551,0.94716,0.1917,VERDE,1083,,0
145,MT,14797,D,8,0,,2.93886,2.57768,0.12028,VERDE,1083,,0
144,MT,30327,D,25,0,,2.81078,0.63977,0.16335,VERDE,1083,,0
143,MT,117742,B,13,0,,0.65574,2.58862,0.1651,VERDE,1083,,0
142,MT,96315,A,29,0,,1.69166,0.87454,0.20606,VERDE,1083,,0
141,MT,19807,E,12,0,,4.1583,2.56697,0.06542,VERDE,1083,,0
140,MT,95676,A,26,0,,1.32325,0.64802,0.18728,VERDE,1083,,0
139,MT,117886,D,9,0,,0.4443,6.27505,0.1251,VERDE,1083,,0
138,MT,60441,E,1,0,,1.42701,-0.02398,0.11013,VERDE,1083,,0
137,MT,10409,E,6,0,,1.66982,2.03629,0.24595,VERDE,1083,,0
91,CN,141574,A,27,0,,0.69982,1.45358,0.03441,AZUL,1085,,0
135,CN,82765,E,1,0,,0.98394,1.03388,0.00428,AZUL,1085,,0
134,CN,75845,D,1,1,BLG no rodou,,,,AZUL,1085,,0
133,CN,31313,D,2,0,,1.71131,1.42364,0.1615,AZUL,1085,,0
132,CN,88655,D,4,0,,3.82953,0.85524,0.11511,AZUL,1085,,0
131,CN,141503,C,3,0,,2.86161,0.4948,0.1606,AZUL,1085,,0
130,CN,126560,C,22,0,,2.41581,0.78824,0.19317,AZUL,1085,,0
129,CN,28632,C,9,0,,1.99451,1.78678,0.12762,AZUL,1085,,0
128,CN,111613,A,2,0,,3.25053,1.20513,0.08404,AZUL,1085,,0
127,CN,111431,E,9,0,,3.48192,1.70426,0.15448,AZUL,1085,,0
126,CN,83901,B,8,0,,0.40583,2.51676,0.00918,AZUL,1085,,0
125,CN,98106,E,13,0,,2.46518,1.46748,0.06515,AZUL,1085,,0
124,CN,141547,B,10,0,,1.90673,1.4644,0.34041,AZUL,1085,,0
123,CN,87998,E,3,0,,2.14355,1.77912,0.08867,AZUL,1085,,0
122,CN,141726,A,11,0,,1.68577,1.10708,0.12014,AZUL,1085,,0
121,CN,37769,B,14,0,,1.78429,2.50062,0.27071,AZUL,1085,,0
120,CN,96244,E,15,0,,5.67249,1.52791,0.14273,AZUL,1085,,0
119,CN,64203,A,5,1,bisblg < -0.15,,,,AZUL,1085,,0
118,CN,78716,C,14,0,,2.02681,0.56741,0.2452,AZUL,1085,,0
117,CN,97761,C,17,0,,0.8924,1.01697,0.29789,AZUL,1085,,0
116,CN,78377,B,6,0,,0.60239,2.40137,0.12017,AZUL,1085,,0
115,CN,141545,B,12,0,,2.33494,1.44802,0.20932,AZUL,1085,,0
114,CN,117854,C,15,0,,3.55169,1.49398,0.20257,AZUL,1085,,0
113,CN,141605,D,19,1,Bilog no converge,,,,AZUL,1085,,0
112,CN,89554,D,7,1,BLG no rodou,,,,AZUL,1085,,0
111,CN,43073,A,17,0,,1.48588,0.96735,0.24215,AZUL,1085,,0
110,CN,141712,D,16,0,,1.87507,0.91052,0.15109,AZUL,1085,,0
109,CN,96189,D,22,0,,2.54149,1.20769,0.21012,AZUL,1085,,0
108,CN,44969,B,25,0,,3.07166,1.89127,0.25272,AZUL,1085,,0
107,CN,85860,C,24,0,,5.31621,2.04288,0.17088,AZUL,1085,,0
106,CN,97915,C,24,0,,2.39896,2.76588,0.1897,AZUL,1085,,0
105,CN,28034,A,18,0,,1.51222,1.41874,0.14908,AZUL,1085,,0
104,CN,97727,E,18,0,,2.35097,1.00991,0.30639,AZUL,1085,,0
103,CN,85445,E,20,0,,4.44898,1.4048,0.15587,AZUL,1085,,0
102,CN,141731,E,29,0,,1.52512,3.19204,0.11283,AZUL,1085,,0
101,CN,31381,C,26,0,,1.75013,1.52509,0.16155,AZUL,1085,,0
100,CN,90130,B,20,0,,1.73494,2.08841,0.27619,AZUL,1085,,0
99,CN,41054,A,28,0,,1.2012,0.97602,0.22536,AZUL,1085,,0
98,CN,141725,E,29,0,,1.82114,1.93167,0.06674,AZUL,1085,,0
97,CN,141597,B,26,0,,2.13571,1.60964,0.14865,AZUL,1085,,0
96,CN,81969,A,21,0,,2.00512,1.35453,0.16882,AZUL,1085,,0
95,CN,111558,D,21,0,,3.29206,1.65709,0.14008,AZUL,1085,,0
94,CN,111694,A,27,0,,2.07884,2.23408,0.17191,AZUL,1085,,0
93,CN,111668,B,23,0,,1.98964,1.87763,0.19415,AZUL,1085,,0
92,CN,18228,D,30,0,,1.95358,1.46498,0.11246,AZUL,1085,,0
91,CN,97727,E,18,0,,2.35097,1.00991,0.30639,AMARELA,1086,,0
135,CN,37769,B,14,0,,1.78429,2.50062,0.27071,AMARELA,1086,,0
134,CN,96244,E,15,0,,5.67249,1.52791,0.14273,AMARELA,1086,,0
133,CN,64203,A,5,1,bisblg < -0.15,,,,AMARELA,1086,,0
132,CN,43073,A,17,0,,1.48588,0.96735,0.24215,AMARELA,1086,,0
131,CN,141712,D,16,0,,1.87507,0.91052,0.15109,AMARELA,1086,,0
130,CN,96189,D,22,0,,2.54149,1.20769,0.21012,AMARELA,1086,,0
129,CN,141545,B,12,0,,2.33494,1.44802,0.20932,AMARELA,1086,,0
128,CN,117854,C,15,0,,3.55169,1.49398,0.20257,AMARELA,1086,,0
127,CN,141605,D,19,1,Bilog no converge,,,,AMARELA,1086,,0
126,CN,89554,D,7,1,BLG no rodou,,,,AMARELA,1086,,0
125,CN,111694,A,27,0,,2.07884,2.23408,0.17191,AMARELA,1086,,0
124,CN,111668,B,23,0,,1.98964,1.87763,0.19415,AMARELA,1086,,0
123,CN,18228,D,30,0,,1.95358,1.46498,0.11246,AMARELA,1086,,0
122,CN,141574,A,27,0,,0.69982,1.45358,0.03441,AMARELA,1086,,0
121,CN,141725,E,29,0,,1.82114,1.93167,0.06674,AMARELA,1086,,0
120,CN,141597,B,26,0,,2.13571,1.60964,0.14865,AMARELA,1086,,0
119,CN,81969,A,21,0,,2.00512,1.35453,0.16882,AMARELA,1086,,0
118,CN,111558,D,21,0,,3.29206,1.65709,0.14008,AMARELA,1086,,0
117,CN,98106,E,13,0,,2.46518,1.46748,0.06515,AMARELA,1086,,0
116,CN,141547,B,10,0,,1.90673,1.4644,0.34041,AMARELA,1086,,0
115,CN,87998,E,3,0,,2.14355,1.77912,0.08867,AMARELA,1086,,0
114,CN,141726,A,11,0,,1.68577,1.10708,0.12014,AMARELA,1086,,0
113,CN,78716,C,14,0,,2.02681,0.56741,0.2452,AMARELA,1086,,0
112,CN,97761,C,17,0,,0.8924,1.01697,0.29789,AMARELA,1086,,0
111,CN,78377,B,6,0,,0.60239,2.40137,0.12017,AMARELA,1086,,0
110,CN,44969,B,25,0,,3.07166,1.89127,0.25272,AMARELA,1086,,0
109,CN,85860,C,24,0,,5.31621,2.04288,0.17088,AMARELA,1086,,0
108,CN,85445,E,20,0,,4.44898,1.4048,0.15587,AMARELA,1086,,0
107,CN,141731,E,29,0,,1.52512,3.19204,0.11283,AMARELA,1086,,0
106,CN,31381,C,26,0,,1.75013,1.52509,0.16155,AMARELA,1086,,0
105,CN,90130,B,20,0,,1.73494,2.08841,0.27619,AMARELA,1086,,0
104,CN,41054,A,28,0,,1.2012,0.97602,0.22536,AMARELA,1086,,0
103,CN,88655,D,4,0,,3.82953,0.85524,0.11511,AMARELA,1086,,0
102,CN,141503,C,3,0,,2.86161,0.4948,0.1606,AMARELA,1086,,0
101,CN,126560,C,22,0,,2.41581,0.78824,0.19317,AMARELA,1086,,0
100,CN,28632,C,9,0,,1.99451,1.78678,0.12762,AMARELA,1086,,0
99,CN,111613,A,2,0,,3.25053,1.20513,0.08404,AMARELA,1086,,0
98,CN,111431,E,9,0,,3.48192,1.70426,0.15448,AMARELA,1086,,0
97,CN,83901,B,8,0,,0.40583,2.51676,0.00918,AMARELA,1086,,0
96,CN,82765,E,1,0,,0.98394,1.03388,0.00428,AMARELA,1086,,0
95,CN,75845,D,1,1,BLG no rodou,,,,AMARELA,1086,,0
94,CN,31313,D,2,0,,1.71131,1.42364,0.1615,AMARELA,1086,,0
93,CN,97915,C,24,0,,2.39896,2.76588,0.1897,AMARELA,1086,,0
92,CN,28034,A,18,0,,1.51222,1.41874,0.14908,AMARELA,1086,,0
91,CN,31313,D,2,0,,1.71131,1.42364,0.1615,CINZA,1087,,0
135,CN,111694,A,27,0,,2.07884,2.23408,0.17191,CINZA,1087,,0
134,CN,111668,B,23,0,,1.98964,1.87763,0.19415,CINZA,1087,,0
133,CN,18228,D,30,0,,1.95358,1.46498,0.11246,CINZA,1087,,0
132,CN,141574,A,27,0,,0.69982,1.45358,0.03441,CINZA,1087,,0
131,CN,111558,D,21,0,,3.29206,1.65709,0.14008,CINZA,1087,,0
130,CN,141725,E,29,0,,1.82114,1.93167,0.06674,CINZA,1087,,0
129,CN,141597,B,26,0,,2.13571,1.60964,0.14865,CINZA,1087,,0
128,CN,81969,A,21,0,,2.00512,1.35453,0.16882,CINZA,1087,,0
127,CN,141731,E,29,0,,1.52512,3.19204,0.11283,CINZA,1087,,0
126,CN,31381,C,26,0,,1.75013,1.52509,0.16155,CINZA,1087,,0
125,CN,90130,B,20,0,,1.73494,2.08841,0.27619,CINZA,1087,,0
124,CN,41054,A,28,0,,1.2012,0.97602,0.22536,CINZA,1087,,0
123,CN,85445,E,20,0,,4.44898,1.4048,0.15587,CINZA,1087,,0
122,CN,97915,C,24,0,,2.39896,2.76588,0.1897,CINZA,1087,,0
121,CN,28034,A,18,0,,1.51222,1.41874,0.14908,CINZA,1087,,0
120,CN,97727,E,18,0,,2.35097,1.00991,0.30639,CINZA,1087,,0
119,CN,44969,B,25,0,,3.07166,1.89127,0.25272,CINZA,1087,,0
118,CN,85860,C,24,0,,5.31621,2.04288,0.17088,CINZA,1087,,0
117,CN,43073,A,17,0,,1.48588,0.96735,0.24215,CINZA,1087,,0
116,CN,141712,D,16,0,,1.87507,0.91052,0.15109,CINZA,1087,,0
115,CN,96189,D,22,0,,2.54149,1.20769,0.21012,CINZA,1087,,0
114,CN,141545,B,12,0,,2.33494,1.44802,0.20932,CINZA,1087,,0
113,CN,117854,C,15,0,,3.55169,1.49398,0.20257,CINZA,1087,,0
112,CN,141605,D,19,1,Bilog no converge,,,,CINZA,1087,,0
111,CN,89554,D,7,1,BLG no rodou,,,,CINZA,1087,,0
110,CN,78716,C,14,0,,2.02681,0.56741,0.2452,CINZA,1087,,0
109,CN,97761,C,17,0,,0.8924,1.01697,0.29789,CINZA,1087,,0
108,CN,78377,B,6,0,,0.60239,2.40137,0.12017,CINZA,1087,,0
107,CN,37769,B,14,0,,1.78429,2.50062,0.27071,CINZA,1087,,0
106,CN,96244,E,15,0,,5.67249,1.52791,0.14273,CINZA,1087,,0
105,CN,64203,A,5,1,bisblg < -0.15,,,,CINZA,1087,,0
104,CN,98106,E,13,0,,2.46518,1.46748,0.06515,CINZA,1087,,0
103,CN,141547,B,10,0,,1.90673,1.4644,0.34041,CINZA,1087,,0
102,CN,87998,E,3,0,,2.14355,1.77912,0.08867,CINZA,1087,,0
101,CN,141726,A,11,0,,1.68577,1.10708,0.12014,CINZA,1087,,0
100,CN,126560,C,22,0,,2.41581,0.78824,0.19317,CINZA,1087,,0
99,CN,28632,C,9,0,,1.99451,1.78678,0.12762,CINZA,1087,,0
98,CN,111613,A,2,0,,3.25053,1.20513,0.08404,CINZA,1087,,0
97,CN,111431,E,9,0,,3.48192,1.70426,0.15448,CINZA,1087,,0
96,CN,83901,B,8,0,,0.40583,2.51676,0.00918,CINZA,1087,,0
95,CN,88655,D,4,0,,3.82953,0.85524,0.11511,CINZA,1087,,0
94,CN,141503,C,3,0,,2.86161,0.4948,0.1606,CINZA,1087,,0
93,CN,82765,E,1,0,,0.98394,1.03388,0.00428,CINZA,1087,,0
92,CN,75845,D,1,1,BLG no rodou,,,,CINZA,1087,,0
91,CN,89554,D,7,1,BLG no rodou,,,,ROSA,1088,,0
135,CN,88655,D,4,0,,3.82953,0.85524,0.11511,ROSA,1088,,0
134,CN,141503,C,3,0,,2.86161,0.4948,0.1606,ROSA,1088,,0
133,CN,97915,C,24,0,,2.39896,2.76588,0.1897,ROSA,1088,,0
132,CN,28034,A,18,0,,1.51222,1.41874,0.14908,ROSA,1088,,0
131,CN,97727,E,18,0,,2.35097,1.00991,0.30639,ROSA,1088,,0
130,CN,126560,C,22,0,,2.41581,0.78824,0.19317,ROSA,1088,,0
129,CN,28632,C,9,0,,1.99451,1.78678,0.12762,ROSA,1088,,0
128,CN,111613,A,2,0,,3.25053,1.20513,0.08404,ROSA,1088,,0
127,CN,111431,E,9,0,,3.48192,1.70426,0.15448,ROSA,1088,,0
126,CN,83901,B,8,0,,0.40583,2.51676,0.00918,ROSA,1088,,0
125,CN,82765,E,1,0,,0.98394,1.03388,0.00428,ROSA,1088,,0
124,CN,75845,D,1,1,BLG no rodou,,,,ROSA,1088,,0
123,CN,31313,D,2,0,,1.71131,1.42364,0.1615,ROSA,1088,,0
122,CN,44969,B,25,0,,3.07166,1.89127,0.25272,ROSA,1088,,0
121,CN,85860,C,24,0,,5.31621,2.04288,0.17088,ROSA,1088,,0
120,CN,98106,E,13,0,,2.46518,1.46748,0.06515,ROSA,1088,,0
119,CN,141547,B,10,0,,1.90673,1.4644,0.34041,ROSA,1088,,0
118,CN,87998,E,3,0,,2.14355,1.77912,0.08867,ROSA,1088,,0
117,CN,141726,A,11,0,,1.68577,1.10708,0.12014,ROSA,1088,,0
116,CN,37769,B,14,0,,1.78429,2.50062,0.27071,ROSA,1088,,0
115,CN,96244,E,15,0,,5.67249,1.52791,0.14273,ROSA,1088,,0
114,CN,64203,A,5,1,bisblg < -0.15,,,,ROSA,1088,,0
113,CN,85445,E,20,0,,4.44898,1.4048,0.15587,ROSA,1088,,0
112,CN,141731,E,29,0,,1.52512,3.19204,0.11283,ROSA,1088,,0
111,CN,31381,C,26,0,,1.75013,1.52509,0.16155,ROSA,1088,,0
110,CN,90130,B,20,0,,1.73494,2.08841,0.27619,ROSA,1088,,0
109,CN,41054,A,28,0,,1.2012,0.97602,0.22536,ROSA,1088,,0
108,CN,111558,D,21,0,,3.29206,1.65709,0.14008,ROSA,1088,,0
107,CN,141725,E,29,0,,1.82114,1.93167,0.06674,ROSA,1088,,0
106,CN,141597,B,26,0,,2.13571,1.60964,0.14865,ROSA,1088,,0
105,CN,81969,A,21,0,,2.00512,1.35453,0.16882,ROSA,1088,,0
104,CN,111694,A,27,0,,2.07884,2.23408,0.17191,ROSA,1088,,0
103,CN,111668,B,23,0,,1.98964,1.87763,0.19415,ROSA,1088,,0
102,CN,18228,D,30,0,,1.95358,1.46498,0.11246,ROSA,1088,,0
101,CN,141574,A,27,0,,0.69982,1.45358,0.03441,ROSA,1088,,0
100,CN,43073,A,17,0,,1.48588,0.96735,0.24215,ROSA,1088,,0
99,CN,141712,D,16,0,,1.87507,0.91052,0.15109,ROSA,1088,,0
98,CN,96189,D,22,0,,2.54149,1.20769,0.21012,ROSA,1088,,0
97,CN,78716,C,14,0,,2.02681,0.56741,0.2452,ROSA,1088,,0
96,CN,97761,C,17,0,,0.8924,1.01697,0.29789,ROSA,1088,,0
95,CN,78377,B,6,0,,0.60239,2.40137,0.12017,ROSA,1088,,0
94,CN,141545,B,12,0,,2.33494,1.44802,0.20932,ROSA,1088,,0
93,CN,117854,C,15,0,,3.55169,1.49398,0.20257,ROSA,1088,,0
92,CN,141605,D,19,1,Bilog no converge,,,,ROSA,1088,,0
91,CN,31313,D,2,0,,1.71131,1.42364,0.1615,CINZA,1089,,0
135,CN,111694,A,27,0,,2.07884,2.23408,0.17191,CINZA,1089,,0
134,CN,111668,B,23,0,,1.98964,1.87763,0.19415,CINZA,1089,,0
133,CN,18228,D,30,0,,1.95358,1.46498,0.11246,CINZA,1089,,0
132,CN,141574,A,27,0,,0.69982,1.45358,0.03441,CINZA,1089,,0
131,CN,111558,D,21,0,,3.29206,1.65709,0.14008,CINZA,1089,,0
130,CN,141725,E,29,0,,1.82114,1.93167,0.06674,CINZA,1089,,0
129,CN,141597,B,26,0,,2.13571,1.60964,0.14865,CINZA,1089,,0
128,CN,81969,A,21,0,,2.00512,1.35453,0.16882,CINZA,1089,,0
127,CN,141731,E,29,0,,1.52512,3.19204,0.11283,CINZA,1089,,0
126,CN,31381,C,26,0,,1.75013,1.52509,0.16155,CINZA,1089,,0
125,CN,90130,B,20,0,,1.73494,2.08841,0.27619,CINZA,1089,,0
124,CN,41054,A,28,0,,1.2012,0.97602,0.22536,CINZA,1089,,0
123,CN,85445,E,20,0,,4.44898,1.4048,0.15587,CINZA,1089,,0
122,CN,97915,C,24,0,,2.39896,2.76588,0.1897,CINZA,1089,,0
121,CN,28034,A,18,0,,1.51222,1.41874,0.14908,CINZA,1089,,0
120,CN,97727,E,18,0,,2.35097,1.00991,0.30639,CINZA,1089,,0
119,CN,44969,B,25,0,,3.07166,1.89127,0.25272,CINZA,1089,,0
118,CN,85860,C,24,0,,5.31621,2.04288,0.17088,CINZA,1089,,0
117,CN,43073,A,17,0,,1.48588,0.96735,0.24215,CINZA,1089,,0
116,CN,141712,D,16,0,,1.87507,0.91052,0.15109,CINZA,1089,,0
115,CN,96189,D,22,0,,2.54149,1.20769,0.21012,CINZA,1089,,0
114,CN,141545,B,12,0,,2.33494,1.44802,0.20932,CINZA,1089,,0
113,CN,117854,C,15,0,,3.55169,1.49398,0.20257,CINZA,1089,,0
112,CN,141605,D,19,1,Bilog no converge,,,,CINZA,1089,,0
111,CN,89554,D,7,1,BLG no rodou,,,,CINZA,1089,,0
110,CN,78716,C,14,0,,2.02681,0.56741,0.2452,CINZA,1089,,0
109,CN,97761,C,17,0,,0.8924,1.01697,0.29789,CINZA,1089,,0
108,CN,78377,B,6,0,,0.60239,2.40137,0.12017,CINZA,1089,,0
107,CN,37769,B,14,0,,1.78429,2.50062,0.27071,CINZA,1089,,0
106,CN,96244,E,15,0,,5.67249,1.52791,0.14273,CINZA,1089,,0
105,CN,64203,A,5,1,bisblg < -0.15,,,,CINZA,1089,,0
104,CN,98106,E,13,0,,2.46518,1.46748,0.06515,CINZA,1089,,0
103,CN,141547,B,10,0,,1.90673,1.4644,0.34041,CINZA,1089,,0
102,CN,87998,E,3,0,,2.14355,1.77912,0.08867,CINZA,1089,,0
101,CN,141726,A,11,0,,1.68577,1.10708,0.12014,CINZA,1089,,0
100,CN,126560,C,22,0,,2.41581,0.78824,0.19317,CINZA,1089,,0
99,CN,28632,C,9,0,,1.99451,1.78678,0.12762,CINZA,1089,,0
98,CN,111613,A,2,0,,3.25053,1.20513,0.08404,CINZA,1089,,0
97,CN,111431,E,9,0,,3.48192,1.70426,0.15448,CINZA,1089,,0
96,CN,83901,B,8,0,,0.40583,2.51676,0.00918,CINZA,1089,,0
95,CN,88655,D,4,0,,3.82953,0.85524,0.11511,CINZA,1089,,0
94,CN,141503,C,3,0,,2.86161,0.4948,0.1606,CINZA,1089,,0
93,CN,82765,E,1,0,,0.98394,1.03388,0.00428,CINZA,1089,,0
92,CN,75845,D,1,1,BLG no rodou,,,,CINZA,1089,,0
91,CN,31313,D,2,0,,1.71131,1.42364,0.1615,CINZA,1090,,0
135,CN,111694,A,27,0,,2.07884,2.23408,0.17191,CINZA,1090,,0
134,CN,111668,B,23,0,,1.98964,1.87763,0.19415,CINZA,1090,,0
133,CN,18228,D,30,0,,1.95358,1.46498,0.11246,CINZA,1090,,0
132,CN,141574,A,27,0,,0.69982,1.45358,0.03441,CINZA,1090,,0
131,CN,111558,D,21,0,,3.29206,1.65709,0.14008,CINZA,1090,,0
130,CN,141725,E,29,0,,1.82114,1.93167,0.06674,CINZA,1090,,0
129,CN,141597,B,26,0,,2.13571,1.60964,0.14865,CINZA,1090,,0
128,CN,81969,A,21,0,,2.00512,1.35453,0.16882,CINZA,1090,,0
127,CN,141731,E,29,0,,1.52512,3.19204,0.11283,CINZA,1090,,0
126,CN,31381,C,26,0,,1.75013,1.52509,0.16155,CINZA,1090,,0
125,CN,90130,B,20,0,,1.73494,2.08841,0.27619,CINZA,1090,,0
124,CN,41054,A,28,0,,1.2012,0.97602,0.22536,CINZA,1090,,0
123,CN,85445,E,20,0,,4.44898,1.4048,0.15587,CINZA,1090,,0
122,CN,97915,C,24,0,,2.39896,2.76588,0.1897,CINZA,1090,,0
121,CN,28034,A,18,0,,1.51222,1.41874,0.14908,CINZA,1090,,0
120,CN,97727,E,18,0,,2.35097,1.00991,0.30639,CINZA,1090,,0
119,CN,44969,B,25,0,,3.07166,1.89127,0.25272,CINZA,1090,,0
118,CN,85860,C,24,0,,5.31621,2.04288,0.17088,CINZA,1090,,0
117,CN,43073,A,17,0,,1.48588,0.96735,0.24215,CINZA,1090,,0
116,CN,141712,D,16,0,,1.87507,0.91052,0.15109,CINZA,1090,,0
115,CN,96189,D,22,0,,2.54149,1.20769,0.21012,CINZA,1090,,0
114,CN,141545,B,12,0,,2.33494,1.44802,0.20932,CINZA,1090,,0
113,CN,117854,C,15,0,,3.55169,1.49398,0.20257,CINZA,1090,,0
112,CN,141605,D,19,1,Bilog no converge,,,,CINZA,1090,,0
111,CN,89554,D,7,1,BLG no rodou,,,,CINZA,1090,,0
110,CN,78716,C,14,0,,2.02681,0.56741,0.2452,CINZA,1090,,0
109,CN,97761,C,17,0,,0.8924,1.01697,0.29789,CINZA,1090,,0
108,CN,78377,B,6,0,,0.60239,2.40137,0.12017,CINZA,1090,,0
107,CN,37769,B,14,0,,1.78429,2.50062,0.27071,CINZA,1090,,0
106,CN,96244,E,15,0,,5.67249,1.52791,0.14273,CINZA,1090,,0
105,CN,64203,A,5,1,bisblg < -0.15,,,,CINZA,1090,,0
104,CN,98106,E,13,0,,2.46518,1.46748,0.06515,CINZA,1090,,0
103,CN,141547,B,10,0,,1.90673,1.4644,0.34041,CINZA,1090,,0
102,CN,87998,E,3,0,,2.14355,1.77912,0.08867,CINZA,1090,,0
101,CN,141726,A,11,0,,1.68577,1.10708,0.12014,CINZA,1090,,0
100,CN,126560,C,22,0,,2.41581,0.78824,0.19317,CINZA,1090,,0
99,CN,28632,C,9,0,,1.99451,1.78678,0.12762,CINZA,1090,,0
98,CN,111613,A,2,0,,3.25053,1.20513,0.08404,CINZA,1090,,0
97,CN,111431,E,9,0,,3.48192,1.70426,0.15448,CINZA,1090,,0
96,CN,83901,B,8,0,,0.40583,2.51676,0.00918,CINZA,1090,,0
95,CN,88655,D,4,0,,3.82953,0.85524,0.11511,CINZA,1090,,0
94,CN,141503,C,3,0,,2.86161,0.4948,0.1606,CINZA,1090,,0
93,CN,82765,E,1,0,,0.98394,1.03388,0.00428,CINZA,1090,,0
92,CN,75845,D,1,1,BLG no rodou,,,,CINZA,1090,,0
91,CN,31313,D,2,0,,1.71131,1.42364,0.1615,LARANJA,1091,,0
135,CN,111694,A,27,0,,2.07884,2.23408,0.17191,LARANJA,1091,,0
134,CN,111668,B,23,0,,1.98964,1.87763,0.19415,LARANJA,1091,,0
133,CN,18228,D,30,0,,1.95358,1.46498,0.11246,LARANJA,1091,,0
132,CN,141574,A,27,0,,0.69982,1.45358,0.03441,LARANJA,1091,,0
131,CN,111558,D,21,0,,3.29206,1.65709,0.14008,LARANJA,1091,,0
130,CN,141725,E,29,0,,1.82114,1.93167,0.06674,LARANJA,1091,,0
129,CN,141597,B,26,0,,2.13571,1.60964,0.14865,LARANJA,1091,,0
128,CN,81969,A,21,0,,2.00512,1.35453,0.16882,LARANJA,1091,,0
127,CN,141731,E,29,0,,1.52512,3.19204,0.11283,LARANJA,1091,,0
126,CN,31381,C,26,0,,1.75013,1.52509,0.16155,LARANJA,1091,,0
125,CN,90130,B,20,0,,1.73494,2.08841,0.27619,LARANJA,1091,,0
124,CN,41054,A,28,0,,1.2012,0.97602,0.22536,LARANJA,1091,,0
123,CN,85445,E,20,0,,4.44898,1.4048,0.15587,LARANJA,1091,,0
122,CN,97915,C,24,0,,2.39896,2.76588,0.1897,LARANJA,1091,,0
121,CN,28034,A,18,0,,1.51222,1.41874,0.14908,LARANJA,1091,,0
120,CN,97727,E,18,0,,2.35097,1.00991,0.30639,LARANJA,1091,,0
119,CN,44969,B,25,0,,3.07166,1.89127,0.25272,LARANJA,1091,,0
118,CN,85860,C,24,0,,5.31621,2.04288,0.17088,LARANJA,1091,,0
117,CN,43073,A,17,0,,1.48588,0.96735,0.24215,LARANJA,1091,,0
116,CN,141712,D,16,0,,1.87507,0.91052,0.15109,LARANJA,1091,,0
115,CN,96189,D,22,0,,2.54149,1.20769,0.21012,LARANJA,1091,,0
114,CN,141545,B,12,0,,2.33494,1.44802,0.20932,LARANJA,1091,,0
113,CN,117854,C,15,0,,3.55169,1.49398,0.20257,LARANJA,1091,,0
112,CN,141605,D,19,1,Bilog no converge,,,,LARANJA,1091,,0
111,CN,89554,D,7,1,BLG no rodou,,,,LARANJA,1091,,0
110,CN,78716,C,14,0,,2.02681,0.56741,0.2452,LARANJA,1091,,0
109,CN,97761,C,17,0,,0.8924,1.01697,0.29789,LARANJA,1091,,0
108,CN,78377,B,6,0,,0.60239,2.40137,0.12017,LARANJA,1091,,0
107,CN,37769,B,14,0,,1.78429,2.50062,0.27071,LARANJA,1091,,0
106,CN,96244,E,15,0,,5.67249,1.52791,0.14273,LARANJA,1091,,0
105,CN,64203,A,5,1,bisblg < -0.15,,,,LARANJA,1091,,0
104,CN,98106,E,13,0,,2.46518,1.46748,0.06515,LARANJA,1091,,0
103,CN,141547,B,10,0,,1.90673,1.4644,0.34041,LARANJA,1091,,0
102,CN,87998,E,3,0,,2.14355,1.77912,0.08867,LARANJA,1091,,0
101,CN,141726,A,11,0,,1.68577,1.10708,0.12014,LARANJA,1091,,0
100,CN,126560,C,22,0,,2.41581,0.78824,0.19317,LARANJA,1091,,0
99,CN,28632,C,9,0,,1.99451,1.78678,0.12762,LARANJA,1091,,0
98,CN,111613,A,2,0,,3.25053,1.20513,0.08404,LARANJA,1091,,0
97,CN,111431,E,9,0,,3.48192,1.70426,0.15448,LARANJA,1091,,0
96,CN,83901,B,8,0,,0.40583,2.51676,0.00918,LARANJA,1091,,0
95,CN,88655,D,4,0,,3.82953,0.85524,0.11511,LARANJA,1091,,0
94,CN,141503,C,3,0,,2.86161,0.4948,0.1606,LARANJA,1091,,0
93,CN,82765,E,1,0,,0.98394,1.03388,0.00428,LARANJA,1091,,0
92,CN,75845,D,1,1,BLG no rodou,,,,LARANJA,1091,,0
91,CN,31313,D,2,0,,1.71131,1.42364,0.1615,LARANJA,1092,,1
135,CN,111694,A,27,0,,2.07884,2.23408,0.17191,LARANJA,1092,,1
134,CN,111668,B,23,0,,1.98964,1.87763,0.19415,LARANJA,1092,,1
133,CN,18228,D,30,0,,1.95358,1.46498,0.11246,LARANJA,1092,,1
132,CN,141574,A,27,0,,0.69982,1.45358,0.03441,LARANJA,1092,,1
131,CN,111558,D,21,0,,3.29206,1.65709,0.14008,LARANJA,1092,,1
130,CN,141725,E,29,0,,1.82114,1.93167,0.06674,LARANJA,1092,,1
129,CN,141597,B,26,0,,2.13571,1.60964,0.14865,LARANJA,1092,,1
128,CN,81969,A,21,0,,2.00512,1.35453,0.16882,LARANJA,1092,,1
127,CN,141731,E,29,0,,1.52512,3.19204,0.11283,LARANJA,1092,,1
126,CN,31381,C,26,0,,1.75013,1.52509,0.16155,LARANJA,1092,,1
125,CN,90130,B,20,0,,1.73494,2.08841,0.27619,LARANJA,1092,,1
124,CN,41054,A,28,0,,1.2012,0.97602,0.22536,LARANJA,1092,,1
123,CN,85445,E,20,0,,4.44898,1.4048,0.15587,LARANJA,1092,,1
122,CN,97915,C,24,0,,2.39896,2.76588,0.1897,LARANJA,1092,,1
121,CN,28034,A,18,0,,1.51222,1.41874,0.14908,LARANJA,1092,,1
120,CN,97727,E,18,0,,2.35097,1.00991,0.30639,LARANJA,1092,,1
119,CN,44969,B,25,0,,3.07166,1.89127,0.25272,LARANJA,1092,,1
118,CN,85860,C,24,0,,5.31621,2.04288,0.17088,LARANJA,1092,,1
117,CN,43073,A,17,0,,1.48588,0.96735,0.24215,LARANJA,1092,,1
116,CN,141712,D,16,0,,1.87507,0.91052,0.15109,LARANJA,1092,,1
115,CN,96189,D,22,0,,2.54149,1.20769,0.21012,LARANJA,1092,,1
114,CN,141545,B,12,0,,2.33494,1.44802,0.20932,LARANJA,1092,,1
113,CN,117854,C,15,0,,3.55169,1.49398,0.20257,LARANJA,1092,,1
112,CN,141605,D,19,1,Bilog no converge,,,,LARANJA,1092,,1
111,CN,89554,D,7,1,BLG no rodou,,,,LARANJA,1092,,1
110,CN,78716,C,14,0,,2.02681,0.56741,0.2452,LARANJA,1092,,1
109,CN,97761,C,17,0,,0.8924,1.01697,0.29789,LARANJA,1092,,1
108,CN,78377,B,6,0,,0.60239,2.40137,0.12017,LARANJA,1092,,1
107,CN,37769,B,14,0,,1.78429,2.50062,0.27071,LARANJA,1092,,1
106,CN,96244,E,15,0,,5.67249,1.52791,0.14273,LARANJA,1092,,1
105,CN,64203,A,5,1,bisblg < -0.15,,,,LARANJA,1092,,1
104,CN,98106,E,13,0,,2.46518,1.46748,0.06515,LARANJA,1092,,1
103,CN,141547,B,10,0,,1.90673,1.4644,0.34041,LARANJA,1092,,1
102,CN,87998,E,3,0,,2.14355,1.77912,0.08867,LARANJA,1092,,1
101,CN,141726,A,11,0,,1.68577,1.10708,0.12014,LARANJA,1092,,1
100,CN,126560,C,22,0,,2.41581,0.78824,0.19317,LARANJA,1092,,1
99,CN,28632,C,9,0,,1.99451,1.78678,0.12762,LARANJA,1092,,1
98,CN,111613,A,2,0,,3.25053,1.20513,0.08404,LARANJA,1092,,1
97,CN,111431,E,9,0,,3.48192,1.70426,0.15448,LARANJA,1092,,1
96,CN,83901,B,8,0,,0.40583,2.51676,0.00918,LARANJA,1092,,1
95,CN,88655,D,4,0,,3.82953,0.85524,0.11511,LARANJA,1092,,1
94,CN,141503,C,3,0,,2.86161,0.4948,0.1606,LARANJA,1092,,1
93,CN,82765,E,1,0,,0.98394,1.03388,0.00428,LARANJA,1092,,1
92,CN,75845,D,1,1,BLG no rodou,,,,LARANJA,1092,,1
91,CN,31313,D,2,0,,1.71131,1.42364,0.1615,VERDE,1093,,0
135,CN,111694,A,27,0,,2.07884,2.23408,0.17191,VERDE,1093,,0
134,CN,111668,B,23,0,,1.98964,1.87763,0.19415,VERDE,1093,,0
133,CN,18228,D,30,0,,1.95358,1.46498,0.11246,VERDE,1093,,0
132,CN,141574,A,27,0,,0.69982,1.45358,0.03441,VERDE,1093,,0
131,CN,111558,D,21,0,,3.29206,1.65709,0.14008,VERDE,1093,,0
130,CN,141725,E,29,0,,1.82114,1.93167,0.06674,VERDE,1093,,0
129,CN,141597,B,26,0,,2.13571,1.60964,0.14865,VERDE,1093,,0
128,CN,81969,A,21,0,,2.00512,1.35453,0.16882,VERDE,1093,,0
127,CN,141731,E,29,0,,1.52512,3.19204,0.11283,VERDE,1093,,0
126,CN,31381,C,26,0,,1.75013,1.52509,0.16155,VERDE,1093,,0
125,CN,90130,B,20,0,,1.73494,2.08841,0.27619,VERDE,1093,,0
124,CN,41054,A,28,0,,1.2012,0.97602,0.22536,VERDE,1093,,0
123,CN,85445,E,20,0,,4.44898,1.4048,0.15587,VERDE,1093,,0
122,CN,97915,C,24,0,,2.39896,2.76588,0.1897,VERDE,1093,,0
121,CN,28034,A,18,0,,1.51222,1.41874,0.14908,VERDE,1093,,0
120,CN,97727,E,18,0,,2.35097,1.00991,0.30639,VERDE,1093,,0
119,CN,44969,B,25,0,,3.07166,1.89127,0.25272,VERDE,1093,,0
118,CN,85860,C,24,0,,5.31621,2.04288,0.17088,VERDE,1093,,0
117,CN,43073,A,17,0,,1.48588,0.96735,0.24215,VERDE,1093,,0
116,CN,141712,D,16,0,,1.87507,0.91052,0.15109,VERDE,1093,,0
115,CN,96189,D,22,0,,2.54149,1.20769,0.21012,VERDE,1093,,0
114,CN,141545,B,12,0,,2.33494,1.44802,0.20932,VERDE,1093,,0
113,CN,117854,C,15,0,,3.55169,1.49398,0.20257,VERDE,1093,,0
112,CN,141605,D,19,1,Bilog no converge,,,,VERDE,1093,,0
111,CN,89554,D,7,1,BLG no rodou,,,,VERDE,1093,,0
110,CN,78716,C,14,0,,2.02681,0.56741,0.2452,VERDE,1093,,0
109,CN,97761,C,17,0,,0.8924,1.01697,0.29789,VERDE,1093,,0
108,CN,78377,B,6,0,,0.60239,2.40137,0.12017,VERDE,1093,,0
107,CN,37769,B,14,0,,1.78429,2.50062,0.27071,VERDE,1093,,0
106,CN,96244,E,15,0,,5.67249,1.52791,0.14273,VERDE,1093,,0
105,CN,64203,A,5,1,bisblg < -0.15,,,,VERDE,1093,,0
104,CN,98106,E,13,0,,2.46518,1.46748,0.06515,VERDE,1093,,0
103,CN,141547,B,10,0,,1.90673,1.4644,0.34041,VERDE,1093,,0
102,CN,87998,E,3,0,,2.14355,1.77912,0.08867,VERDE,1093,,0
101,CN,141726,A,11,0,,1.68577,1.10708,0.12014,VERDE,1093,,0
100,CN,126560,C,22,0,,2.41581,0.78824,0.19317,VERDE,1093,,0
99,CN,28632,C,9,0,,1.99451,1.78678,0.12762,VERDE,1093,,0
98,CN,111613,A,2,0,,3.25053,1.20513,0.08404,VERDE,1093,,0
97,CN,111431,E,9,0,,3.48192,1.70426,0.15448,VERDE,1093,,0
96,CN,83901,B,8,0,,0.40583,2.51676,0.00918,VERDE,1093,,0
95,CN,88655,D,4,0,,3.82953,0.85524,0.11511,VERDE,1093,,0
94,CN,141503,C,3,0,,2.86161,0.4948,0.1606,VERDE,1093,,0
93,CN,82765,E,1,0,,0.98394,1.03388,0.00428,VERDE,1093,,0
92,CN,40571,E,1,0,,,,,VERDE,1093,,0
