CO_POSICAO;SG_AREA;CO_ITEM;TX_GABARITO;CO_HABILIDADE;IN_ITEM_ABAN;TX_MOTIVO_ABAN;NU_PARAM_A;NU_PARAM_B;NU_PARAM_C;TX_COR;CO_PROVA;TP_LINGUA;IN_ITEM_ADAPTADO
1;CH;67718;E;16;0;;2.55238;0.46672;0.26522;Azul;195;;
2;CH;24323;C;5;0;;1.78029;0.86701;0.2147;Azul;195;;
3;CH;59956;B;29;0;;1.17717;3.04416;0.10704;Azul;195;;
4;CH;49310;D;4;0;;0.92824;1.73009;0.1265;Azul;195;;
5;CH;46855;A;20;0;;2.2357;0.85492;0.15776;Azul;195;;
6;CH;67994;D;8;0;;3.08701;1.4265;0.14773;Azul;195;;
7;CH;25276;A;18;0;;1.18532;0.01861;0.2096;Azul;195;;
8;CH;59833;D;3;0;;3.59227;0.50242;0.26104;Azul;195;;
9;CH;63625;E;17;0;;2.73114;1.10084;0.1605;Azul;195;;
10;CH;54201;C;18;0;;3.15175;0.77756;0.32448;Azul;195;;
11;CH;25454;A;24;0;;2.31205;0.41073;0.18311;Azul;195;;
12;CH;30991;A;23;0;;2.10172;0.70392;0.15742;Azul;195;;
13;CH;25354;B;26;0;;0.89886;0.64478;0.23257;Azul;195;;
14;CH;24800;B;12;0;;3.09471;0.52391;0.1787;Azul;195;;
15;CH;11476;E;11;0;;1.61838;2.20531;0.22184;Azul;195;;
16;CH;42142;C;5;0;;2.49341;0.82321;0.18585;Azul;195;;
17;CH;44452;B;22;0;;0.34104;0.60682;0.16604;Azul;195;;
18;CH;49583;C;11;0;;1.72415;0.43534;0.013;Azul;195;;
19;CH;24631;C;4;0;;3.64335;0.41592;0.21298;Azul;195;;
20;CH;55791;E;27;0;;1.38636;0.82831;0.06684;Azul;195;;
21;CH;38143;A;13;0;;1.21691;-0.05997;0.20758;Azul;195;;
22;CH;15260;D;27;0;;2.60708;2.30179;0.14975;Azul;195;;
23;CH;56013;B;7;0;;2.88684;0.37426;0.27551;Azul;195;;
24;CH;63472;A;1;0;;1.4864;0.78624;0.0483;Azul;195;;
25;CH;66217;B;1;0;;1.64831;1.90451;0.09338;Azul;195;;
26;CH;54668;D;6;0;;2.85822;1.20972;0.1217;Azul;195;;
27;CH;63269;E;19;0;;2.0277;1.48294;0.15376;Azul;195;;
28;CH;24456;E;24;0;;1.35744;1.07;0.24935;Azul;195;;
29;CH;8831;C;15;0;;1.94892;2.27327;0.12949;Azul;195;;
30;CH;67091;A;25;0;;2.79763;0.6892;0.17227;Azul;195;;
31;CH;38733;A;2;0;;0.89558;2.01594;0.25981;Azul;195;;
32;CH;68462;D;10;0;;1.84372;1.40633;0.05687;Azul;195;;
33;CH;68887;E;10;0;;1.8402;1.23224;0.15407;Azul;195;;
34;CH;47424;C;28;0;;1.16371;1.90465;0.24597;Azul;195;;
35;CH;66895;E;29;0;;1.96287;1.96008;0.12172;Azul;195;;
36;CH;68255;D;6;0;;1.37171;1.33586;0.07794;Azul;195;;
37;CH;25323;C;9;0;;2.44388;1.16416;0.17099;Azul;195;;
38;CH;48878;E;30;0;;1.59948;2.30342;0.178;Azul;195;;
39;CH;67274;B;13;0;;2.20052;1.38117;0.13293;Azul;195;;
40;CH;26036;D;29;0;;2.55496;1.69571;0.07739;Azul;195;;
41;CH;37340;B;21;0;;2.65576;1.42138;0.17486;Azul;195;;
42;CH;68434;A;14;0;;2.35318;1.4709;0.20182;Azul;195;;
43;CH;55399;B;8;0;;4.04769;1.4331;0.1523;Azul;195;;
44;CH;54534;C;9;0;;2.85672;1.6576;0.08903;Azul;195;;
45;CH;24561;A;15;0;;1.28675;1.26525;0.19317;Azul;195;;
1;CH;67091;A;25;0;;2.79763;0.6892;0.17227;Amarelo;196;;
2;CH;38733;A;2;0;;0.89558;2.01594;0.25981;Amarelo;196;;
3;CH;68462;D;10;0;;1.84372;1.40633;0.05687;Amarelo;196;;
4;CH;68887;E;10;0;;1.8402;1.23224;0.15407;Amarelo;196;;
5;CH;25454;A;24;0;;2.31205;0.41073;0.18311;Amarelo;196;;
6;CH;30991;A;23;0;;2.10172;0.70392;0.15742;Amarelo;196;;
7;CH;25354;B;26;0;;0.89886;0.64478;0.23257;Amarelo;196;;
8;CH;24800;B;12;0;;3.09471;0.52391;0.1787;Amarelo;196;;
9;CH;11476;E;11;0;;1.61838;2.20531;0.22184;Amarelo;196;;
10;CH;38143;A;13;0;;1.21691;-0.05997;0.20758;Amarelo;196;;
11;CH;15260;D;27;0;;2.60708;2.30179;0.14975;Amarelo;196;;
12;CH;56013;B;7;0;;2.88684;0.37426;0.27551;Amarelo;196;;
13;CH;63472;A;1;0;;1.4864;0.78624;0.0483;Amarelo;196;;
14;CH;66217;B;1;0;;1.64831;1.90451;0.09338;Amarelo;196;;
15;CH;59956;B;29;0;;1.17717;3.04416;0.10704;Amarelo;196;;
16;CH;49310;D;4;0;;0.92824;1.73009;0.1265;Amarelo;196;;
17;CH;46855;A;20;0;;2.2357;0.85492;0.15776;Amarelo;196;;
18;CH;67994;D;8;0;;3.08701;1.4265;0.14773;Amarelo;196;;
19;CH;44452;B;22;0;;0.34104;0.60682;0.16604;Amarelo;196;;
20;CH;49583;C;11;0;;1.72415;0.43534;0.013;Amarelo;196;;
21;CH;24631;C;4;0;;3.64335;0.41592;0.21298;Amarelo;196;;
22;CH;55791;E;27;0;;1.38636;0.82831;0.06684;Amarelo;196;;
23;CH;67718;E;16;0;;2.55238;0.46672;0.26522;Amarelo;196;;
24;CH;24323;C;5;0;;1.78029;0.86701;0.2147;Amarelo;196;;
25;CH;47424;C;28;0;;1.16371;1.90465;0.24597;Amarelo;196;;
26;CH;66895;E;29;0;;1.96287;1.96008;0.12172;Amarelo;196;;
27;CH;68255;D;6;0;;1.37171;1.33586;0.07794;Amarelo;196;;
28;CH;24456;E;24;0;;1.35744;1.07;0.24935;Amarelo;196;;
29;CH;8831;C;15;0;;1.94892;2.27327;0.12949;Amarelo;196;;
30;CH;55399;B;8;0;;4.04769;1.4331;0.1523;Amarelo;196;;
31;CH;54534;C;9;0;;2.85672;1.6576;0.08903;Amarelo;196;;
32;CH;24561;A;15;0;;1.28675;1.26525;0.19317;Amarelo;196;;
33;CH;67274;B;13;0;;2.20052;1.38117;0.13293;Amarelo;196;;
34;CH;26036;D;29;0;;2.55496;1.69571;0.07739;Amarelo;196;;
35;CH;37340;B;21;0;;2.65576;1.42138;0.17486;Amarelo;196;;
36;CH;68434;A;14;0;;2.35318;1.4709;0.20182;Amarelo;196;;
37;CH;42142;C;5;0;;2.49341;0.82321;0.18585;Amarelo;196;;
38;CH;25323;C;9;0;;2.44388;1.16416;0.17099;Amarelo;196;;
39;CH;48878;E;30;0;;1.59948;2.30342;0.178;Amarelo;196;;
40;CH;54668;D;6;0;;2.85822;1.20972;0.1217;Amarelo;196;;
41;CH;63269;E;19;0;;2.0277;1.48294;0.15376;Amarelo;196;;
42;CH;25276;A;18;0;;1.18532;0.01861;0.2096;Amarelo;196;;
43;CH;59833;D;3;0;;3.59227;0.50242;0.26104;Amarelo;196;;
44;CH;63625;E;17;0;;2.73114;1.10084;0.1605;Amarelo;196;;
45;CH;54201;C;18;0;;3.15175;0.77756;0.32448;Amarelo;196;;
1;CH;25276;A;18;0;;1.18532;0.01861;0.2096;Branco;197;;
2;CH;59833;D;3;0;;3.59227;0.50242;0.26104;Branco;197;;
3;CH;63625;E;17;0;;2.73114;1.10084;0.1605;Branco;197;;
4;CH;54201;C;18;0;;3.15175;0.77756;0.32448;Branco;197;;
5;CH;67718;E;16;0;;2.55238;0.46672;0.26522;Branco;197;;
6;CH;24323;C;5;0;;1.78029;0.86701;0.2147;Branco;197;;
7;CH;44452;B;22;0;;0.34104;0.60682;0.16604;Branco;197;;
8;CH;49583;C;11;0;;1.72415;0.43534;0.013;Branco;197;;
9;CH;24631;C;4;0;;3.64335;0.41592;0.21298;Branco;197;;
10;CH;55791;E;27;0;;1.38636;0.82831;0.06684;Branco;197;;
11;CH;42142;C;5;0;;2.49341;0.82321;0.18585;Branco;197;;
12;CH;25454;A;24;0;;2.31205;0.41073;0.18311;Branco;197;;
13;CH;30991;A;23;0;;2.10172;0.70392;0.15742;Branco;197;;
14;CH;25354;B;26;0;;0.89886;0.64478;0.23257;Branco;197;;
15;CH;24800;B;12;0;;3.09471;0.52391;0.1787;Branco;197;;
16;CH;11476;E;11;0;;1.61838;2.20531;0.22184;Branco;197;;
17;CH;55399;B;8;0;;4.04769;1.4331;0.1523;Branco;197;;
18;CH;54534;C;9;0;;2.85672;1.6576;0.08903;Branco;197;;
19;CH;24561;A;15;0;;1.28675;1.26525;0.19317;Branco;197;;
20;CH;67274;B;13;0;;2.20052;1.38117;0.13293;Branco;197;;
21;CH;26036;D;29;0;;2.55496;1.69571;0.07739;Branco;197;;
22;CH;37340;B;21;0;;2.65576;1.42138;0.17486;Branco;197;;
23;CH;68434;A;14;0;;2.35318;1.4709;0.20182;Branco;197;;
24;CH;24456;E;24;0;;1.35744;1.07;0.24935;Branco;197;;
25;CH;8831;C;15;0;;1.94892;2.27327;0.12949;Branco;197;;
26;CH;25323;C;9;0;;2.44388;1.16416;0.17099;Branco;197;;
27;CH;48878;E;30;0;;1.59948;2.30342;0.178;Branco;197;;
28;CH;54668;D;6;0;;2.85822;1.20972;0.1217;Branco;197;;
29;CH;63269;E;19;0;;2.0277;1.48294;0.15376;Branco;197;;
30;CH;59956;B;29;0;;1.17717;3.04416;0.10704;Branco;197;;
31;CH;49310;D;4;0;;0.92824;1.73009;0.1265;Branco;197;;
32;CH;46855;A;20;0;;2.2357;0.85492;0.15776;Branco;197;;
33;CH;67994;D;8;0;;3.08701;1.4265;0.14773;Branco;197;;
34;CH;47424;C;28;0;;1.16371;1.90465;0.24597;Branco;197;;
35;CH;66895;E;29;0;;1.96287;1.96008;0.12172;Branco;197;;
36;CH;68255;D;6;0;;1.37171;1.33586;0.07794;Branco;197;;
37;CH;38143;A;13;0;;1.21691;-0.05997;0.20758;Branco;197;;
38;CH;15260;D;27;0;;2.60708;2.30179;0.14975;Branco;197;;
39;CH;56013;B;7;0;;2.88684;0.37426;0.27551;Branco;197;;
40;CH;63472;A;1;0;;1.4864;0.78624;0.0483;Branco;197;;
41;CH;66217;B;1;0;;1.64831;1.90451;0.09338;Branco;197;;
42;CH;67091;A;25;0;;2.79763;0.6892;0.17227;Branco;197;;
43;CH;38733;A;2;0;;0.89558;2.01594;0.25981;Branco;197;;
44;CH;68462;D;10;0;;1.84372;1.40633;0.05687;Branco;197;;
45;CH;68887;E;10;0;;1.8402;1.23224;0.15407;Branco;197;;
1;CH;25454;A;24;0;;2.31205;0.41073;0.18311;Rosa;198;;
2;CH;30991;A;23;0;;2.10172;0.70392;0.15742;Rosa;198;;
3;CH;25354;B;26;0;;0.89886;0.64478;0.23257;Rosa;198;;
4;CH;24800;B;12;0;;3.09471;0.52391;0.1787;Rosa;198;;
5;CH;11476;E;11;0;;1.61838;2.20531;0.22184;Rosa;198;;
6;CH;67091;A;25;0;;2.79763;0.6892;0.17227;Rosa;198;;
7;CH;38733;A;2;0;;0.89558;2.01594;0.25981;Rosa;198;;
8;CH;68462;D;10;0;;1.84372;1.40633;0.05687;Rosa;198;;
9;CH;68887;E;10;0;;1.8402;1.23224;0.15407;Rosa;198;;
10;CH;38143;A;13;0;;1.21691;-0.05997;0.20758;Rosa;198;;
11;CH;15260;D;27;0;;2.60708;2.30179;0.14975;Rosa;198;;
12;CH;56013;B;7;0;;2.88684;0.37426;0.27551;Rosa;198;;
13;CH;63472;A;1;0;;1.4864;0.78624;0.0483;Rosa;198;;
14;CH;66217;B;1;0;;1.64831;1.90451;0.09338;Rosa;198;;
15;CH;47424;C;28;0;;1.16371;1.90465;0.24597;Rosa;198;;
16;CH;66895;E;29;0;;1.96287;1.96008;0.12172;Rosa;198;;
17;CH;68255;D;6;0;;1.37171;1.33586;0.07794;Rosa;198;;
18;CH;59956;B;29;0;;1.17717;3.04416;0.10704;Rosa;198;;
19;CH;49310;D;4;0;;0.92824;1.73009;0.1265;Rosa;198;;
20;CH;46855;A;20;0;;2.2357;0.85492;0.15776;Rosa;198;;
21;CH;67994;D;8;0;;3.08701;1.4265;0.14773;Rosa;198;;
22;CH;54668;D;6;0;;2.85822;1.20972;0.1217;Rosa;198;;
23;CH;63269;E;19;0;;2.0277;1.48294;0.15376;Rosa;198;;
24;CH;24456;E;24;0;;1.35744;1.07;0.24935;Rosa;198;;
25;CH;8831;C;15;0;;1.94892;2.27327;0.12949;Rosa;198;;
26;CH;67718;E;16;0;;2.55238;0.46672;0.26522;Rosa;198;;
27;CH;24323;C;5;0;;1.78029;0.86701;0.2147;Rosa;198;;
28;CH;25323;C;9;0;;2.44388;1.16416;0.17099;Rosa;198;;
29;CH;48878;E;30;0;;1.59948;2.30342;0.178;Rosa;198;;
30;CH;25276;A;18;0;;1.18532;0.01861;0.2096;Rosa;198;;
31;CH;59833;D;3;0;;3.59227;0.50242;0.26104;Rosa;198;;
32;CH;63625;E;17;0;;2.73114;1.10084;0.1605;Rosa;198;;
33;CH;54201;C;18;0;;3.15175;0.77756;0.32448;Rosa;198;;
34;CH;67274;B;13;0;;2.20052;1.38117;0.13293;Rosa;198;;
35;CH;26036;D;29;0;;2.55496;1.69571;0.07739;Rosa;198;;
36;CH;37340;B;21;0;;2.65576;1.42138;0.17486;Rosa;198;;
37;CH;68434;A;14;0;;2.35318;1.4709;0.20182;Rosa;198;;
38;CH;42142;C;5;0;;2.49341;0.82321;0.18585;Rosa;198;;
39;CH;55399;B;8;0;;4.04769;1.4331;0.1523;Rosa;198;;
40;CH;54534;C;9;0;;2.85672;1.6576;0.08903;Rosa;198;;
41;CH;24561;A;15;0;;1.28675;1.26525;0.19317;Rosa;198;;
42;CH;44452;B;22;0;;0.34104;0.60682;0.16604;Rosa;198;;
43;CH;49583;C;11;0;;1.72415;0.43534;0.013;Rosa;198;;
44;CH;24631;C;4;0;;3.64335;0.41592;0.21298;Rosa;198;;
45;CH;55791;E;27;0;;1.38636;0.82831;0.06684;Rosa;198;;
1;CH;40452;C;;0;;3.52651;1.65629;0.06997;Branco;211;;
2;CH;21679;D;;0;;1.5398;1.33715;0.23106;Branco;211;;
3;CH;26108;E;;0;;1.06746;0.11125;0.21214;Branco;211;;
4;CH;40122;D;;0;;2.42085;1.24225;0.18105;Branco;211;;
5;CH;40422;E;;0;;2.62949;2.24096;0.2153;Branco;211;;
6;CH;23767;A;;0;;1.81588;0.93235;0.21274;Branco;211;;
7;CH;27207;E;;0;;5.12389;0.63195;0.17573;Branco;211;;
8;CH;15427;C;;0;;2.83449;0.56927;0.16743;Branco;211;;
9;CH;41302;A;;0;;2.09415;0.14171;0.20335;Branco;211;;
10;CH;37514;B;;0;;1.3105;0.67024;0.21238;Branco;211;;
11;CH;43896;D;;0;;2.30908;1.22522;0.21938;Branco;211;;
12;CH;19190;D;;0;;0.97148;1.43748;0.27415;Branco;211;;
13;CH;38734;D;;0;;1.96265;1.28902;0.20553;Branco;211;;
14;CH;38509;A;;0;;3.22128;1.13194;0.21537;Branco;211;;
15;CH;26169;A;;0;;1.36449;0.88196;0.24889;Branco;211;;
16;CH;40275;B;;0;;2.15199;1.59572;0.21857;Branco;211;;
17;CH;31461;A;;0;;3.08006;2.08352;0.0899;Branco;211;;
18;CH;29082;C;;0;;2.16405;0.86066;0.26056;Branco;211;;
19;CH;25745;C;;0;;1.37185;1.68415;0.19811;Branco;211;;
20;CH;39783;C;;0;;1.87011;0.38641;0.20566;Branco;211;;
21;CH;29393;D;;0;;1.61898;0.80812;0.24024;Branco;211;;
22;CH;37453;C;;0;;1.04368;1.85695;0.32037;Branco;211;;
23;CH;13177;A;;0;;2.32638;1.18481;0.16999;Branco;211;;
24;CH;15270;A;;0;;1.71665;0.60579;0.19107;Branco;211;;
25;CH;11495;E;;0;;0.93079;1.09878;0.24857;Branco;211;;
26;CH;37528;D;;0;;3.57632;0.57871;0.18307;Branco;211;;
27;CH;14527;A;;0;;2.00058;1.10964;0.20551;Branco;211;;
28;CH;25234;D;;0;;1.55754;0.5465;0.19345;Branco;211;;
29;CH;29336;A;;0;;2.75076;1.49681;0.15659;Branco;211;;
30;CH;25331;C;;0;;2.72796;1.02893;0.14138;Branco;211;;
31;CH;7519;B;;0;;2.43;0.531;0.154;Branco;211;;
32;CH;23517;B;;0;;0.91089;0.46907;0.21364;Branco;211;;
33;CH;15433;C;;0;;2.89457;0.57248;0.20313;Branco;211;;
34;CH;15364;D;;0;;2.05268;1.52361;0.15865;Branco;211;;
35;CH;28907;C;;0;;2.00554;0.09702;0.20928;Branco;211;;
36;CH;27027;D;;0;;2.7453;0.33534;0.17591;Branco;211;;
37;CH;37414;D;;0;;3.53327;0.97535;0.13941;Branco;211;;
38;CH;8441;A;;0;;1.191;2.504;0.314;Branco;211;;
39;CH;19156;A;;0;;1.02514;1.02204;0.21811;Branco;211;;
40;CH;23963;E;;0;;4.52387;0.80442;0.17196;Branco;211;;
41;CH;39502;E;;0;;2.49188;0.36045;0.19351;Branco;211;;
42;CH;37084;B;;0;;2.07472;0.32333;0.19991;Branco;211;;
43;CH;24959;D;;0;;2.49559;1.20038;0.15286;Branco;211;;
44;CH;25464;D;;0;;2.67003;1.2654;0.19197;Branco;211;;
45;CH;30727;B;;0;;3.75148;1.8911;0.16673;Branco;211;;
1;CH;25276;A;18;0;;1.18532;0.01861;0.2096;Branco-Ledor;215;;1
2;CH;59833;D;3;0;;3.59227;0.50242;0.26104;Branco-Ledor;215;;1
3;CH;63625;E;17;0;;2.73114;1.10084;0.1605;Branco-Ledor;215;;1
4;CH;54201;C;18;0;;3.15175;0.77756;0.32448;Branco-Ledor;215;;1
5;CH;67718;E;16;0;;2.55238;0.46672;0.26522;Branco-Ledor;215;;1
6;CH;24323;C;5;0;;1.78029;0.86701;0.2147;Branco-Ledor;215;;1
7;CH;44452;B;22;0;;0.34104;0.60682;0.16604;Branco-Ledor;215;;1
8;CH;49583;C;11;0;;1.72415;0.43534;0.013;Branco-Ledor;215;;1
9;CH;24631;C;4;0;;3.64335;0.41592;0.21298;Branco-Ledor;215;;1
10;CH;55791;E;27;0;;1.38636;0.82831;0.06684;Branco-Ledor;215;;1
11;CH;42142;C;5;0;;2.49341;0.82321;0.18585;Branco-Ledor;215;;1
12;CH;25454;A;24;0;;2.31205;0.41073;0.18311;Branco-Ledor;215;;1
13;CH;30991;A;23;0;;2.10172;0.70392;0.15742;Branco-Ledor;215;;1
14;CH;25354;B;26;0;;0.89886;0.64478;0.23257;Branco-Ledor;215;;1
15;CH;24800;B;12;0;;3.09471;0.52391;0.1787;Branco-Ledor;215;;1
16;CH;11476;E;11;0;;1.61838;2.20531;0.22184;Branco-Ledor;215;;1
17;CH;55399;B;8;0;;4.04769;1.4331;0.1523;Branco-Ledor;215;;1
18;CH;54534;C;9;0;;2.85672;1.6576;0.08903;Branco-Ledor;215;;1
19;CH;24561;A;15;0;;1.28675;1.26525;0.19317;Branco-Ledor;215;;1
20;CH;67274;B;13;0;;2.20052;1.38117;0.13293;Branco-Ledor;215;;1
21;CH;26036;D;29;0;;2.55496;1.69571;0.07739;Branco-Ledor;215;;1
22;CH;37340;B;21;0;;2.65576;1.42138;0.17486;Branco-Ledor;215;;1
23;CH;68434;A;14;0;;2.35318;1.4709;0.20182;Branco-Ledor;215;;1
24;CH;24456;E;24;0;;1.35744;1.07;0.24935;Branco-Ledor;215;;1
25;CH;8831;C;15;0;;1.94892;2.27327;0.12949;Branco-Ledor;215;;1
26;CH;25323;C;9;0;;2.44388;1.16416;0.17099;Branco-Ledor;215;;1
27;CH;48878;E;30;0;;1.59948;2.30342;0.178;Branco-Ledor;215;;1
28;CH;54668;D;6;0;;2.85822;1.20972;0.1217;Branco-Ledor;215;;1
29;CH;63269;E;19;0;;2.0277;1.48294;0.15376;Branco-Ledor;215;;1
30;CH;59956;B;29;0;;1.17717;3.04416;0.10704;Branco-Ledor;215;;1
31;CH;49310;D;4;0;;0.92824;1.73009;0.1265;Branco-Ledor;215;;1
32;CH;46855;A;20;0;;2.2357;0.85492;0.15776;Branco-Ledor;215;;1
33;CH;67994;D;8;0;;3.08701;1.4265;0.14773;Branco-Ledor;215;;1
34;CH;47424;C;28;0;;1.16371;1.90465;0.24597;Branco-Ledor;215;;1
35;CH;66895;E;29;0;;1.96287;1.96008;0.12172;Branco-Ledor;215;;1
36;CH;68255;D;6;0;;1.37171;1.33586;0.07794;Branco-Ledor;215;;1
37;CH;38143;A;13;0;;1.21691;-0.05997;0.20758;Branco-Ledor;215;;1
38;CH;15260;D;27;0;;2.60708;2.30179;0.14975;Branco-Ledor;215;;1
39;CH;56013;B;7;0;;2.88684;0.37426;0.27551;Branco-Ledor;215;;1
40;CH;63472;A;1;0;;1.4864;0.78624;0.0483;Branco-Ledor;215;;1
41;CH;66217;B;1;0;;1.64831;1.90451;0.09338;Branco-Ledor;215;;1
42;CH;67091;A;25;0;;2.79763;0.6892;0.17227;Branco-Ledor;215;;1
43;CH;38733;A;2;0;;0.89558;2.01594;0.25981;Branco-Ledor;215;;1
44;CH;68462;D;10;0;;1.84372;1.40633;0.05687;Branco-Ledor;215;;1
45;CH;68887;E;10;0;;1.8402;1.23224;0.15407;Branco-Ledor;215;;1
1;CH;40452;C;;0;;3.52651;1.65629;0.06997;Branco-Ledor;219;;1
2;CH;21679;D;;0;;1.5398;1.33715;0.23106;Branco-Ledor;219;;1
3;CH;26108;E;;0;;1.06746;0.11125;0.21214;Branco-Ledor;219;;1
4;CH;40122;D;;0;;2.42085;1.24225;0.18105;Branco-Ledor;219;;1
5;CH;40422;E;;0;;2.62949;2.24096;0.2153;Branco-Ledor;219;;1
6;CH;23767;A;;0;;1.81588;0.93235;0.21274;Branco-Ledor;219;;1
7;CH;27207;E;;0;;5.12389;0.63195;0.17573;Branco-Ledor;219;;1
8;CH;15427;C;;0;;2.83449;0.56927;0.16743;Branco-Ledor;219;;1
9;CH;41302;A;;0;;2.09415;0.14171;0.20335;Branco-Ledor;219;;1
10;CH;37514;B;;0;;1.3105;0.67024;0.21238;Branco-Ledor;219;;1
11;CH;43896;D;;0;;2.30908;1.22522;0.21938;Branco-Ledor;219;;1
12;CH;19190;D;;0;;0.97148;1.43748;0.27415;Branco-Ledor;219;;1
13;CH;38734;D;;0;;1.96265;1.28902;0.20553;Branco-Ledor;219;;1
14;CH;38509;A;;0;;3.22128;1.13194;0.21537;Branco-Ledor;219;;1
15;CH;26169;A;;0;;1.36449;0.88196;0.24889;Branco-Ledor;219;;1
16;CH;40275;B;;0;;2.15199;1.59572;0.21857;Branco-Ledor;219;;1
17;CH;31461;A;;0;;3.08006;2.08352;0.0899;Branco-Ledor;219;;1
18;CH;29082;C;;0;;2.16405;0.86066;0.26056;Branco-Ledor;219;;1
19;CH;25745;C;;0;;1.37185;1.68415;0.19811;Branco-Ledor;219;;1
20;CH;39783;C;;0;;1.87011;0.38641;0.20566;Branco-Ledor;219;;1
21;CH;29393;D;;0;;1.61898;0.80812;0.24024;Branco-Ledor;219;;1
22;CH;37453;C;;0;;1.04368;1.85695;0.32037;Branco-Ledor;219;;1
23;CH;13177;A;;0;;2.32638;1.18481;0.16999;Branco-Ledor;219;;1
24;CH;15270;A;;0;;1.71665;0.60579;0.19107;Branco-Ledor;219;;1
25;CH;11495;E;;0;;0.93079;1.09878;0.24857;Branco-Ledor;219;;1
26;CH;37528;D;;0;;3.57632;0.57871;0.18307;Branco-Ledor;219;;1
27;CH;14527;A;;0;;2.00058;1.10964;0.20551;Branco-Ledor;219;;1
28;CH;25234;D;;0;;1.55754;0.5465;0.19345;Branco-Ledor;219;;1
29;CH;29336;A;;0;;2.75076;1.49681;0.15659;Branco-Ledor;219;;1
30;CH;25331;C;;0;;2.72796;1.02893;0.14138;Branco-Ledor;219;;1
31;CH;7519;B;;0;;2.43;0.531;0.154;Branco-Ledor;219;;1
32;CH;23517;B;;0;;0.91089;0.46907;0.21364;Branco-Ledor;219;;1
33;CH;15433;C;;0;;2.89457;0.57248;0.20313;Branco-Ledor;219;;1
34;CH;15364;D;;0;;2.05268;1.52361;0.15865;Branco-Ledor;219;;1
35;CH;28907;C;;0;;2.00554;0.09702;0.20928;Branco-Ledor;219;;1
36;CH;27027;D;;0;;2.7453;0.33534;0.17591;Branco-Ledor;219;;1
37;CH;37414;D;;0;;3.53327;0.97535;0.13941;Branco-Ledor;219;;1
38;CH;8441;A;;0;;1.191;2.504;0.314;Branco-Ledor;219;;1
39;CH;19156;A;;0;;1.02514;1.02204;0.21811;Branco-Ledor;219;;1
40;CH;23963;E;;0;;4.52387;0.80442;0.17196;Branco-Ledor;219;;1
41;CH;39502;E;;0;;2.49188;0.36045;0.19351;Branco-Ledor;219;;1
42;CH;37084;B;;0;;2.07472;0.32333;0.19991;Branco-Ledor;219;;1
43;CH;24959;D;;0;;2.49559;1.20038;0.15286;Branco-Ledor;219;;1
44;CH;25464;D;;0;;2.67003;1.2654;0.19197;Branco-Ledor;219;;1
45;CH;30727;B;;0;;3.75148;1.8911;0.16673;Branco-Ledor;219;;1
1;CH;8358;D;;0;;1.43;1.488;0.124;Branco;223;;
2;CH;38039;D;;0;;2.50652;2.45109;0.0732;Branco;223;;
3;CH;6914;A;;0;;1.284;2.492;0.176;Branco;223;;
4;CH;6930;C;;0;;3.251;1.681;0.222;Branco;223;;
5;CH;12363;E;;0;;1.676;-0.079;0.176;Branco;223;;
6;CH;7788;D;;0;;0.941;2.45;0.301;Branco;223;;
7;CH;8387;C;;0;;3.281;0.089;0.157;Branco;223;;
8;CH;37301;B;;0;;3.05853;1.65013;0.12601;Branco;223;;
9;CH;9350;D;;0;;3.277;0.666;0.156;Branco;223;;
10;CH;18371;D;;0;;2.05963;1.53718;0.23572;Branco;223;;
11;CH;25447;D;;0;;1.20637;0.45917;0.21158;Branco;223;;
12;CH;10471;E;;0;;0.926;1.952;0.27;Branco;223;;
13;CH;8457;D;;0;;2.891;1.878;0.098;Branco;223;;
14;CH;40388;A;;0;;1.70974;1.82026;0.1822;Branco;223;;
15;CH;11406;D;;0;;1.94033;1.74147;0.14431;Branco;223;;
16;CH;9016;D;;0;;1.101;3.016;0.153;Branco;223;;
17;CH;32639;A;;0;;1.55766;1.13728;0.22359;Branco;223;;
18;CH;13689;A;;0;;2.655;2.991;0.119;Branco;223;;
19;CH;7809;C;;0;;2.159;0.892;0.226;Branco;223;;
20;CH;8506;D;;0;;1.05;1.204;0.162;Branco;223;;
21;CH;8432;D;;0;;2.769;0.013;0.18;Branco;223;;
22;CH;8420;A;;0;;1.82;1.287;0.114;Branco;223;;
23;CH;8436;A;;0;;2.369;0.019;0.151;Branco;223;;
24;CH;11044;A;;0;;1.868;-0.038;0.153;Branco;223;;
25;CH;7611;A;;0;;2.116;0.557;0.136;Branco;223;;
26;CH;26915;D;;0;;2.29739;1.15462;0.18581;Branco;223;;
27;CH;8884;C;;0;;2.265;2.715;0.109;Branco;223;;
28;CH;8443;C;;0;;1.429;0.501;0.148;Branco;223;;
29;CH;8434;A;;0;;2.421;0.972;0.184;Branco;223;;
30;CH;10836;B;;0;;1.414;0.424;0.171;Branco;223;;
31;CH;8417;A;;0;;1.544;1.091;0.182;Branco;223;;
32;CH;7578;E;;0;;1.09;2.342;0.332;Branco;223;;
33;CH;6918;B;;0;;1.127;1.985;0.307;Branco;223;;
34;CH;9995;A;;0;;3.151;0.788;0.194;Branco;223;;
35;CH;11605;E;;0;;1.2958;0.47601;0.20422;Branco;223;;
36;CH;31089;A;;0;;2.50262;1.37094;0.15267;Branco;223;;
37;CH;7562;D;;0;;2.002;1.245;0.086;Branco;223;;
38;CH;19911;C;;0;;1.63456;1.60551;0.18603;Branco;223;;
39;CH;12429;E;;0;;3.334;0.73;0.152;Branco;223;;
40;CH;24401;E;;0;;2.34111;1.25487;0.26418;Branco;223;;
41;CH;39165;A;;0;;2.21021;0.73208;0.20852;Branco;223;;
42;CH;12193;B;;0;;3.161;-0.118;0.159;Branco;223;;
43;CH;13771;A;;0;;1.743;0.851;0.089;Branco;223;;
44;CH;7008;D;;0;;1.044;-0.791;0.197;Branco;223;;
45;CH;13311;C;;0;;1.922;1.669;0.124;Branco;223;;
1;CH;8358;D;;0;;1.43;1.488;0.124;Branco;228;;
2;CH;38039;D;;0;;2.50652;2.45109;0.0732;Branco;228;;
3;CH;6914;A;;0;;1.284;2.492;0.176;Branco;228;;
4;CH;6930;C;;0;;3.251;1.681;0.222;Branco;228;;
5;CH;12363;E;;0;;1.676;-0.079;0.176;Branco;228;;
6;CH;7788;D;;0;;0.941;2.45;0.301;Branco;228;;
7;CH;8387;C;;0;;3.281;0.089;0.157;Branco;228;;
8;CH;37301;B;;0;;3.05853;1.65013;0.12601;Branco;228;;
9;CH;9350;D;;0;;3.277;0.666;0.156;Branco;228;;
10;CH;18371;D;;0;;2.05963;1.53718;0.23572;Branco;228;;
11;CH;25447;D;;0;;1.20637;0.45917;0.21158;Branco;228;;
12;CH;10471;E;;0;;0.926;1.952;0.27;Branco;228;;
13;CH;8457;D;;0;;2.891;1.878;0.098;Branco;228;;
14;CH;40388;A;;0;;1.70974;1.82026;0.1822;Branco;228;;
15;CH;11406;D;;0;;1.94033;1.74147;0.14431;Branco;228;;
16;CH;9016;D;;0;;1.101;3.016;0.153;Branco;228;;
17;CH;32639;A;;0;;1.55766;1.13728;0.22359;Branco;228;;
18;CH;13689;A;;0;;2.655;2.991;0.119;Branco;228;;
19;CH;7809;C;;0;;2.159;0.892;0.226;Branco;228;;
20;CH;8506;D;;0;;1.05;1.204;0.162;Branco;228;;
21;CH;8432;D;;0;;2.769;0.013;0.18;Branco;228;;
22;CH;8420;A;;0;;1.82;1.287;0.114;Branco;228;;
23;CH;8436;A;;0;;2.369;0.019;0.151;Branco;228;;
24;CH;11044;A;;0;;1.868;-0.038;0.153;Branco;228;;
25;CH;7611;A;;0;;2.116;0.557;0.136;Branco;228;;
26;CH;26915;D;;0;;2.29739;1.15462;0.18581;Branco;228;;
27;CH;8884;C;;0;;2.265;2.715;0.109;Branco;228;;
28;CH;8443;C;;0;;1.429;0.501;0.148;Branco;228;;
29;CH;8434;A;;0;;2.421;0.972;0.184;Branco;228;;
30;CH;10836;B;;0;;1.414;0.424;0.171;Branco;228;;
31;CH;8417;A;;0;;1.544;1.091;0.182;Branco;228;;
32;CH;7578;E;;0;;1.09;2.342;0.332;Branco;228;;
33;CH;6918;B;;0;;1.127;1.985;0.307;Branco;228;;
34;CH;9995;A;;0;;3.151;0.788;0.194;Branco;228;;
35;CH;11605;E;;0;;1.2958;0.47601;0.20422;Branco;228;;
36;CH;31089;A;;0;;2.50262;1.37094;0.15267;Branco;228;;
37;CH;7562;D;;0;;2.002;1.245;0.086;Branco;228;;
38;CH;19911;C;;0;;1.63456;1.60551;0.18603;Branco;228;;
39;CH;12429;E;;0;;3.334;0.73;0.152;Branco;228;;
40;CH;24401;E;;0;;2.34111;1.25487;0.26418;Branco;228;;
41;CH;39165;A;;0;;2.21021;0.73208;0.20852;Branco;228;;
42;CH;12193;B;;0;;3.161;-0.118;0.159;Branco;228;;
43;CH;13771;A;;0;;1.743;0.851;0.089;Branco;228;;
44;CH;7008;D;;0;;1.044;-0.791;0.197;Branco;228;;
45;CH;13311;C;;0;;1.922;1.669;0.124;Branco;228;;
46;CN;26717;A;1;0;;2.85384;1.92589;0.14505;Azul;199;;
47;CN;18675;D;30;0;;2.32748;1.18738;0.21921;Azul;199;;
48;CN;54893;B;10;0;;2.58476;2.04165;0.18553;Azul;199;;
49;CN;24942;D;23;0;;2.03602;0.51719;0.17893;Azul;199;;
50;CN;27251;D;2;0;;1.55006;2.1268;0.31822;Azul;199;;
51;CN;49314;A;8;1;Não permitiu a convergência do algoritmo de estimação da TRI;;;;Azul;199;;
52;CN;13968;D;18;0;;2.05475;0.78035;0.16771;Azul;199;;
53;CN;45270;A;3;1;Não permitiu a convergência do algoritmo de estimação da TRI;;;;Azul;199;;
54;CN;32724;B;4;0;;1.33877;1.75228;0.26349;Azul;199;;
55;CN;39365;C;6;0;;3.01003;0.95877;0.18229;Azul;199;;
56;CN;39367;D;26;0;;1.76036;0.97713;0.09657;Azul;199;;
57;CN;37142;C;5;0;;2.2501;1.58493;0.18067;Azul;199;;
58;CN;7222;B;24;0;;4.94938;1.96591;0.17837;Azul;199;;
59;CN;40364;D;25;0;;2.59396;2.34787;0.16309;Azul;199;;
60;CN;39933;C;14;0;;3.50522;0.66203;0.15933;Azul;199;;
61;CN;59611;B;28;0;;1.19827;2.97259;0.28509;Azul;199;;
62;CN;18105;E;21;0;;2.18334;2.8549;0.11594;Azul;199;;
63;CN;24554;E;9;0;;1.67259;1.62363;0.19088;Azul;199;;
64;CN;25634;C;17;0;;2.93715;2.10244;0.21248;Azul;199;;
65;CN;18244;A;24;0;;5.05216;2.36697;0.15184;Azul;199;;
66;CN;26808;B;23;0;;1.54605;2.25004;0.12623;Azul;199;;
67;CN;16800;A;3;0;;3.24091;1.75351;0.17556;Azul;199;;
68;CN;30872;E;19;0;;2.63315;1.25817;0.07409;Azul;199;;
69;CN;61174;E;11;0;;3.32615;0.55299;0.28814;Azul;199;;
70;CN;66279;D;27;0;;3.29792;2.22099;0.12511;Azul;199;;
71;CN;48313;E;12;0;;0.82663;1.06465;0.00558;Azul;199;;
72;CN;16671;A;21;0;;1.16337;1.38241;0.12073;Azul;199;;
73;CN;23205;D;16;0;;2.74071;1.53304;0.14775;Azul;199;;
74;CN;8319;D;13;0;;1.32244;1.48152;0.11328;Azul;199;;
75;CN;41012;B;15;0;;2.58594;0.84758;0.25747;Azul;199;;
76;CN;33083;C;22;0;;1.03867;0.312;0.11225;Azul;199;;
77;CN;44477;B;24;0;;1.87352;1.97033;0.19883;Azul;199;;
78;CN;59726;D;25;0;;0.9927;0.87414;0.04118;Azul;199;;
79;CN;41247;B;18;0;;2.47553;1.19448;0.12259;Azul;199;;
80;CN;48301;E;19;0;;1.36108;0.57513;0.07569;Azul;199;;
81;CN;43414;B;29;0;;1.9749;0.9016;0.18224;Azul;199;;
82;CN;37971;A;20;0;;2.17605;2.26688;0.10775;Azul;199;;
83;CN;43785;B;17;0;;4.02643;1.07065;0.15747;Azul;199;;
84;CN;48937;E;1;0;;1.01975;1.85878;0.11171;Azul;199;;
85;CN;37051;D;11;0;;1.17129;-0.05127;0.21062;Azul;199;;
86;CN;10677;E;24;0;;1.83463;0.90174;0.25055;Azul;199;;
87;CN;24555;A;1;0;;1.47164;0.80341;0.20215;Azul;199;;
88;CN;48929;C;25;0;;2.44256;1.77915;0.1836;Azul;199;;
89;CN;29232;D;2;0;;3.73585;1.3958;0.10898;Azul;199;;
90;CN;44603;C;7;0;;1.44239;1.10564;0.19345;Azul;199;;
46;CN;27251;D;2;0;;1.55006;2.1268;0.31822;Amarelo;200;;
47;CN;49314;A;8;1;Não permitiu a convergência do algoritmo de estimação da TRI;;;;Amarelo;200;;
48;CN;61174;E;11;0;;3.32615;0.55299;0.28814;Amarelo;200;;
49;CN;66279;D;27;0;;3.29792;2.22099;0.12511;Amarelo;200;;
50;CN;48929;C;25;0;;2.44256;1.77915;0.1836;Amarelo;200;;
51;CN;29232;D;2;0;;3.73585;1.3958;0.10898;Amarelo;200;;
52;CN;44603;C;7;0;;1.44239;1.10564;0.19345;Amarelo;200;;
53;CN;16800;A;3;0;;3.24091;1.75351;0.17556;Amarelo;200;;
54;CN;30872;E;19;0;;2.63315;1.25817;0.07409;Amarelo;200;;
55;CN;18244;A;24;0;;5.05216;2.36697;0.15184;Amarelo;200;;
56;CN;26808;B;23;0;;1.54605;2.25004;0.12623;Amarelo;200;;
57;CN;8319;D;13;0;;1.32244;1.48152;0.11328;Amarelo;200;;
58;CN;41012;B;15;0;;2.58594;0.84758;0.25747;Amarelo;200;;
59;CN;33083;C;22;0;;1.03867;0.312;0.11225;Amarelo;200;;
60;CN;44477;B;24;0;;1.87352;1.97033;0.19883;Amarelo;200;;
61;CN;59726;D;25;0;;0.9927;0.87414;0.04118;Amarelo;200;;
62;CN;48313;E;12;0;;0.82663;1.06465;0.00558;Amarelo;200;;
63;CN;16671;A;21;0;;1.16337;1.38241;0.12073;Amarelo;200;;
64;CN;23205;D;16;0;;2.74071;1.53304;0.14775;Amarelo;200;;
65;CN;39365;C;6;0;;3.01003;0.95877;0.18229;Amarelo;200;;
66;CN;39367;D;26;0;;1.76036;0.97713;0.09657;Amarelo;200;;
67;CN;41247;B;18;0;;2.47553;1.19448;0.12259;Amarelo;200;;
68;CN;48301;E;19;0;;1.36108;0.57513;0.07569;Amarelo;200;;
69;CN;43414;B;29;0;;1.9749;0.9016;0.18224;Amarelo;200;;
70;CN;37142;C;5;0;;2.2501;1.58493;0.18067;Amarelo;200;;
71;CN;7222;B;24;0;;4.94938;1.96591;0.17837;Amarelo;200;;
72;CN;40364;D;25;0;;2.59396;2.34787;0.16309;Amarelo;200;;
73;CN;39933;C;14;0;;3.50522;0.66203;0.15933;Amarelo;200;;
74;CN;59611;B;28;0;;1.19827;2.97259;0.28509;Amarelo;200;;
75;CN;18105;E;21;0;;2.18334;2.8549;0.11594;Amarelo;200;;
76;CN;24554;E;9;0;;1.67259;1.62363;0.19088;Amarelo;200;;
77;CN;25634;C;17;0;;2.93715;2.10244;0.21248;Amarelo;200;;
78;CN;37971;A;20;0;;2.17605;2.26688;0.10775;Amarelo;200;;
79;CN;43785;B;17;0;;4.02643;1.07065;0.15747;Amarelo;200;;
80;CN;13968;D;18;0;;2.05475;0.78035;0.16771;Amarelo;200;;
81;CN;45270;A;3;1;Não permitiu a convergência do algoritmo de estimação da TRI;;;;Amarelo;200;;
82;CN;32724;B;4;0;;1.33877;1.75228;0.26349;Amarelo;200;;
83;CN;26717;A;1;0;;2.85384;1.92589;0.14505;Amarelo;200;;
84;CN;18675;D;30;0;;2.32748;1.18738;0.21921;Amarelo;200;;
85;CN;54893;B;10;0;;2.58476;2.04165;0.18553;Amarelo;200;;
86;CN;24942;D;23;0;;2.03602;0.51719;0.17893;Amarelo;200;;
87;CN;48937;E;1;0;;1.01975;1.85878;0.11171;Amarelo;200;;
88;CN;37051;D;11;0;;1.17129;-0.05127;0.21062;Amarelo;200;;
89;CN;10677;E;24;0;;1.83463;0.90174;0.25055;Amarelo;200;;
90;CN;24555;A;1;0;;1.47164;0.80341;0.20215;Amarelo;200;;
46;CN;48937;E;1;0;;1.01975;1.85878;0.11171;Branco;201;;
47;CN;37051;D;11;0;;1.17129;-0.05127;0.21062;Branco;201;;
48;CN;10677;E;24;0;;1.83463;0.90174;0.25055;Branco;201;;
49;CN;24555;A;1;0;;1.47164;0.80341;0.20215;Branco;201;;
50;CN;8319;D;13;0;;1.32244;1.48152;0.11328;Branco;201;;
51;CN;41012;B;15;0;;2.58594;0.84758;0.25747;Branco;201;;
52;CN;33083;C;22;0;;1.03867;0.312;0.11225;Branco;201;;
53;CN;44477;B;24;0;;1.87352;1.97033;0.19883;Branco;201;;
54;CN;59726;D;25;0;;0.9927;0.87414;0.04118;Branco;201;;
55;CN;26717;A;1;0;;2.85384;1.92589;0.14505;Branco;201;;
56;CN;18675;D;30;0;;2.32748;1.18738;0.21921;Branco;201;;
57;CN;54893;B;10;0;;2.58476;2.04165;0.18553;Branco;201;;
58;CN;24942;D;23;0;;2.03602;0.51719;0.17893;Branco;201;;
59;CN;48929;C;25;0;;2.44256;1.77915;0.1836;Branco;201;;
60;CN;29232;D;2;0;;3.73585;1.3958;0.10898;Branco;201;;
61;CN;44603;C;7;0;;1.44239;1.10564;0.19345;Branco;201;;
62;CN;13968;D;18;0;;2.05475;0.78035;0.16771;Branco;201;;
63;CN;45270;A;3;1;Não permitiu a convergência do algoritmo de estimação da TRI;;;;Branco;201;;
64;CN;32724;B;4;0;;1.33877;1.75228;0.26349;Branco;201;;
65;CN;37971;A;20;0;;2.17605;2.26688;0.10775;Branco;201;;
66;CN;43785;B;17;0;;4.02643;1.07065;0.15747;Branco;201;;
67;CN;48313;E;12;0;;0.82663;1.06465;0.00558;Branco;201;;
68;CN;16671;A;21;0;;1.16337;1.38241;0.12073;Branco;201;;
69;CN;23205;D;16;0;;2.74071;1.53304;0.14775;Branco;201;;
70;CN;24554;E;9;0;;1.67259;1.62363;0.19088;Branco;201;;
71;CN;25634;C;17;0;;2.93715;2.10244;0.21248;Branco;201;;
72;CN;41247;B;18;0;;2.47553;1.19448;0.12259;Branco;201;;
73;CN;48301;E;19;0;;1.36108;0.57513;0.07569;Branco;201;;
74;CN;43414;B;29;0;;1.9749;0.9016;0.18224;Branco;201;;
75;CN;37142;C;5;0;;2.2501;1.58493;0.18067;Branco;201;;
76;CN;7222;B;24;0;;4.94938;1.96591;0.17837;Branco;201;;
77;CN;40364;D;25;0;;2.59396;2.34787;0.16309;Branco;201;;
78;CN;39933;C;14;0;;3.50522;0.66203;0.15933;Branco;201;;
79;CN;59611;B;28;0;;1.19827;2.97259;0.28509;Branco;201;;
80;CN;18105;E;21;0;;2.18334;2.8549;0.11594;Branco;201;;
81;CN;18244;A;24;0;;5.05216;2.36697;0.15184;Branco;201;;
82;CN;26808;B;23;0;;1.54605;2.25004;0.12623;Branco;201;;
83;CN;39365;C;6;0;;3.01003;0.95877;0.18229;Branco;201;;
84;CN;39367;D;26;0;;1.76036;0.97713;0.09657;Branco;201;;
85;CN;16800;A;3;0;;3.24091;1.75351;0.17556;Branco;201;;
86;CN;30872;E;19;0;;2.63315;1.25817;0.07409;Branco;201;;
87;CN;61174;E;11;0;;3.32615;0.55299;0.28814;Branco;201;;
88;CN;66279;D;27;0;;3.29792;2.22099;0.12511;Branco;201;;
89;CN;27251;D;2;0;;1.55006;2.1268;0.31822;Branco;201;;
90;CN;49314;A;8;1;Não permitiu a convergência do algoritmo de estimação da TRI;;;;Branco;201;;
46;CN;16800;A;3;0;;3.24091;1.75351;0.17556;Rosa;202;;
47;CN;30872;E;19;0;;2.63315;1.25817;0.07409;Rosa;202;;
48;CN;18244;A;24;0;;5.05216;2.36697;0.15184;Rosa;202;;
49;CN;26808;B;23;0;;1.54605;2.25004;0.12623;Rosa;202;;
50;CN;48937;E;1;0;;1.01975;1.85878;0.11171;Rosa;202;;
51;CN;37051;D;11;0;;1.17129;-0.05127;0.21062;Rosa;202;;
52;CN;10677;E;24;0;;1.83463;0.90174;0.25055;Rosa;202;;
53;CN;24555;A;1;0;;1.47164;0.80341;0.20215;Rosa;202;;
54;CN;41247;B;18;0;;2.47553;1.19448;0.12259;Rosa;202;;
55;CN;48301;E;19;0;;1.36108;0.57513;0.07569;Rosa;202;;
56;CN;43414;B;29;0;;1.9749;0.9016;0.18224;Rosa;202;;
57;CN;39933;C;14;0;;3.50522;0.66203;0.15933;Rosa;202;;
58;CN;59611;B;28;0;;1.19827;2.97259;0.28509;Rosa;202;;
59;CN;18105;E;21;0;;2.18334;2.8549;0.11594;Rosa;202;;
60;CN;24554;E;9;0;;1.67259;1.62363;0.19088;Rosa;202;;
61;CN;25634;C;17;0;;2.93715;2.10244;0.21248;Rosa;202;;
62;CN;37142;C;5;0;;2.2501;1.58493;0.18067;Rosa;202;;
63;CN;7222;B;24;0;;4.94938;1.96591;0.17837;Rosa;202;;
64;CN;40364;D;25;0;;2.59396;2.34787;0.16309;Rosa;202;;
65;CN;61174;E;11;0;;3.32615;0.55299;0.28814;Rosa;202;;
66;CN;66279;D;27;0;;3.29792;2.22099;0.12511;Rosa;202;;
67;CN;48313;E;12;0;;0.82663;1.06465;0.00558;Rosa;202;;
68;CN;16671;A;21;0;;1.16337;1.38241;0.12073;Rosa;202;;
69;CN;23205;D;16;0;;2.74071;1.53304;0.14775;Rosa;202;;
70;CN;26717;A;1;0;;2.85384;1.92589;0.14505;Rosa;202;;
71;CN;18675;D;30;0;;2.32748;1.18738;0.21921;Rosa;202;;
72;CN;54893;B;10;0;;2.58476;2.04165;0.18553;Rosa;202;;
73;CN;24942;D;23;0;;2.03602;0.51719;0.17893;Rosa;202;;
74;CN;48929;C;25;0;;2.44256;1.77915;0.1836;Rosa;202;;
75;CN;29232;D;2;0;;3.73585;1.3958;0.10898;Rosa;202;;
76;CN;44603;C;7;0;;1.44239;1.10564;0.19345;Rosa;202;;
77;CN;13968;D;18;0;;2.05475;0.78035;0.16771;Rosa;202;;
78;CN;45270;A;3;1;Não permitiu a convergência do algoritmo de estimação da TRI;;;;Rosa;202;;
79;CN;32724;B;4;0;;1.33877;1.75228;0.26349;Rosa;202;;
80;CN;39365;C;6;0;;3.01003;0.95877;0.18229;Rosa;202;;
81;CN;39367;D;26;0;;1.76036;0.97713;0.09657;Rosa;202;;
82;CN;27251;D;2;0;;1.55006;2.1268;0.31822;Rosa;202;;
83;CN;49314;A;8;1;Não permitiu a convergência do algoritmo de estimação da TRI;;;;Rosa;202;;
84;CN;37971;A;20;0;;2.17605;2.26688;0.10775;Rosa;202;;
85;CN;43785;B;17;0;;4.02643;1.07065;0.15747;Rosa;202;;
86;CN;8319;D;13;0;;1.32244;1.48152;0.11328;Rosa;202;;
87;CN;41012;B;15;0;;2.58594;0.84758;0.25747;Rosa;202;;
88;CN;33083;C;22;0;;1.03867;0.312;0.11225;Rosa;202;;
89;CN;44477;B;24;0;;1.87352;1.97033;0.19883;Rosa;202;;
90;CN;59726;D;25;0;;0.9927;0.87414;0.04118;Rosa;202;;
46;CN;11304;B;;0;;1.77254;-0.2555;0.16866;Branco;212;;
47;CN;13651;A;;0;;1.13456;1.73564;0.19961;Branco;212;;
48;CN;26567;D;;0;;2.82162;0.68645;0.1443;Branco;212;;
49;CN;10495;C;;0;;1.52667;0.04436;0.19644;Branco;212;;
50;CN;31514;B;;0;;1.36189;0.67611;0.18837;Branco;212;;
51;CN;17109;A;;0;;1.99606;1.78915;0.19809;Branco;212;;
52;CN;41159;D;;0;;1.9066;0.44461;0.23829;Branco;212;;
53;CN;29909;A;;0;;3.99377;1.81818;0.11391;Branco;212;;
54;CN;9686;E;;0;;2.9866;0.86735;0.22272;Branco;212;;
55;CN;39551;B;;0;;3.23441;1.17711;0.16132;Branco;212;;
56;CN;27353;B;;0;;2.29813;1.31937;0.21355;Branco;212;;
57;CN;23181;D;;0;;4.03059;2.13365;0.21919;Branco;212;;
58;CN;11920;C;;0;;3.3995;0.6799;0.20342;Branco;212;;
59;CN;27195;C;;0;;3.0276;1.64403;0.24832;Branco;212;;
60;CN;26238;D;;0;;2.54048;1.8656;0.14572;Branco;212;;
61;CN;26702;E;;0;;2.03284;0.85352;0.23265;Branco;212;;
62;CN;40885;E;;0;;1.39628;1.60109;0.25951;Branco;212;;
63;CN;26245;B;;0;;4.14427;1.63457;0.18733;Branco;212;;
64;CN;27435;D;;0;;1.67594;0.76469;0.2079;Branco;212;;
65;CN;28118;A;;0;;2.49229;1.99825;0.22984;Branco;212;;
66;CN;19124;B;;0;;3.24653;0.99089;0.23277;Branco;212;;
67;CN;32556;B;;0;;2.73286;2.05242;0.17374;Branco;212;;
68;CN;9414;A;;0;;4.08593;0.81608;0.23505;Branco;212;;
69;CN;24764;C;;0;;1.53203;0.49294;0.19681;Branco;212;;
70;CN;40675;E;;0;;2.82432;1.19123;0.10722;Branco;212;;
71;CN;31847;C;;0;;2.57161;0.89356;0.23925;Branco;212;;
72;CN;18236;C;;0;;2.27982;1.05633;0.17016;Branco;212;;
73;CN;10877;E;;0;;4.24795;1.91187;0.14691;Branco;212;;
74;CN;39607;B;;0;;1.34367;1.35274;0.2457;Branco;212;;
75;CN;38993;E;;0;;4.27705;1.1497;0.24884;Branco;212;;
76;CN;13940;D;;0;;2.80294;1.12561;0.20411;Branco;212;;
77;CN;12578;E;;0;;4.27951;1.69105;0.10039;Branco;212;;
78;CN;7768;A;;0;;2.02033;0.30918;0.26281;Branco;212;;
79;CN;11733;E;;0;;2.6925;1.45753;0.10699;Branco;212;;
80;CN;37504;C;;0;;1.81705;1.48415;0.16482;Branco;212;;
81;CN;9011;C;;0;;1.00771;-0.42276;0.21555;Branco;212;;
82;CN;33443;B;;0;;1.67228;1.6289;0.26322;Branco;212;;
83;CN;30606;E;;0;;5.43822;1.65291;0.10446;Branco;212;;
84;CN;37472;A;;0;;2.71233;1.70353;0.17907;Branco;212;;
85;CN;12154;D;;0;;2.82558;1.45133;0.1721;Branco;212;;
86;CN;7221;B;;0;;2.8184;0.13463;0.18374;Branco;212;;
87;CN;18441;B;;0;;2.0053;0.25986;0.18417;Branco;212;;
88;CN;26053;E;;0;;4.88803;1.20682;0.18444;Branco;212;;
89;CN;13560;C;;0;;1.47501;2.10183;0.11743;Branco;212;;
90;CN;40456;C;;0;;2.01533;1.16916;0.3309;Branco;212;;
46;CN;48937;E;1;0;;1.01975;1.85878;0.11171;Branco-Ledor;216;;1
47;CN;37051;D;11;0;;1.17129;-0.05127;0.21062;Branco-Ledor;216;;1
48;CN;10677;E;24;0;;1.83463;0.90174;0.25055;Branco-Ledor;216;;1
49;CN;24555;A;1;0;;1.47164;0.80341;0.20215;Branco-Ledor;216;;1
50;CN;39171;D;;0;;1.68855;0.25159;0.21038;Branco-Ledor;216;;1
51;CN;41012;B;15;0;;2.58594;0.84758;0.25747;Branco-Ledor;216;;1
52;CN;33083;C;22;0;;1.03867;0.312;0.11225;Branco-Ledor;216;;1
53;CN;44477;B;24;0;;1.87352;1.97033;0.19883;Branco-Ledor;216;;1
54;CN;59726;D;25;0;;0.9927;0.87414;0.04118;Branco-Ledor;216;;1
55;CN;26717;A;1;0;;2.85384;1.92589;0.14505;Branco-Ledor;216;;1
56;CN;18675;D;30;0;;2.32748;1.18738;0.21921;Branco-Ledor;216;;1
57;CN;54893;B;10;0;;2.58476;2.04165;0.18553;Branco-Ledor;216;;1
58;CN;24942;D;23;0;;2.03602;0.51719;0.17893;Branco-Ledor;216;;1
59;CN;48929;C;25;0;;2.44256;1.77915;0.1836;Branco-Ledor;216;;1
60;CN;29232;D;2;0;;3.73585;1.3958;0.10898;Branco-Ledor;216;;1
61;CN;44603;C;7;0;;1.44239;1.10564;0.19345;Branco-Ledor;216;;1
62;CN;13968;D;18;0;;2.05475;0.78035;0.16771;Branco-Ledor;216;;1
63;CN;45270;A;3;1;Não permitiu a convergência do algoritmo de estimação da TRI;;;;Branco-Ledor;216;;1
64;CN;37656;B;;0;;2.33003;1.59751;0.25563;Branco-Ledor;216;;1
65;CN;37971;A;20;0;;2.17605;2.26688;0.10775;Branco-Ledor;216;;1
66;CN;43785;B;17;0;;4.02643;1.07065;0.15747;Branco-Ledor;216;;1
67;CN;48313;E;12;0;;0.82663;1.06465;0.00558;Branco-Ledor;216;;1
68;CN;14164;A;;0;;1.73281;2.41349;0.20537;Branco-Ledor;216;;1
69;CN;23205;D;16;0;;2.74071;1.53304;0.14775;Branco-Ledor;216;;1
70;CN;24554;E;9;0;;1.67259;1.62363;0.19088;Branco-Ledor;216;;1
71;CN;25634;C;17;0;;2.93715;2.10244;0.21248;Branco-Ledor;216;;1
72;CN;41247;B;18;0;;2.47553;1.19448;0.12259;Branco-Ledor;216;;1
73;CN;48301;E;19;0;;1.36108;0.57513;0.07569;Branco-Ledor;216;;1
74;CN;43414;B;29;0;;1.9749;0.9016;0.18224;Branco-Ledor;216;;1
75;CN;14146;C;;0;;4.40635;0.92801;0.18101;Branco-Ledor;216;;1
76;CN;7222;B;24;0;;4.94938;1.96591;0.17837;Branco-Ledor;216;;1
77;CN;40364;D;25;0;;2.59396;2.34787;0.16309;Branco-Ledor;216;;1
78;CN;39933;C;14;0;;3.50522;0.66203;0.15933;Branco-Ledor;216;;1
79;CN;59611;B;28;0;;1.19827;2.97259;0.28509;Branco-Ledor;216;;1
80;CN;26746;E;;0;;3.14028;2.22322;0.22216;Branco-Ledor;216;;1
81;CN;12398;A;;0;;3.10847;1.00389;0.18598;Branco-Ledor;216;;1
82;CN;26808;B;23;0;;1.54605;2.25004;0.12623;Branco-Ledor;216;;1
83;CN;19747;C;;0;;3.05634;1.81147;0.32374;Branco-Ledor;216;;1
84;CN;39367;D;26;0;;1.76036;0.97713;0.09657;Branco-Ledor;216;;1
85;CN;16800;A;3;0;;3.24091;1.75351;0.17556;Branco-Ledor;216;;1
86;CN;30872;E;19;0;;2.63315;1.25817;0.07409;Branco-Ledor;216;;1
87;CN;61174;E;11;0;;3.32615;0.55299;0.28814;Branco-Ledor;216;;1
88;CN;66279;D;27;0;;3.29792;2.22099;0.12511;Branco-Ledor;216;;1
89;CN;27251;D;2;0;;1.55006;2.1268;0.31822;Branco-Ledor;216;;1
90;CN;49314;A;8;1;Não permitiu a convergência do algoritmo de estimação da TRI;;;;Branco-Ledor;216;;1
46;CN;11304;B;;0;;1.77254;-0.2555;0.16866;Branco-Ledor;220;;1
47;CN;13651;A;;0;;1.13456;1.73564;0.19961;Branco-Ledor;220;;1
48;CN;26567;D;;0;;2.82162;0.68645;0.1443;Branco-Ledor;220;;1
49;CN;36789;C;;0;;4.29683;1.4142;0.17242;Branco-Ledor;220;;1
50;CN;31514;B;;0;;1.36189;0.67611;0.18837;Branco-Ledor;220;;1
51;CN;17109;A;;0;;1.99606;1.78915;0.19809;Branco-Ledor;220;;1
52;CN;41159;D;;0;;1.9066;0.44461;0.23829;Branco-Ledor;220;;1
53;CN;29909;A;;0;;3.99377;1.81818;0.11391;Branco-Ledor;220;;1
54;CN;9686;E;;0;;2.9866;0.86735;0.22272;Branco-Ledor;220;;1
55;CN;39551;B;;0;;3.23441;1.17711;0.16132;Branco-Ledor;220;;1
56;CN;27353;B;;0;;2.29813;1.31937;0.21355;Branco-Ledor;220;;1
57;CN;23181;D;;0;;4.03059;2.13365;0.21919;Branco-Ledor;220;;1
58;CN;11920;C;;0;;3.3995;0.6799;0.20342;Branco-Ledor;220;;1
59;CN;27195;C;;0;;3.0276;1.64403;0.24832;Branco-Ledor;220;;1
60;CN;26238;D;;0;;2.54048;1.8656;0.14572;Branco-Ledor;220;;1
61;CN;26702;E;;0;;2.03284;0.85352;0.23265;Branco-Ledor;220;;1
62;CN;40885;E;;0;;1.39628;1.60109;0.25951;Branco-Ledor;220;;1
63;CN;26245;B;;0;;4.14427;1.63457;0.18733;Branco-Ledor;220;;1
64;CN;27435;D;;0;;1.67594;0.76469;0.2079;Branco-Ledor;220;;1
65;CN;28118;A;;0;;2.49229;1.99825;0.22984;Branco-Ledor;220;;1
66;CN;19124;B;;0;;3.24653;0.99089;0.23277;Branco-Ledor;220;;1
67;CN;32556;B;;0;;2.73286;2.05242;0.17374;Branco-Ledor;220;;1
68;CN;9414;A;;0;;4.08593;0.81608;0.23505;Branco-Ledor;220;;1
69;CN;24764;C;;0;;1.53203;0.49294;0.19681;Branco-Ledor;220;;1
70;CN;40675;E;;0;;2.82432;1.19123;0.10722;Branco-Ledor;220;;1
71;CN;31847;C;;0;;2.57161;0.89356;0.23925;Branco-Ledor;220;;1
72;CN;18236;C;;0;;2.27982;1.05633;0.17016;Branco-Ledor;220;;1
73;CN;10877;E;;0;;4.24795;1.91187;0.14691;Branco-Ledor;220;;1
74;CN;39607;B;;0;;1.34367;1.35274;0.2457;Branco-Ledor;220;;1
75;CN;38993;E;;0;;4.27705;1.1497;0.24884;Branco-Ledor;220;;1
76;CN;13940;D;;0;;2.80294;1.12561;0.20411;Branco-Ledor;220;;1
77;CN;12578;E;;0;;4.27951;1.69105;0.10039;Branco-Ledor;220;;1
78;CN;7768;A;;0;;2.02033;0.30918;0.26281;Branco-Ledor;220;;1
79;CN;11733;E;;0;;2.6925;1.45753;0.10699;Branco-Ledor;220;;1
80;CN;37504;C;;0;;1.81705;1.48415;0.16482;Branco-Ledor;220;;1
81;CN;9011;C;;0;;1.00771;-0.42276;0.21555;Branco-Ledor;220;;1
82;CN;33443;B;;0;;1.67228;1.6289;0.26322;Branco-Ledor;220;;1
83;CN;30606;E;;0;;5.43822;1.65291;0.10446;Branco-Ledor;220;;1
84;CN;37472;A;;0;;2.71233;1.70353;0.17907;Branco-Ledor;220;;1
85;CN;12154;D;;0;;2.82558;1.45133;0.1721;Branco-Ledor;220;;1
86;CN;7221;B;;0;;2.8184;0.13463;0.18374;Branco-Ledor;220;;1
87;CN;18441;B;;0;;2.0053;0.25986;0.18417;Branco-Ledor;220;;1
88;CN;26053;E;;0;;4.88803;1.20682;0.18444;Branco-Ledor;220;;1
89;CN;13560;C;;0;;1.47501;2.10183;0.11743;Branco-Ledor;220;;1
90;CN;40456;C;;0;;2.01533;1.16916;0.3309;Branco-Ledor;220;;1
46;CN;8714;D;;0;;1.87807;1.47734;0.16008;Branco;224;;
47;CN;12430;A;;0;;0.77717;1.36352;0.19066;Branco;224;;
48;CN;32472;B;;0;;2.27348;1.39445;0.18914;Branco;224;;
49;CN;11561;E;;0;;1.6105;2.4147;0.23637;Branco;224;;
50;CN;6504;A;;0;;2.51475;1.51085;0.13768;Branco;224;;
51;CN;29910;D;;0;;2.29429;1.1288;0.16952;Branco;224;;
52;CN;10780;C;;0;;1.74511;1.42178;0.17961;Branco;224;;
53;CN;12718;B;;0;;2.68937;0.51358;0.21062;Branco;224;;
54;CN;26909;A;;0;;2.15954;-0.27051;0.19204;Branco;224;;
55;CN;14331;A;;0;;3.76792;1.41004;0.12198;Branco;224;;
56;CN;30707;A;;0;;1.38077;1.72257;0.27584;Branco;224;;
57;CN;31909;A;;0;;2.06217;1.23039;0.22721;Branco;224;;
58;CN;6611;B;;0;;0.82271;0.77787;0.24638;Branco;224;;
59;CN;20006;E;;0;;2.68784;-0.08676;0.20273;Branco;224;;
60;CN;27009;C;;0;;2.85893;1.38134;0.15237;Branco;224;;
61;CN;6620;E;;0;;0.68732;1.03546;0.17393;Branco;224;;
62;CN;37473;B;;0;;1.00425;1.19352;0.21434;Branco;224;;
63;CN;39473;B;;0;;3.09867;1.54031;0.14293;Branco;224;;
64;CN;14978;E;;0;;2.22403;1.15461;0.06119;Branco;224;;
65;CN;14183;E;;0;;4.41643;1.69491;0.17507;Branco;224;;
66;CN;11492;C;;0;;1.47683;0.02044;0.23179;Branco;224;;
67;CN;25456;C;;0;;1.75084;1.60369;0.28878;Branco;224;;
68;CN;12411;C;;0;;1.98272;0.62489;0.24428;Branco;224;;
69;CN;8895;C;;0;;2.88826;0.65059;0.17681;Branco;224;;
70;CN;40779;B;;0;;2.50919;1.64863;0.1674;Branco;224;;
71;CN;14992;D;;0;;1.93131;1.85032;0.19337;Branco;224;;
72;CN;8828;B;;0;;0.84855;1.47953;0.22017;Branco;224;;
73;CN;13852;A;;0;;0.78735;0.92889;0.17024;Branco;224;;
74;CN;8707;E;;0;;1.90892;1.36754;0.11674;Branco;224;;
75;CN;9464;B;;0;;2.90073;2.18378;0.16453;Branco;224;;
76;CN;10425;B;;0;;0.82244;1.58754;0.2557;Branco;224;;
77;CN;11984;E;;0;;2.17115;1.46164;0.43703;Branco;224;;
78;CN;9052;C;;0;;2.22298;0.16428;0.19795;Branco;224;;
79;CN;9119;C;;0;;0.74782;-0.06975;0.23135;Branco;224;;
80;CN;10195;D;;0;;2.006;-0.17688;0.15346;Branco;224;;
81;CN;14937;D;;0;;0.86604;0.0798;0.19613;Branco;224;;
82;CN;14975;C;;0;;2.1745;2.13813;0.09184;Branco;224;;
83;CN;7748;E;;0;;1.00091;2.42295;0.18306;Branco;224;;
84;CN;10458;C;;0;;2.72071;2.54886;0.12997;Branco;224;;
85;CN;11079;D;;0;;2.12978;1.88073;0.29084;Branco;224;;
86;CN;14176;A;;0;;2.4249;1.38652;0.03586;Branco;224;;
87;CN;8104;D;;0;;1.5443;0.98492;0.17469;Branco;224;;
88;CN;13673;E;;0;;2.69169;2.34566;0.19543;Branco;224;;
89;CN;10858;D;;0;;1.53676;2.06658;0.13782;Branco;224;;
90;CN;13257;B;;0;;1.55082;0.66645;0.26967;Branco;224;;
46;CN;8714;D;;0;;1.87807;1.47734;0.16008;Branco;227;;
47;CN;12430;A;;0;;0.77717;1.36352;0.19066;Branco;227;;
48;CN;32472;B;;0;;2.27348;1.39445;0.18914;Branco;227;;
49;CN;11561;E;;0;;1.6105;2.4147;0.23637;Branco;227;;
50;CN;6504;A;;0;;2.51475;1.51085;0.13768;Branco;227;;
51;CN;29910;D;;0;;2.29429;1.1288;0.16952;Branco;227;;
52;CN;10780;C;;0;;1.74511;1.42178;0.17961;Branco;227;;
53;CN;12718;B;;0;;2.68937;0.51358;0.21062;Branco;227;;
54;CN;26909;A;;0;;2.15954;-0.27051;0.19204;Branco;227;;
55;CN;14331;A;;0;;3.76792;1.41004;0.12198;Branco;227;;
56;CN;30707;A;;0;;1.38077;1.72257;0.27584;Branco;227;;
57;CN;31909;A;;0;;2.06217;1.23039;0.22721;Branco;227;;
58;CN;6611;B;;0;;0.82271;0.77787;0.24638;Branco;227;;
59;CN;20006;E;;0;;2.68784;-0.08676;0.20273;Branco;227;;
60;CN;27009;C;;0;;2.85893;1.38134;0.15237;Branco;227;;
61;CN;6620;E;;0;;0.68732;1.03546;0.17393;Branco;227;;
62;CN;37473;B;;0;;1.00425;1.19352;0.21434;Branco;227;;
63;CN;39473;B;;0;;3.09867;1.54031;0.14293;Branco;227;;
64;CN;14978;E;;0;;2.22403;1.15461;0.06119;Branco;227;;
65;CN;14183;E;;0;;4.41643;1.69491;0.17507;Branco;227;;
66;CN;11492;C;;0;;1.47683;0.02044;0.23179;Branco;227;;
67;CN;25456;C;;0;;1.75084;1.60369;0.28878;Branco;227;;
68;CN;12411;C;;0;;1.98272;0.62489;0.24428;Branco;227;;
69;CN;8895;C;;0;;2.88826;0.65059;0.17681;Branco;227;;
70;CN;40779;B;;0;;2.50919;1.64863;0.1674;Branco;227;;
71;CN;14992;D;;0;;1.93131;1.85032;0.19337;Branco;227;;
72;CN;8828;B;;0;;0.84855;1.47953;0.22017;Branco;227;;
73;CN;13852;A;;0;;0.78735;0.92889;0.17024;Branco;227;;
74;CN;8707;E;;0;;1.90892;1.36754;0.11674;Branco;227;;
75;CN;9464;B;;0;;2.90073;2.18378;0.16453;Branco;227;;
76;CN;10425;B;;0;;0.82244;1.58754;0.2557;Branco;227;;
77;CN;11984;E;;0;;2.17115;1.46164;0.43703;Branco;227;;
78;CN;9052;C;;0;;2.22298;0.16428;0.19795;Branco;227;;
79;CN;9119;C;;0;;0.74782;-0.06975;0.23135;Branco;227;;
80;CN;10195;D;;0;;2.006;-0.17688;0.15346;Branco;227;;
81;CN;14937;D;;0;;0.86604;0.0798;0.19613;Branco;227;;
82;CN;14975;C;;0;;2.1745;2.13813;0.09184;Branco;227;;
83;CN;7748;E;;0;;1.00091;2.42295;0.18306;Branco;227;;
84;CN;10458;C;;0;;2.72071;2.54886;0.12997;Branco;227;;
85;CN;11079;D;;0;;2.12978;1.88073;0.29084;Branco;227;;
86;CN;14176;A;;0;;2.4249;1.38652;0.03586;Branco;227;;
87;CN;8104;D;;0;;1.5443;0.98492;0.17469;Branco;227;;
88;CN;13673;E;;0;;2.69169;2.34566;0.19543;Branco;227;;
89;CN;10858;D;;0;;1.53676;2.06658;0.13782;Branco;227;;
90;CN;13257;B;;0;;1.55082;0.66645;0.26967;Branco;227;;
91;LC;53032;A;6;0;;3.08957;1.36638;0.12934;Amarelo;203;1;
91;LC;27522;C;6;0;;3.1575;0.49268;0.18559;Amarelo;203;0;
92;LC;11509;A;7;0;;1.161;1.549;0.177;Amarelo;203;1;
92;LC;60784;D;8;0;;4.90261;0.82038;0.2478;Amarelo;203;0;
93;LC;60885;A;5;0;;3.22809;1.10415;0.12403;Amarelo;203;0;
93;LC;11723;D;7;0;;1.6705;0.52911;0.16379;Amarelo;203;1;
94;LC;59916;C;7;0;;3.32775;1.00642;0.16626;Amarelo;203;0;
94;LC;11907;E;5;0;;3.177;1.007;0.091;Amarelo;203;1;
95;LC;7352;A;6;0;;3.806;1.106;0.106;Amarelo;203;0;
95;LC;61028;C;6;0;;2.65452;0.67722;0.16993;Amarelo;203;1;
96;LC;60745;B;22;0;;2.38122;0.33432;0.30677;Amarelo;203;;
97;LC;47920;C;20;0;;1.74939;-0.3163;0.02892;Amarelo;203;;
98;LC;61460;B;28;0;;1.83497;0.67432;0.15189;Amarelo;203;;
99;LC;62056;C;4;0;;2.36775;0.57178;0.12678;Amarelo;203;;
100;LC;31784;D;27;0;;3.98193;0.04376;0.19943;Amarelo;203;;
101;LC;59816;C;2;0;;2.19831;-0.14068;0.02494;Amarelo;203;;
102;LC;16998;B;26;0;;2.99478;1.22235;0.18701;Amarelo;203;;
103;LC;12273;E;11;0;;1.123;0.25;0.179;Amarelo;203;;
104;LC;32467;B;10;0;;2.03786;0.03099;0.17159;Amarelo;203;;
105;LC;24381;C;15;0;;2.01631;0.18152;0.20755;Amarelo;203;;
106;LC;30307;E;22;0;;3.83603;0.59625;0.15047;Amarelo;203;;
107;LC;7100;C;24;0;;1.5;2.151;0.167;Amarelo;203;;
108;LC;43799;D;30;0;;2.32016;0.60535;0.15718;Amarelo;203;;
109;LC;43584;E;29;0;;3.80183;0.58005;0.18152;Amarelo;203;;
110;LC;55334;B;25;0;;2.70478;0.57347;0.13384;Amarelo;203;;
111;LC;27450;A;12;0;;1.91305;1.80463;0.15861;Amarelo;203;;
112;LC;24253;C;14;0;;1.243;-0.53194;0.0183;Amarelo;203;;
113;LC;25951;A;17;0;;0.30081;4.17509;0.20994;Amarelo;203;;
114;LC;62744;E;23;0;;3.3142;0.66591;0.15685;Amarelo;203;;
115;LC;39467;B;13;1;Não permitiu a convergência do algoritmo de estimação da TRI;;;;Amarelo;203;;
116;LC;17316;D;15;0;;2.20141;2.37224;0.1478;Amarelo;203;;
117;LC;62129;C;1;0;;1.49078;0.07416;0.08396;Amarelo;203;;
118;LC;54901;D;3;0;;1.93365;1.44407;0.18091;Amarelo;203;;
119;LC;61634;E;19;0;;3.27531;1.76311;0.15025;Amarelo;203;;
120;LC;23970;D;27;0;;1.33878;-0.30209;0.18685;Amarelo;203;;
121;LC;60030;B;28;0;;0.6499;2.63502;0.0311;Amarelo;203;;
122;LC;25160;C;17;0;;2.78271;0.91699;0.11184;Amarelo;203;;
123;LC;59834;A;24;0;;2.17872;-0.0611;0.07526;Amarelo;203;;
124;LC;60908;B;21;0;;2.88632;0.33577;0.14663;Amarelo;203;;
125;LC;39161;B;29;0;;2.72071;-0.25522;0.16077;Amarelo;203;;
126;LC;40198;C;16;0;;3.12727;1.37122;0.10684;Amarelo;203;;
127;LC;17221;B;16;0;;1.76294;0.93064;0.20396;Amarelo;203;;
128;LC;67292;C;22;0;;1.04729;4.01866;0.17462;Amarelo;203;;
129;LC;38314;D;9;0;;2.77516;1.3356;0.1154;Amarelo;203;;
130;LC;59566;A;20;0;;2.70304;1.12922;0.1968;Amarelo;203;;
131;LC;55917;B;21;0;;1.86592;-0.2908;0.06189;Amarelo;203;;
132;LC;17417;D;1;0;;2.08904;1.4535;0.15613;Amarelo;203;;
133;LC;16803;A;18;0;;2.66276;0.44317;0.19913;Amarelo;203;;
134;LC;61293;D;13;0;;1.74545;0.73092;0.09495;Amarelo;203;;
135;LC;62384;D;4;0;;3.47426;0.75167;0.15511;Amarelo;203;;
91;LC;60885;A;5;0;;3.22809;1.10415;0.12403;Cinza;204;0;
91;LC;11723;D;7;0;;1.6705;0.52911;0.16379;Cinza;204;1;
92;LC;59916;C;7;0;;3.32775;1.00642;0.16626;Cinza;204;0;
92;LC;11907;E;5;0;;3.177;1.007;0.091;Cinza;204;1;
93;LC;7352;A;6;0;;3.806;1.106;0.106;Cinza;204;0;
93;LC;61028;C;6;0;;2.65452;0.67722;0.16993;Cinza;204;1;
94;LC;53032;A;6;0;;3.08957;1.36638;0.12934;Cinza;204;1;
94;LC;27522;C;6;0;;3.1575;0.49268;0.18559;Cinza;204;0;
95;LC;11509;A;7;0;;1.161;1.549;0.177;Cinza;204;1;
95;LC;60784;D;8;0;;4.90261;0.82038;0.2478;Cinza;204;0;
96;LC;60745;B;22;0;;2.38122;0.33432;0.30677;Cinza;204;;
97;LC;17417;D;1;0;;2.08904;1.4535;0.15613;Cinza;204;;
98;LC;16803;A;18;0;;2.66276;0.44317;0.19913;Cinza;204;;
99;LC;61293;D;13;0;;1.74545;0.73092;0.09495;Cinza;204;;
100;LC;62384;D;4;0;;3.47426;0.75167;0.15511;Cinza;204;;
101;LC;17316;D;15;0;;2.20141;2.37224;0.1478;Cinza;204;;
102;LC;62129;C;1;0;;1.49078;0.07416;0.08396;Cinza;204;;
103;LC;54901;D;3;0;;1.93365;1.44407;0.18091;Cinza;204;;
104;LC;67292;C;22;0;;1.04729;4.01866;0.17462;Cinza;204;;
105;LC;38314;D;9;0;;2.77516;1.3356;0.1154;Cinza;204;;
106;LC;59566;A;20;0;;2.70304;1.12922;0.1968;Cinza;204;;
107;LC;55917;B;21;0;;1.86592;-0.2908;0.06189;Cinza;204;;
108;LC;12273;E;11;0;;1.123;0.25;0.179;Cinza;204;;
109;LC;32467;B;10;0;;2.03786;0.03099;0.17159;Cinza;204;;
110;LC;24381;C;15;0;;2.01631;0.18152;0.20755;Cinza;204;;
111;LC;39161;B;29;0;;2.72071;-0.25522;0.16077;Cinza;204;;
112;LC;40198;C;16;0;;3.12727;1.37122;0.10684;Cinza;204;;
113;LC;17221;B;16;0;;1.76294;0.93064;0.20396;Cinza;204;;
114;LC;30307;E;22;0;;3.83603;0.59625;0.15047;Cinza;204;;
115;LC;7100;C;24;0;;1.5;2.151;0.167;Cinza;204;;
116;LC;27450;A;12;0;;1.91305;1.80463;0.15861;Cinza;204;;
117;LC;24253;C;14;0;;1.243;-0.53194;0.0183;Cinza;204;;
118;LC;25951;A;17;0;;0.30081;4.17509;0.20994;Cinza;204;;
119;LC;62744;E;23;0;;3.3142;0.66591;0.15685;Cinza;204;;
120;LC;39467;B;13;1;Não permitiu a convergência do algoritmo de estimação da TRI;;;;Cinza;204;;
121;LC;43799;D;30;0;;2.32016;0.60535;0.15718;Cinza;204;;
122;LC;43584;E;29;0;;3.80183;0.58005;0.18152;Cinza;204;;
123;LC;55334;B;25;0;;2.70478;0.57347;0.13384;Cinza;204;;
124;LC;59834;A;24;0;;2.17872;-0.0611;0.07526;Cinza;204;;
125;LC;60908;B;21;0;;2.88632;0.33577;0.14663;Cinza;204;;
126;LC;61634;E;19;0;;3.27531;1.76311;0.15025;Cinza;204;;
127;LC;23970;D;27;0;;1.33878;-0.30209;0.18685;Cinza;204;;
128;LC;60030;B;28;0;;0.6499;2.63502;0.0311;Cinza;204;;
129;LC;25160;C;17;0;;2.78271;0.91699;0.11184;Cinza;204;;
130;LC;31784;D;27;0;;3.98193;0.04376;0.19943;Cinza;204;;
131;LC;59816;C;2;0;;2.19831;-0.14068;0.02494;Cinza;204;;
132;LC;16998;B;26;0;;2.99478;1.22235;0.18701;Cinza;204;;
133;LC;47920;C;20;0;;1.74939;-0.3163;0.02892;Cinza;204;;
134;LC;61460;B;28;0;;1.83497;0.67432;0.15189;Cinza;204;;
135;LC;62056;C;4;0;;2.36775;0.57178;0.12678;Cinza;204;;
91;LC;60885;A;5;0;;3.22809;1.10415;0.12403;Azul;205;0;
91;LC;11723;D;7;0;;1.6705;0.52911;0.16379;Azul;205;1;
92;LC;53032;A;6;0;;3.08957;1.36638;0.12934;Azul;205;1;
92;LC;59916;C;7;0;;3.32775;1.00642;0.16626;Azul;205;0;
93;LC;7352;A;6;0;;3.806;1.106;0.106;Azul;205;0;
93;LC;11509;A;7;0;;1.161;1.549;0.177;Azul;205;1;
94;LC;27522;C;6;0;;3.1575;0.49268;0.18559;Azul;205;0;
94;LC;11907;E;5;0;;3.177;1.007;0.091;Azul;205;1;
95;LC;61028;C;6;0;;2.65452;0.67722;0.16993;Azul;205;1;
95;LC;60784;D;8;0;;4.90261;0.82038;0.2478;Azul;205;0;
96;LC;60745;B;22;0;;2.38122;0.33432;0.30677;Azul;205;;
97;LC;12273;E;11;0;;1.123;0.25;0.179;Azul;205;;
98;LC;32467;B;10;0;;2.03786;0.03099;0.17159;Azul;205;;
99;LC;24381;C;15;0;;2.01631;0.18152;0.20755;Azul;205;;
100;LC;17417;D;1;0;;2.08904;1.4535;0.15613;Azul;205;;
101;LC;16803;A;18;0;;2.66276;0.44317;0.19913;Azul;205;;
102;LC;61293;D;13;0;;1.74545;0.73092;0.09495;Azul;205;;
103;LC;62384;D;4;0;;3.47426;0.75167;0.15511;Azul;205;;
104;LC;31784;D;27;0;;3.98193;0.04376;0.19943;Azul;205;;
105;LC;59816;C;2;0;;2.19831;-0.14068;0.02494;Azul;205;;
106;LC;16998;B;26;0;;2.99478;1.22235;0.18701;Azul;205;;
107;LC;39161;B;29;0;;2.72071;-0.25522;0.16077;Azul;205;;
108;LC;40198;C;16;0;;3.12727;1.37122;0.10684;Azul;205;;
109;LC;17221;B;16;0;;1.76294;0.93064;0.20396;Azul;205;;
110;LC;61634;E;19;0;;3.27531;1.76311;0.15025;Azul;205;;
111;LC;23970;D;27;0;;1.33878;-0.30209;0.18685;Azul;205;;
112;LC;60030;B;28;0;;0.6499;2.63502;0.0311;Azul;205;;
113;LC;25160;C;17;0;;2.78271;0.91699;0.11184;Azul;205;;
114;LC;59834;A;24;0;;2.17872;-0.0611;0.07526;Azul;205;;
115;LC;60908;B;21;0;;2.88632;0.33577;0.14663;Azul;205;;
116;LC;43799;D;30;0;;2.32016;0.60535;0.15718;Azul;205;;
117;LC;43584;E;29;0;;3.80183;0.58005;0.18152;Azul;205;;
118;LC;55334;B;25;0;;2.70478;0.57347;0.13384;Azul;205;;
119;LC;17316;D;15;0;;2.20141;2.37224;0.1478;Azul;205;;
120;LC;62129;C;1;0;;1.49078;0.07416;0.08396;Azul;205;;
121;LC;54901;D;3;0;;1.93365;1.44407;0.18091;Azul;205;;
122;LC;27450;A;12;0;;1.91305;1.80463;0.15861;Azul;205;;
123;LC;24253;C;14;0;;1.243;-0.53194;0.0183;Azul;205;;
124;LC;25951;A;17;0;;0.30081;4.17509;0.20994;Azul;205;;
125;LC;62744;E;23;0;;3.3142;0.66591;0.15685;Azul;205;;
126;LC;39467;B;13;1;Não permitiu a convergência do algoritmo de estimação da TRI;;;;Azul;205;;
127;LC;30307;E;22;0;;3.83603;0.59625;0.15047;Azul;205;;
128;LC;7100;C;24;0;;1.5;2.151;0.167;Azul;205;;
129;LC;47920;C;20;0;;1.74939;-0.3163;0.02892;Azul;205;;
130;LC;61460;B;28;0;;1.83497;0.67432;0.15189;Azul;205;;
131;LC;62056;C;4;0;;2.36775;0.57178;0.12678;Azul;205;;
132;LC;67292;C;22;0;;1.04729;4.01866;0.17462;Azul;205;;
133;LC;38314;D;9;0;;2.77516;1.3356;0.1154;Azul;205;;
134;LC;59566;A;20;0;;2.70304;1.12922;0.1968;Azul;205;;
135;LC;55917;B;21;0;;1.86592;-0.2908;0.06189;Azul;205;;
91;LC;27522;C;6;0;;3.1575;0.49268;0.18559;Rosa;206;0;
91;LC;11907;E;5;0;;3.177;1.007;0.091;Rosa;206;1;
92;LC;61028;C;6;0;;2.65452;0.67722;0.16993;Rosa;206;1;
92;LC;60784;D;8;0;;4.90261;0.82038;0.2478;Rosa;206;0;
93;LC;60885;A;5;0;;3.22809;1.10415;0.12403;Rosa;206;0;
93;LC;53032;A;6;0;;3.08957;1.36638;0.12934;Rosa;206;1;
94;LC;11509;A;7;0;;1.161;1.549;0.177;Rosa;206;1;
94;LC;59916;C;7;0;;3.32775;1.00642;0.16626;Rosa;206;0;
95;LC;7352;A;6;0;;3.806;1.106;0.106;Rosa;206;0;
95;LC;11723;D;7;0;;1.6705;0.52911;0.16379;Rosa;206;1;
96;LC;60745;B;22;0;;2.38122;0.33432;0.30677;Rosa;206;;
97;LC;17316;D;15;0;;2.20141;2.37224;0.1478;Rosa;206;;
98;LC;62129;C;1;0;;1.49078;0.07416;0.08396;Rosa;206;;
99;LC;54901;D;3;0;;1.93365;1.44407;0.18091;Rosa;206;;
100;LC;47920;C;20;0;;1.74939;-0.3163;0.02892;Rosa;206;;
101;LC;61460;B;28;0;;1.83497;0.67432;0.15189;Rosa;206;;
102;LC;62056;C;4;0;;2.36775;0.57178;0.12678;Rosa;206;;
103;LC;27450;A;12;0;;1.91305;1.80463;0.15861;Rosa;206;;
104;LC;24253;C;14;0;;1.243;-0.53194;0.0183;Rosa;206;;
105;LC;25951;A;17;0;;0.30081;4.17509;0.20994;Rosa;206;;
106;LC;62744;E;23;0;;3.3142;0.66591;0.15685;Rosa;206;;
107;LC;39467;B;13;1;Não permitiu a convergência do algoritmo de estimação da TRI;;;;Rosa;206;;
108;LC;61634;E;19;0;;3.27531;1.76311;0.15025;Rosa;206;;
109;LC;23970;D;27;0;;1.33878;-0.30209;0.18685;Rosa;206;;
110;LC;60030;B;28;0;;0.6499;2.63502;0.0311;Rosa;206;;
111;LC;25160;C;17;0;;2.78271;0.91699;0.11184;Rosa;206;;
112;LC;67292;C;22;0;;1.04729;4.01866;0.17462;Rosa;206;;
113;LC;38314;D;9;0;;2.77516;1.3356;0.1154;Rosa;206;;
114;LC;59566;A;20;0;;2.70304;1.12922;0.1968;Rosa;206;;
115;LC;55917;B;21;0;;1.86592;-0.2908;0.06189;Rosa;206;;
116;LC;31784;D;27;0;;3.98193;0.04376;0.19943;Rosa;206;;
117;LC;59816;C;2;0;;2.19831;-0.14068;0.02494;Rosa;206;;
118;LC;16998;B;26;0;;2.99478;1.22235;0.18701;Rosa;206;;
119;LC;12273;E;11;0;;1.123;0.25;0.179;Rosa;206;;
120;LC;32467;B;10;0;;2.03786;0.03099;0.17159;Rosa;206;;
121;LC;24381;C;15;0;;2.01631;0.18152;0.20755;Rosa;206;;
122;LC;30307;E;22;0;;3.83603;0.59625;0.15047;Rosa;206;;
123;LC;7100;C;24;0;;1.5;2.151;0.167;Rosa;206;;
124;LC;59834;A;24;0;;2.17872;-0.0611;0.07526;Rosa;206;;
125;LC;60908;B;21;0;;2.88632;0.33577;0.14663;Rosa;206;;
126;LC;43799;D;30;0;;2.32016;0.60535;0.15718;Rosa;206;;
127;LC;43584;E;29;0;;3.80183;0.58005;0.18152;Rosa;206;;
128;LC;55334;B;25;0;;2.70478;0.57347;0.13384;Rosa;206;;
129;LC;17417;D;1;0;;2.08904;1.4535;0.15613;Rosa;206;;
130;LC;16803;A;18;0;;2.66276;0.44317;0.19913;Rosa;206;;
131;LC;61293;D;13;0;;1.74545;0.73092;0.09495;Rosa;206;;
132;LC;62384;D;4;0;;3.47426;0.75167;0.15511;Rosa;206;;
133;LC;39161;B;29;0;;2.72071;-0.25522;0.16077;Rosa;206;;
134;LC;40198;C;16;0;;3.12727;1.37122;0.10684;Rosa;206;;
135;LC;17221;B;16;0;;1.76294;0.93064;0.20396;Rosa;206;;
91;LC;27529;B;;0;;1.34313;0.51528;0.18963;Cinza;213;0;
91;LC;16396;B;;0;;2.94148;1.30008;0.18156;Cinza;213;1;
92;LC;9050;C;;0;;1.63874;1.66335;0.23486;Cinza;213;1;
92;LC;26283;C;;0;;5.06518;1.26216;0.20296;Cinza;213;0;
93;LC;8124;B;;0;;1.651;1.427;0.279;Cinza;213;0;
93;LC;32979;B;;0;;2.92475;0.34523;0.17909;Cinza;213;1;
94;LC;10235;E;;0;;2.278;0.602;0.173;Cinza;213;0;
94;LC;27192;E;;0;;2.74991;1.1307;0.15348;Cinza;213;1;
95;LC;9817;C;;0;;2.26;0.679;0.155;Cinza;213;1;
95;LC;7461;E;;0;;2.89278;0.45779;0.18253;Cinza;213;0;
96;LC;27183;E;;0;;4.17875;0.36295;0.20108;Cinza;213;;
97;LC;32257;D;;0;;1.62138;0.84785;0.19925;Cinza;213;;
98;LC;24486;E;;0;;1.46163;0.94517;0.17266;Cinza;213;;
99;LC;25678;E;;0;;1.80919;0.98278;0.19446;Cinza;213;;
100;LC;28993;E;;0;;1.69505;-0.29275;0.20232;Cinza;213;;
101;LC;32892;E;;0;;1.16558;1.06637;0.21466;Cinza;213;;
102;LC;32646;E;;0;;2.47785;1.18263;0.32604;Cinza;213;;
103;LC;39673;C;;0;;2.39797;0.66438;0.165;Cinza;213;;
104;LC;12769;D;;0;;2.24199;-0.513;0.197;Cinza;213;;
105;LC;10566;C;;0;;2.031;-0.535;0.204;Cinza;213;;
106;LC;25523;C;;0;;2.01342;0.51881;0.22765;Cinza;213;;
107;LC;16385;B;;0;;1.2378;1.38118;0.25507;Cinza;213;;
108;LC;33135;A;;0;;1.89824;2.16518;0.22554;Cinza;213;;
109;LC;23835;D;;0;;2.75203;0.97474;0.1398;Cinza;213;;
110;LC;27579;C;;0;;1.46542;2.2448;0.26782;Cinza;213;;
111;LC;16871;C;;0;;1.96279;0.85026;0.2243;Cinza;213;;
112;LC;26870;D;;0;;3.04159;0.07707;0.19318;Cinza;213;;
113;LC;9784;E;;0;;2.883;0.153;0.226;Cinza;213;;
114;LC;39837;E;;0;;4.12333;1.96463;0.14449;Cinza;213;;
115;LC;16946;A;;0;;1.40975;1.42014;0.23853;Cinza;213;;
116;LC;24820;C;;0;;2.19757;-0.00783;0.22275;Cinza;213;;
117;LC;32368;A;;0;;3.10153;0.63223;0.16681;Cinza;213;;
118;LC;9044;A;;0;;1.59499;1.973;0.089;Cinza;213;;
119;LC;39229;E;;0;;4.65602;0.34056;0.19392;Cinza;213;;
120;LC;42302;C;;0;;2.24866;-0.26353;0.19915;Cinza;213;;
121;LC;24296;D;;0;;2.30971;1.15572;0.25835;Cinza;213;;
122;LC;30577;D;;0;;1.75185;1.8442;0.28101;Cinza;213;;
123;LC;30848;A;;0;;2.68571;1.95059;0.25912;Cinza;213;;
124;LC;26252;C;;0;;2.23283;0.68162;0.22094;Cinza;213;;
125;LC;39518;A;;0;;1.2039;0.12945;0.21534;Cinza;213;;
126;LC;26364;E;;0;;3.67788;0.28641;0.1959;Cinza;213;;
127;LC;41245;D;;0;;1.78964;0.2388;0.19653;Cinza;213;;
128;LC;15219;A;;0;;1.47205;0.17718;0.20369;Cinza;213;;
129;LC;39529;A;;0;;1.30308;0.74958;0.22767;Cinza;213;;
130;LC;26095;B;;0;;1.79589;0.92038;0.18671;Cinza;213;;
131;LC;26163;C;;0;;4.63816;1.14888;0.20274;Cinza;213;;
132;LC;30305;A;;0;;1.73763;0.74164;0.21043;Cinza;213;;
133;LC;30553;A;;0;;2.92355;0.64196;0.1577;Cinza;213;;
134;LC;7664;C;;0;;1.01699;1.46;0.203;Cinza;213;;
135;LC;27858;A;;0;;3.5193;0.82032;0.1457;Cinza;213;;
91;LC;60885;A;5;0;;3.22809;1.10415;0.12403;Cinza-Ledor;217;0;1
91;LC;11723;D;7;0;;1.6705;0.52911;0.16379;Cinza-Ledor;217;1;1
92;LC;59916;C;7;0;;3.32775;1.00642;0.16626;Cinza-Ledor;217;0;1
92;LC;11907;E;5;0;;3.177;1.007;0.091;Cinza-Ledor;217;1;1
93;LC;7352;A;6;0;;3.806;1.106;0.106;Cinza-Ledor;217;0;1
93;LC;61028;C;6;0;;2.65452;0.67722;0.16993;Cinza-Ledor;217;1;1
94;LC;53032;A;6;0;;3.08957;1.36638;0.12934;Cinza-Ledor;217;1;1
94;LC;27522;C;6;0;;3.1575;0.49268;0.18559;Cinza-Ledor;217;0;1
95;LC;11509;A;7;0;;1.161;1.549;0.177;Cinza-Ledor;217;1;1
95;LC;60784;D;8;0;;4.90261;0.82038;0.2478;Cinza-Ledor;217;0;1
96;LC;60745;B;22;0;;2.38122;0.33432;0.30677;Cinza-Ledor;217;;1
97;LC;17417;D;1;0;;2.08904;1.4535;0.15613;Cinza-Ledor;217;;1
98;LC;16803;A;18;0;;2.66276;0.44317;0.19913;Cinza-Ledor;217;;1
99;LC;61293;D;13;0;;1.74545;0.73092;0.09495;Cinza-Ledor;217;;1
100;LC;62384;D;4;0;;3.47426;0.75167;0.15511;Cinza-Ledor;217;;1
101;LC;17316;D;15;0;;2.20141;2.37224;0.1478;Cinza-Ledor;217;;1
102;LC;62129;C;1;0;;1.49078;0.07416;0.08396;Cinza-Ledor;217;;1
103;LC;54901;D;3;0;;1.93365;1.44407;0.18091;Cinza-Ledor;217;;1
104;LC;67292;C;22;0;;1.04729;4.01866;0.17462;Cinza-Ledor;217;;1
105;LC;38314;D;9;0;;2.77516;1.3356;0.1154;Cinza-Ledor;217;;1
106;LC;59566;A;20;0;;2.70304;1.12922;0.1968;Cinza-Ledor;217;;1
107;LC;55917;B;21;0;;1.86592;-0.2908;0.06189;Cinza-Ledor;217;;1
108;LC;12273;E;11;0;;1.123;0.25;0.179;Cinza-Ledor;217;;1
109;LC;32467;B;10;0;;2.03786;0.03099;0.17159;Cinza-Ledor;217;;1
110;LC;24381;C;15;0;;2.01631;0.18152;0.20755;Cinza-Ledor;217;;1
111;LC;39161;B;29;0;;2.72071;-0.25522;0.16077;Cinza-Ledor;217;;1
112;LC;40198;C;16;0;;3.12727;1.37122;0.10684;Cinza-Ledor;217;;1
113;LC;17221;B;16;0;;1.76294;0.93064;0.20396;Cinza-Ledor;217;;1
114;LC;30307;E;22;0;;3.83603;0.59625;0.15047;Cinza-Ledor;217;;1
115;LC;7100;C;24;0;;1.5;2.151;0.167;Cinza-Ledor;217;;1
116;LC;27450;A;12;0;;1.91305;1.80463;0.15861;Cinza-Ledor;217;;1
117;LC;24253;C;14;0;;1.243;-0.53194;0.0183;Cinza-Ledor;217;;1
118;LC;25951;A;17;0;;0.30081;4.17509;0.20994;Cinza-Ledor;217;;1
119;LC;62744;E;23;0;;3.3142;0.66591;0.15685;Cinza-Ledor;217;;1
120;LC;39467;B;13;1;Não permitiu a convergência do algoritmo de estimação da TRI;;;;Cinza-Ledor;217;;1
121;LC;43799;D;30;0;;2.32016;0.60535;0.15718;Cinza-Ledor;217;;1
122;LC;43584;E;29;0;;3.80183;0.58005;0.18152;Cinza-Ledor;217;;1
123;LC;55334;B;25;0;;2.70478;0.57347;0.13384;Cinza-Ledor;217;;1
124;LC;59834;A;24;0;;2.17872;-0.0611;0.07526;Cinza-Ledor;217;;1
125;LC;60908;B;21;0;;2.88632;0.33577;0.14663;Cinza-Ledor;217;;1
126;LC;61634;E;19;0;;3.27531;1.76311;0.15025;Cinza-Ledor;217;;1
127;LC;23970;D;27;0;;1.33878;-0.30209;0.18685;Cinza-Ledor;217;;1
128;LC;60030;B;28;0;;0.6499;2.63502;0.0311;Cinza-Ledor;217;;1
129;LC;25160;C;17;0;;2.78271;0.91699;0.11184;Cinza-Ledor;217;;1
130;LC;31784;D;27;0;;3.98193;0.04376;0.19943;Cinza-Ledor;217;;1
131;LC;59816;C;2;0;;2.19831;-0.14068;0.02494;Cinza-Ledor;217;;1
132;LC;16998;B;26;0;;2.99478;1.22235;0.18701;Cinza-Ledor;217;;1
133;LC;47920;C;20;0;;1.74939;-0.3163;0.02892;Cinza-Ledor;217;;1
134;LC;61460;B;28;0;;1.83497;0.67432;0.15189;Cinza-Ledor;217;;1
135;LC;62056;C;4;0;;2.36775;0.57178;0.12678;Cinza-Ledor;217;;1
91;LC;27529;B;;0;;1.34313;0.51528;0.18963;Cinza-Ledor;221;0;1
91;LC;16396;B;;0;;2.94148;1.30008;0.18156;Cinza-Ledor;221;1;1
92;LC;9050;C;;0;;1.63874;1.66335;0.23486;Cinza-Ledor;221;1;1
92;LC;26283;C;;0;;5.06518;1.26216;0.20296;Cinza-Ledor;221;0;1
93;LC;8124;B;;0;;1.651;1.427;0.279;Cinza-Ledor;221;0;1
93;LC;32979;B;;0;;2.92475;0.34523;0.17909;Cinza-Ledor;221;1;1
94;LC;10235;E;;0;;2.278;0.602;0.173;Cinza-Ledor;221;0;1
94;LC;27192;E;;0;;2.74991;1.1307;0.15348;Cinza-Ledor;221;1;1
95;LC;9817;C;;0;;2.26;0.679;0.155;Cinza-Ledor;221;1;1
95;LC;7461;E;;0;;2.89278;0.45779;0.18253;Cinza-Ledor;221;0;1
96;LC;27183;E;;0;;4.17875;0.36295;0.20108;Cinza-Ledor;221;;1
97;LC;32257;D;;0;;1.62138;0.84785;0.19925;Cinza-Ledor;221;;1
98;LC;24486;E;;0;;1.46163;0.94517;0.17266;Cinza-Ledor;221;;1
99;LC;25678;E;;0;;1.80919;0.98278;0.19446;Cinza-Ledor;221;;1
100;LC;28993;E;;0;;1.69505;-0.29275;0.20232;Cinza-Ledor;221;;1
101;LC;32892;E;;0;;1.16558;1.06637;0.21466;Cinza-Ledor;221;;1
102;LC;32646;E;;0;;2.47785;1.18263;0.32604;Cinza-Ledor;221;;1
103;LC;39673;C;;0;;2.39797;0.66438;0.165;Cinza-Ledor;221;;1
104;LC;12769;D;;0;;2.24199;-0.513;0.197;Cinza-Ledor;221;;1
105;LC;10566;C;;0;;2.031;-0.535;0.204;Cinza-Ledor;221;;1
106;LC;25523;C;;0;;2.01342;0.51881;0.22765;Cinza-Ledor;221;;1
107;LC;16385;B;;0;;1.2378;1.38118;0.25507;Cinza-Ledor;221;;1
108;LC;33135;A;;0;;1.89824;2.16518;0.22554;Cinza-Ledor;221;;1
109;LC;23835;D;;0;;2.75203;0.97474;0.1398;Cinza-Ledor;221;;1
110;LC;27579;C;;0;;1.46542;2.2448;0.26782;Cinza-Ledor;221;;1
111;LC;16871;C;;0;;1.96279;0.85026;0.2243;Cinza-Ledor;221;;1
112;LC;26870;D;;0;;3.04159;0.07707;0.19318;Cinza-Ledor;221;;1
113;LC;9784;E;;0;;2.883;0.153;0.226;Cinza-Ledor;221;;1
114;LC;39837;E;;0;;4.12333;1.96463;0.14449;Cinza-Ledor;221;;1
115;LC;16946;A;;0;;1.40975;1.42014;0.23853;Cinza-Ledor;221;;1
116;LC;24820;C;;0;;2.19757;-0.00783;0.22275;Cinza-Ledor;221;;1
117;LC;32368;A;;0;;3.10153;0.63223;0.16681;Cinza-Ledor;221;;1
118;LC;9044;A;;0;;1.59499;1.973;0.089;Cinza-Ledor;221;;1
119;LC;39229;E;;0;;4.65602;0.34056;0.19392;Cinza-Ledor;221;;1
120;LC;42302;C;;0;;2.24866;-0.26353;0.19915;Cinza-Ledor;221;;1
121;LC;24296;D;;0;;2.30971;1.15572;0.25835;Cinza-Ledor;221;;1
122;LC;30577;D;;0;;1.75185;1.8442;0.28101;Cinza-Ledor;221;;1
123;LC;30848;A;;0;;2.68571;1.95059;0.25912;Cinza-Ledor;221;;1
124;LC;26252;C;;0;;2.23283;0.68162;0.22094;Cinza-Ledor;221;;1
125;LC;39518;A;;0;;1.2039;0.12945;0.21534;Cinza-Ledor;221;;1
126;LC;26364;E;;0;;3.67788;0.28641;0.1959;Cinza-Ledor;221;;1
127;LC;41245;D;;0;;1.78964;0.2388;0.19653;Cinza-Ledor;221;;1
128;LC;15219;A;;0;;1.47205;0.17718;0.20369;Cinza-Ledor;221;;1
129;LC;39529;A;;0;;1.30308;0.74958;0.22767;Cinza-Ledor;221;;1
130;LC;26095;B;;0;;1.79589;0.92038;0.18671;Cinza-Ledor;221;;1
131;LC;26163;C;;0;;4.63816;1.14888;0.20274;Cinza-Ledor;221;;1
132;LC;30305;A;;0;;1.73763;0.74164;0.21043;Cinza-Ledor;221;;1
133;LC;30553;A;;0;;2.92355;0.64196;0.1577;Cinza-Ledor;221;;1
134;LC;7664;C;;0;;1.01699;1.46;0.203;Cinza-Ledor;221;;1
135;LC;27858;A;;0;;3.5193;0.82032;0.1457;Cinza-Ledor;221;;1
91;LC;20073;D;;0;;2.45912;0.96192;0.11925;Cinza;225;0;
91;LC;8095;E;;0;;1.555;1.299;0.103;Cinza;225;1;
92;LC;8395;A;;0;;3.295;0.812;0.214;Cinza;225;1;
92;LC;7104;B;;0;;1.332;2.25;0.188;Cinza;225;0;
93;LC;9212;A;;0;;1.866;0.438;0.141;Cinza;225;1;
93;LC;9589;C;;0;;2.348;1.485;0.106;Cinza;225;0;
94;LC;9381;A;;0;;1.675;2.003;0.111;Cinza;225;0;
94;LC;9567;C;;0;;2.431;1.083;0.196;Cinza;225;1;
95;LC;13637;A;;0;;2.88;-0.054;0.138;Cinza;225;0;
95;LC;9721;D;;0;;1.328;1.107;0.153;Cinza;225;1;
96;LC;7566;E;;0;;2.758;0.253;0.16;Cinza;225;;
97;LC;7178;A;;0;;1.743;0.55;0.151;Cinza;225;;
98;LC;7657;B;;0;;1.042;1.544;0.159;Cinza;225;;
99;LC;12364;C;;0;;2.74;-0.109;0.257;Cinza;225;;
100;LC;10727;D;;0;;2.171;1.147;0.144;Cinza;225;;
101;LC;37033;C;;0;;2.12987;-0.30547;0.19921;Cinza;225;;
102;LC;40579;D;;0;;3.02318;0.34705;0.15184;Cinza;225;;
103;LC;32194;C;;0;;2.10871;0.7067;0.1783;Cinza;225;;
104;LC;13343;B;;0;;1.803;1.685;0.172;Cinza;225;;
105;LC;7706;C;;0;;2.167;0.399;0.116;Cinza;225;;
106;LC;6867;E;;0;;0.654;0.292;0.236;Cinza;225;;
107;LC;13868;C;;0;;1.269;0.861;0.126;Cinza;225;;
108;LC;16702;B;;0;;3.28955;1.30886;0.20975;Cinza;225;;
109;LC;13965;D;;0;;2.355;0.685;0.115;Cinza;225;;
110;LC;10299;B;;0;;2.387;1.698;0.109;Cinza;225;;
111;LC;26574;A;;0;;1.57501;-0.85033;0.20242;Cinza;225;;
112;LC;39278;D;;0;;4.01287;0.78068;0.09562;Cinza;225;;
113;LC;13910;D;;0;;1.986;-0.032;0.14;Cinza;225;;
114;LC;15085;C;;0;;2.566;0.884;0.178;Cinza;225;;
115;LC;15086;B;;0;;0.969;0.788;0.196;Cinza;225;;
116;LC;11629;B;;0;;2.439;0.846;0.177;Cinza;225;;
117;LC;9758;B;;0;;1.385;0.668;0.217;Cinza;225;;
118;LC;15093;D;;0;;2.122;1.006;0.141;Cinza;225;;
119;LC;12867;E;;0;;1.355;1.572;0.141;Cinza;225;;
120;LC;7467;D;;0;;2.792;0.304;0.139;Cinza;225;;
121;LC;27685;A;;0;;2.61321;0.5569;0.19419;Cinza;225;;
122;LC;10209;A;;0;;1.95;0.927;0.193;Cinza;225;;
123;LC;10211;A;;0;;1.842;1.675;0.15;Cinza;225;;
124;LC;10217;B;;0;;1.186;0.483;0.143;Cinza;225;;
125;LC;15076;C;;0;;1.15;1.519;0.192;Cinza;225;;
126;LC;32222;B;;0;;3.22125;0.36145;0.15268;Cinza;225;;
127;LC;13507;B;;0;;1.009;1.312;0.268;Cinza;225;;
128;LC;24684;A;;0;;1.76455;1.53548;0.28045;Cinza;225;;
129;LC;13816;D;;0;;1.527;1.204;0.138;Cinza;225;;
130;LC;32908;D;;0;;2.25181;0.28564;0.19886;Cinza;225;;
131;LC;32575;D;;0;;1.8923;1.42173;0.19539;Cinza;225;;
132;LC;24666;A;;0;;2.40046;1.44551;0.31897;Cinza;225;;
133;LC;14162;C;;0;;2.2401;1.35692;0.11836;Cinza;225;;
134;LC;41246;B;;0;;3.28727;0.79204;0.21132;Cinza;225;;
135;LC;20659;D;;0;;3.72382;0.18512;0.17539;Cinza;225;;
91;LC;20073;D;;0;;2.45912;0.96192;0.11925;Cinza;229;0;
91;LC;8095;E;;0;;1.555;1.299;0.103;Cinza;229;1;
92;LC;8395;A;;0;;3.295;0.812;0.214;Cinza;229;1;
92;LC;7104;B;;0;;1.332;2.25;0.188;Cinza;229;0;
93;LC;9212;A;;0;;1.866;0.438;0.141;Cinza;229;1;
93;LC;9589;C;;0;;2.348;1.485;0.106;Cinza;229;0;
94;LC;9381;A;;0;;1.675;2.003;0.111;Cinza;229;0;
94;LC;9567;C;;0;;2.431;1.083;0.196;Cinza;229;1;
95;LC;13637;A;;0;;2.88;-0.054;0.138;Cinza;229;0;
95;LC;9721;D;;0;;1.328;1.107;0.153;Cinza;229;1;
96;LC;7566;E;;0;;2.758;0.253;0.16;Cinza;229;;
97;LC;7178;A;;0;;1.743;0.55;0.151;Cinza;229;;
98;LC;7657;B;;0;;1.042;1.544;0.159;Cinza;229;;
99;LC;12364;C;;0;;2.74;-0.109;0.257;Cinza;229;;
100;LC;10727;D;;0;;2.171;1.147;0.144;Cinza;229;;
101;LC;37033;C;;0;;2.12987;-0.30547;0.19921;Cinza;229;;
102;LC;40579;D;;0;;3.02318;0.34705;0.15184;Cinza;229;;
103;LC;32194;C;;0;;2.10871;0.7067;0.1783;Cinza;229;;
104;LC;13343;B;;0;;1.803;1.685;0.172;Cinza;229;;
105;LC;7706;C;;0;;2.167;0.399;0.116;Cinza;229;;
106;LC;6867;E;;0;;0.654;0.292;0.236;Cinza;229;;
107;LC;13868;C;;0;;1.269;0.861;0.126;Cinza;229;;
108;LC;16702;B;;0;;3.28955;1.30886;0.20975;Cinza;229;;
109;LC;13965;D;;0;;2.355;0.685;0.115;Cinza;229;;
110;LC;10299;B;;0;;2.387;1.698;0.109;Cinza;229;;
111;LC;26574;A;;0;;1.57501;-0.85033;0.20242;Cinza;229;;
112;LC;39278;D;;0;;4.01287;0.78068;0.09562;Cinza;229;;
113;LC;13910;D;;0;;1.986;-0.032;0.14;Cinza;229;;
114;LC;15085;C;;0;;2.566;0.884;0.178;Cinza;229;;
115;LC;15086;B;;0;;0.969;0.788;0.196;Cinza;229;;
116;LC;11629;B;;0;;2.439;0.846;0.177;Cinza;229;;
117;LC;9758;B;;0;;1.385;0.668;0.217;Cinza;229;;
118;LC;15093;D;;0;;2.122;1.006;0.141;Cinza;229;;
119;LC;12867;E;;0;;1.355;1.572;0.141;Cinza;229;;
120;LC;7467;D;;0;;2.792;0.304;0.139;Cinza;229;;
121;LC;27685;A;;0;;2.61321;0.5569;0.19419;Cinza;229;;
122;LC;10209;A;;0;;1.95;0.927;0.193;Cinza;229;;
123;LC;10211;A;;0;;1.842;1.675;0.15;Cinza;229;;
124;LC;10217;B;;0;;1.186;0.483;0.143;Cinza;229;;
125;LC;15076;C;;0;;1.15;1.519;0.192;Cinza;229;;
126;LC;32222;B;;0;;3.22125;0.36145;0.15268;Cinza;229;;
127;LC;13507;B;;0;;1.009;1.312;0.268;Cinza;229;;
128;LC;24684;A;;0;;1.76455;1.53548;0.28045;Cinza;229;;
129;LC;13816;D;;0;;1.527;1.204;0.138;Cinza;229;;
130;LC;32908;D;;0;;2.25181;0.28564;0.19886;Cinza;229;;
131;LC;32575;D;;0;;1.8923;1.42173;0.19539;Cinza;229;;
132;LC;24666;A;;0;;2.40046;1.44551;0.31897;Cinza;229;;
133;LC;14162;C;;0;;2.2401;1.35692;0.11836;Cinza;229;;
134;LC;41246;B;;0;;3.28727;0.79204;0.21132;Cinza;229;;
135;LC;20659;D;;0;;3.72382;0.18512;0.17539;Cinza;229;;
136;MT;9475;D;11;0;;1.393;2.527;0.159;Amarelo;207;;
137;MT;17740;D;19;0;;1.59248;2.00335;0.27155;Amarelo;207;;
138;MT;30455;C;3;0;;3.22711;0.34727;0.17002;Amarelo;207;;
139;MT;17535;D;20;0;;1.98404;2.2941;0.12322;Amarelo;207;;
140;MT;42818;E;7;0;;0.78827;0.57549;0.02944;Amarelo;207;;
141;MT;33182;E;25;0;;1.50301;1.15845;0.0992;Amarelo;207;;
142;MT;54440;C;24;0;;1.87001;2.45188;0.18403;Amarelo;207;;
143;MT;63435;B;26;0;;1.96518;0.66623;0.20892;Amarelo;207;;
144;MT;40131;B;4;0;;1.78611;1.16553;0.41758;Amarelo;207;;
145;MT;14187;E;9;0;;2.12088;1.70598;0.13132;Amarelo;207;;
146;MT;48681;D;18;0;;1.61207;2.24783;0.13861;Amarelo;207;;
147;MT;46713;B;18;0;;1.97988;1.52355;0.15177;Amarelo;207;;
148;MT;49989;B;25;0;;1.83986;2.34426;0.21054;Amarelo;207;;
149;MT;63438;D;17;0;;1.05986;-0.36006;0.09786;Amarelo;207;;
150;MT;61793;A;30;0;;2.16526;1.53309;0.1566;Amarelo;207;;
151;MT;59581;B;2;0;;0.31966;5.61338;0.08125;Amarelo;207;;
152;MT;30529;B;28;0;;1.33909;3.71347;0.16889;Amarelo;207;;
153;MT;63440;C;13;0;;1.98973;1.94698;0.25513;Amarelo;207;;
154;MT;44241;C;6;0;;1.37431;1.9954;0.09041;Amarelo;207;;
155;MT;11812;B;27;0;;1.319;2.237;0.043;Amarelo;207;;
156;MT;63674;C;5;0;;1.92266;2.32163;0.16323;Amarelo;207;;
157;MT;33035;C;20;0;;2.23693;1.47277;0.1419;Amarelo;207;;
158;MT;30877;E;14;0;;2.52961;2.78945;0.05833;Amarelo;207;;
159;MT;7389;D;3;0;;1.953;1.224;0.155;Amarelo;207;;
160;MT;33369;E;11;0;;3.07069;1.76537;0.05082;Amarelo;207;;
161;MT;25246;A;29;0;;2.19845;2.03551;0.22723;Amarelo;207;;
162;MT;12340;E;28;0;;1.61297;2.98793;0.21584;Amarelo;207;;
163;MT;29767;C;13;1;Não permitiu a convergência do algoritmo de estimação da TRI;;;;Amarelo;207;;
164;MT;59806;A;23;0;;2.13099;1.96098;0.11968;Amarelo;207;;
165;MT;49822;E;2;0;;0.91539;3.76906;0.14461;Amarelo;207;;
166;MT;15302;A;8;0;;0.15248;11.43966;0.21171;Amarelo;207;;
167;MT;39758;D;19;0;;1.69037;3.30438;0.12863;Amarelo;207;;
168;MT;61364;D;16;0;;2.36469;2.376;0.0966;Amarelo;207;;
169;MT;49881;C;18;0;;1.58133;2.1276;0.12547;Amarelo;207;;
170;MT;50141;D;29;0;;1.6867;1.70676;0.16663;Amarelo;207;;
171;MT;23880;A;8;0;;2.15467;2.05479;0.15025;Amarelo;207;;
172;MT;60671;A;20;0;;1.54729;0.48664;0.03026;Amarelo;207;;
173;MT;26988;B;16;0;;1.44554;2.04929;0.1339;Amarelo;207;;
174;MT;28340;A;14;0;;3.2818;1.51223;0.15055;Amarelo;207;;
175;MT;14048;B;21;0;;1.55715;1.8146;0.15858;Amarelo;207;;
176;MT;64117;D;23;0;;1.79888;1.88929;0.15126;Amarelo;207;;
177;MT;40768;C;1;0;;1.72864;-0.40621;0.19395;Amarelo;207;;
178;MT;41058;E;10;0;;1.28222;1.73128;0.1263;Amarelo;207;;
179;MT;41283;C;18;0;;2.528;0.77827;0.17369;Amarelo;207;;
180;MT;22760;A;4;0;;3.21361;2.43555;0.11686;Amarelo;207;;
136;MT;40768;C;1;0;;1.72864;-0.40621;0.19395;Cinza;208;;
137;MT;41058;E;10;0;;1.28222;1.73128;0.1263;Cinza;208;;
138;MT;41283;C;18;0;;2.528;0.77827;0.17369;Cinza;208;;
139;MT;22760;A;4;0;;3.21361;2.43555;0.11686;Cinza;208;;
140;MT;44241;C;6;0;;1.37431;1.9954;0.09041;Cinza;208;;
141;MT;11812;B;27;0;;1.319;2.237;0.043;Cinza;208;;
142;MT;63674;C;5;0;;1.92266;2.32163;0.16323;Cinza;208;;
143;MT;60671;A;20;0;;1.54729;0.48664;0.03026;Cinza;208;;
144;MT;26988;B;16;0;;1.44554;2.04929;0.1339;Cinza;208;;
145;MT;28340;A;14;0;;3.2818;1.51223;0.15055;Cinza;208;;
146;MT;14048;B;21;0;;1.55715;1.8146;0.15858;Cinza;208;;
147;MT;64117;D;23;0;;1.79888;1.88929;0.15126;Cinza;208;;
148;MT;49989;B;25;0;;1.83986;2.34426;0.21054;Cinza;208;;
149;MT;63438;D;17;0;;1.05986;-0.36006;0.09786;Cinza;208;;
150;MT;61793;A;30;0;;2.16526;1.53309;0.1566;Cinza;208;;
151;MT;61364;D;16;0;;2.36469;2.376;0.0966;Cinza;208;;
152;MT;49881;C;18;0;;1.58133;2.1276;0.12547;Cinza;208;;
153;MT;50141;D;29;0;;1.6867;1.70676;0.16663;Cinza;208;;
154;MT;23880;A;8;0;;2.15467;2.05479;0.15025;Cinza;208;;
155;MT;33369;E;11;0;;3.07069;1.76537;0.05082;Cinza;208;;
156;MT;25246;A;29;0;;2.19845;2.03551;0.22723;Cinza;208;;
157;MT;12340;E;28;0;;1.61297;2.98793;0.21584;Cinza;208;;
158;MT;29767;C;13;1;Não permitiu a convergência do algoritmo de estimação da TRI;;;;Cinza;208;;
159;MT;59581;B;2;0;;0.31966;5.61338;0.08125;Cinza;208;;
160;MT;30529;B;28;0;;1.33909;3.71347;0.16889;Cinza;208;;
161;MT;63440;C;13;0;;1.98973;1.94698;0.25513;Cinza;208;;
162;MT;59806;A;23;0;;2.13099;1.96098;0.11968;Cinza;208;;
163;MT;49822;E;2;0;;0.91539;3.76906;0.14461;Cinza;208;;
164;MT;15302;A;8;0;;0.15248;11.43966;0.21171;Cinza;208;;
165;MT;39758;D;19;0;;1.69037;3.30438;0.12863;Cinza;208;;
166;MT;40131;B;4;0;;1.78611;1.16553;0.41758;Cinza;208;;
167;MT;14187;E;9;0;;2.12088;1.70598;0.13132;Cinza;208;;
168;MT;48681;D;18;0;;1.61207;2.24783;0.13861;Cinza;208;;
169;MT;46713;B;18;0;;1.97988;1.52355;0.15177;Cinza;208;;
170;MT;33182;E;25;0;;1.50301;1.15845;0.0992;Cinza;208;;
171;MT;54440;C;24;0;;1.87001;2.45188;0.18403;Cinza;208;;
172;MT;63435;B;26;0;;1.96518;0.66623;0.20892;Cinza;208;;
173;MT;17535;D;20;0;;1.98404;2.2941;0.12322;Cinza;208;;
174;MT;42818;E;7;0;;0.78827;0.57549;0.02944;Cinza;208;;
175;MT;33035;C;20;0;;2.23693;1.47277;0.1419;Cinza;208;;
176;MT;30877;E;14;0;;2.52961;2.78945;0.05833;Cinza;208;;
177;MT;7389;D;3;0;;1.953;1.224;0.155;Cinza;208;;
178;MT;9475;D;11;0;;1.393;2.527;0.159;Cinza;208;;
179;MT;17740;D;19;0;;1.59248;2.00335;0.27155;Cinza;208;;
180;MT;30455;C;3;0;;3.22711;0.34727;0.17002;Cinza;208;;
136;MT;33182;E;25;0;;1.50301;1.15845;0.0992;Azul;209;;
137;MT;54440;C;24;0;;1.87001;2.45188;0.18403;Azul;209;;
138;MT;63435;B;26;0;;1.96518;0.66623;0.20892;Azul;209;;
139;MT;61364;D;16;0;;2.36469;2.376;0.0966;Azul;209;;
140;MT;49881;C;18;0;;1.58133;2.1276;0.12547;Azul;209;;
141;MT;50141;D;29;0;;1.6867;1.70676;0.16663;Azul;209;;
142;MT;23880;A;8;0;;2.15467;2.05479;0.15025;Azul;209;;
143;MT;17535;D;20;0;;1.98404;2.2941;0.12322;Azul;209;;
144;MT;42818;E;7;0;;0.78827;0.57549;0.02944;Azul;209;;
145;MT;59806;A;23;0;;2.13099;1.96098;0.11968;Azul;209;;
146;MT;49822;E;2;0;;0.91539;3.76906;0.14461;Azul;209;;
147;MT;15302;A;8;0;;0.15248;11.43966;0.21171;Azul;209;;
148;MT;39758;D;19;0;;1.69037;3.30438;0.12863;Azul;209;;
149;MT;40131;B;4;0;;1.78611;1.16553;0.41758;Azul;209;;
150;MT;14187;E;9;0;;2.12088;1.70598;0.13132;Azul;209;;
151;MT;48681;D;18;0;;1.61207;2.24783;0.13861;Azul;209;;
152;MT;46713;B;18;0;;1.97988;1.52355;0.15177;Azul;209;;
153;MT;49989;B;25;0;;1.83986;2.34426;0.21054;Azul;209;;
154;MT;63438;D;17;0;;1.05986;-0.36006;0.09786;Azul;209;;
155;MT;61793;A;30;0;;2.16526;1.53309;0.1566;Azul;209;;
156;MT;33369;E;11;0;;3.07069;1.76537;0.05082;Azul;209;;
157;MT;25246;A;29;0;;2.19845;2.03551;0.22723;Azul;209;;
158;MT;12340;E;28;0;;1.61297;2.98793;0.21584;Azul;209;;
159;MT;29767;C;13;1;Não permitiu a convergência do algoritmo de estimação da TRI;;;;Azul;209;;
160;MT;44241;C;6;0;;1.37431;1.9954;0.09041;Azul;209;;
161;MT;11812;B;27;0;;1.319;2.237;0.043;Azul;209;;
162;MT;63674;C;5;0;;1.92266;2.32163;0.16323;Azul;209;;
163;MT;59581;B;2;0;;0.31966;5.61338;0.08125;Azul;209;;
164;MT;30529;B;28;0;;1.33909;3.71347;0.16889;Azul;209;;
165;MT;63440;C;13;0;;1.98973;1.94698;0.25513;Azul;209;;
166;MT;33035;C;20;0;;2.23693;1.47277;0.1419;Azul;209;;
167;MT;30877;E;14;0;;2.52961;2.78945;0.05833;Azul;209;;
168;MT;7389;D;3;0;;1.953;1.224;0.155;Azul;209;;
169;MT;9475;D;11;0;;1.393;2.527;0.159;Azul;209;;
170;MT;17740;D;19;0;;1.59248;2.00335;0.27155;Azul;209;;
171;MT;30455;C;3;0;;3.22711;0.34727;0.17002;Azul;209;;
172;MT;40768;C;1;0;;1.72864;-0.40621;0.19395;Azul;209;;
173;MT;41058;E;10;0;;1.28222;1.73128;0.1263;Azul;209;;
174;MT;41283;C;18;0;;2.528;0.77827;0.17369;Azul;209;;
175;MT;22760;A;4;0;;3.21361;2.43555;0.11686;Azul;209;;
176;MT;60671;A;20;0;;1.54729;0.48664;0.03026;Azul;209;;
177;MT;26988;B;16;0;;1.44554;2.04929;0.1339;Azul;209;;
178;MT;28340;A;14;0;;3.2818;1.51223;0.15055;Azul;209;;
179;MT;14048;B;21;0;;1.55715;1.8146;0.15858;Azul;209;;
180;MT;64117;D;23;0;;1.79888;1.88929;0.15126;Azul;209;;
136;MT;61364;D;16;0;;2.36469;2.376;0.0966;Rosa;210;;
137;MT;49881;C;18;0;;1.58133;2.1276;0.12547;Rosa;210;;
138;MT;50141;D;29;0;;1.6867;1.70676;0.16663;Rosa;210;;
139;MT;23880;A;8;0;;2.15467;2.05479;0.15025;Rosa;210;;
140;MT;9475;D;11;0;;1.393;2.527;0.159;Rosa;210;;
141;MT;17740;D;19;0;;1.59248;2.00335;0.27155;Rosa;210;;
142;MT;30455;C;3;0;;3.22711;0.34727;0.17002;Rosa;210;;
143;MT;40768;C;1;0;;1.72864;-0.40621;0.19395;Rosa;210;;
144;MT;41058;E;10;0;;1.28222;1.73128;0.1263;Rosa;210;;
145;MT;41283;C;18;0;;2.528;0.77827;0.17369;Rosa;210;;
146;MT;22760;A;4;0;;3.21361;2.43555;0.11686;Rosa;210;;
147;MT;17535;D;20;0;;1.98404;2.2941;0.12322;Rosa;210;;
148;MT;42818;E;7;0;;0.78827;0.57549;0.02944;Rosa;210;;
149;MT;59806;A;23;0;;2.13099;1.96098;0.11968;Rosa;210;;
150;MT;49822;E;2;0;;0.91539;3.76906;0.14461;Rosa;210;;
151;MT;15302;A;8;0;;0.15248;11.43966;0.21171;Rosa;210;;
152;MT;39758;D;19;0;;1.69037;3.30438;0.12863;Rosa;210;;
153;MT;40131;B;4;0;;1.78611;1.16553;0.41758;Rosa;210;;
154;MT;14187;E;9;0;;2.12088;1.70598;0.13132;Rosa;210;;
155;MT;48681;D;18;0;;1.61207;2.24783;0.13861;Rosa;210;;
156;MT;46713;B;18;0;;1.97988;1.52355;0.15177;Rosa;210;;
157;MT;49989;B;25;0;;1.83986;2.34426;0.21054;Rosa;210;;
158;MT;63438;D;17;0;;1.05986;-0.36006;0.09786;Rosa;210;;
159;MT;61793;A;30;0;;2.16526;1.53309;0.1566;Rosa;210;;
160;MT;33035;C;20;0;;2.23693;1.47277;0.1419;Rosa;210;;
161;MT;30877;E;14;0;;2.52961;2.78945;0.05833;Rosa;210;;
162;MT;7389;D;3;0;;1.953;1.224;0.155;Rosa;210;;
163;MT;44241;C;6;0;;1.37431;1.9954;0.09041;Rosa;210;;
164;MT;11812;B;27;0;;1.319;2.237;0.043;Rosa;210;;
165;MT;63674;C;5;0;;1.92266;2.32163;0.16323;Rosa;210;;
166;MT;59581;B;2;0;;0.31966;5.61338;0.08125;Rosa;210;;
167;MT;30529;B;28;0;;1.33909;3.71347;0.16889;Rosa;210;;
168;MT;63440;C;13;0;;1.98973;1.94698;0.25513;Rosa;210;;
169;MT;33369;E;11;0;;3.07069;1.76537;0.05082;Rosa;210;;
170;MT;25246;A;29;0;;2.19845;2.03551;0.22723;Rosa;210;;
171;MT;12340;E;28;0;;1.61297;2.98793;0.21584;Rosa;210;;
172;MT;29767;C;13;1;Não permitiu a convergência do algoritmo de estimação da TRI;;;;Rosa;210;;
173;MT;60671;A;20;0;;1.54729;0.48664;0.03026;Rosa;210;;
174;MT;26988;B;16;0;;1.44554;2.04929;0.1339;Rosa;210;;
175;MT;28340;A;14;0;;3.2818;1.51223;0.15055;Rosa;210;;
176;MT;14048;B;21;0;;1.55715;1.8146;0.15858;Rosa;210;;
177;MT;64117;D;23;0;;1.79888;1.88929;0.15126;Rosa;210;;
178;MT;33182;E;25;0;;1.50301;1.15845;0.0992;Rosa;210;;
179;MT;54440;C;24;0;;1.87001;2.45188;0.18403;Rosa;210;;
180;MT;63435;B;26;0;;1.96518;0.66623;0.20892;Rosa;210;;
136;MT;24762;C;;0;;1.50142;-0.11795;0.21211;Cinza;214;;
137;MT;43489;B;;0;;1.94136;0.4047;0.17551;Cinza;214;;
138;MT;11086;E;;0;;1.464;3.053;0.159;Cinza;214;;
139;MT;43449;D;;0;;1.84257;0.87753;0.12143;Cinza;214;;
140;MT;26375;C;;0;;1.53246;1.17846;0.21282;Cinza;214;;
141;MT;27084;D;;0;;1.56883;1.09916;0.26918;Cinza;214;;
142;MT;28331;A;;0;;1.65915;2.42772;0.24925;Cinza;214;;
143;MT;7334;D;;0;;1.95601;1.388;0.114;Cinza;214;;
144;MT;23355;B;;0;;4.11781;1.73966;0.09822;Cinza;214;;
145;MT;9636;D;;0;;2.113;1.549;0.042;Cinza;214;;
146;MT;22770;E;;0;;2.90262;1.90031;0.15692;Cinza;214;;
147;MT;10027;A;;0;;2.56801;1.459;0.138;Cinza;214;;
148;MT;11419;C;;0;;2.296;1.961;0.273;Cinza;214;;
149;MT;31613;B;;0;;2.64434;2.07096;0.0873;Cinza;214;;
150;MT;40461;A;;0;;2.79307;2.07991;0.06846;Cinza;214;;
151;MT;44943;A;;0;;3.53591;2.13353;0.08205;Cinza;214;;
152;MT;11072;A;;0;;2.417;2.465;0.193;Cinza;214;;
153;MT;16360;B;;0;;1.63733;2.50326;0.11874;Cinza;214;;
154;MT;6897;B;;0;;2.70601;2.417;0.12;Cinza;214;;
155;MT;17230;D;;0;;1.93141;2.24032;0.13385;Cinza;214;;
156;MT;9927;A;;0;;4.435;2.501;0.13;Cinza;214;;
157;MT;7800;B;;0;;3.01801;2.826;0.252;Cinza;214;;
158;MT;40337;B;;0;;2.2544;3.46292;0.13573;Cinza;214;;
159;MT;41166;E;;0;;2.18749;2.7947;0.1007;Cinza;214;;
160;MT;43361;C;;0;;1.40944;3.01918;0.1394;Cinza;214;;
161;MT;39597;E;;0;;1.49907;2.47365;0.07038;Cinza;214;;
162;MT;44068;A;;0;;2.81039;2.29935;0.05237;Cinza;214;;
163;MT;40092;E;;0;;1.55592;1.70433;0.22447;Cinza;214;;
164;MT;12307;B;;0;;2.041;2.254;0.128;Cinza;214;;
165;MT;27500;C;;0;;1.45017;2.12534;0.13635;Cinza;214;;
166;MT;31825;E;;0;;3.58696;2.135;0.05269;Cinza;214;;
167;MT;11850;D;;0;;2.27;2.077;0.107;Cinza;214;;
168;MT;42179;A;;0;;3.02197;1.84918;0.21596;Cinza;214;;
169;MT;30445;D;;0;;1.32744;1.9915;0.10033;Cinza;214;;
170;MT;9809;C;;0;;2.35699;1.933;0.223;Cinza;214;;
171;MT;9729;E;;0;;2.861;1.678;0.072;Cinza;214;;
172;MT;39621;A;;0;;2.36399;1.80935;0.27897;Cinza;214;;
173;MT;8311;D;;0;;1.341;1.618;0.114;Cinza;214;;
174;MT;26862;C;;0;;2.10292;1.22532;0.23685;Cinza;214;;
175;MT;7279;B;;0;;3.22;1.117;0.159;Cinza;214;;
176;MT;44934;B;;0;;2.29583;2.23709;0.12893;Cinza;214;;
177;MT;7379;C;;0;;1.985;0.892;0.095;Cinza;214;;
178;MT;43075;D;;0;;1.77715;0.87015;0.11847;Cinza;214;;
179;MT;23984;C;;0;;1.53018;0.41793;0.21362;Cinza;214;;
180;MT;41285;D;;0;;1.82581;0.37983;0.1954;Cinza;214;;
136;MT;40768;C;1;0;;1.72864;-0.40621;0.19395;Cinza-Ledor;218;;1
137;MT;41058;E;10;0;;1.28222;1.73128;0.1263;Cinza-Ledor;218;;1
138;MT;41283;C;18;0;;2.528;0.77827;0.17369;Cinza-Ledor;218;;1
139;MT;22760;A;4;0;;3.21361;2.43555;0.11686;Cinza-Ledor;218;;1
140;MT;39889;C;;0;;2.64349;2.71613;0.11158;Cinza-Ledor;218;;1
141;MT;11812;B;27;0;;1.319;2.237;0.043;Cinza-Ledor;218;;1
142;MT;63674;C;5;0;;1.92266;2.32163;0.16323;Cinza-Ledor;218;;1
143;MT;60671;A;20;0;;1.54729;0.48664;0.03026;Cinza-Ledor;218;;1
144;MT;26988;B;16;0;;1.44554;2.04929;0.1339;Cinza-Ledor;218;;1
145;MT;28340;A;14;0;;3.2818;1.51223;0.15055;Cinza-Ledor;218;;1
146;MT;14048;B;21;0;;1.55715;1.8146;0.15858;Cinza-Ledor;218;;1
147;MT;64117;D;23;0;;1.79888;1.88929;0.15126;Cinza-Ledor;218;;1
148;MT;49989;B;25;0;;1.83986;2.34426;0.21054;Cinza-Ledor;218;;1
149;MT;63438;D;17;0;;1.05986;-0.36006;0.09786;Cinza-Ledor;218;;1
150;MT;61793;A;30;0;;2.16526;1.53309;0.1566;Cinza-Ledor;218;;1
151;MT;61364;D;16;0;;2.36469;2.376;0.0966;Cinza-Ledor;218;;1
152;MT;49881;C;18;0;;1.58133;2.1276;0.12547;Cinza-Ledor;218;;1
153;MT;50141;D;29;0;;1.6867;1.70676;0.16663;Cinza-Ledor;218;;1
154;MT;23880;A;8;0;;2.15467;2.05479;0.15025;Cinza-Ledor;218;;1
155;MT;33369;E;11;0;;3.07069;1.76537;0.05082;Cinza-Ledor;218;;1
156;MT;25246;A;29;0;;2.19845;2.03551;0.22723;Cinza-Ledor;218;;1
157;MT;12340;E;28;0;;1.61297;2.98793;0.21584;Cinza-Ledor;218;;1
158;MT;29767;C;13;1;Não permitiu a convergência do algoritmo de estimação da TRI;;;;Cinza-Ledor;218;;1
159;MT;59581;B;2;0;;0.31966;5.61338;0.08125;Cinza-Ledor;218;;1
160;MT;30529;B;28;0;;1.33909;3.71347;0.16889;Cinza-Ledor;218;;1
161;MT;63440;C;13;0;;1.98973;1.94698;0.25513;Cinza-Ledor;218;;1
162;MT;59806;A;23;0;;2.13099;1.96098;0.11968;Cinza-Ledor;218;;1
163;MT;49822;E;2;0;;0.91539;3.76906;0.14461;Cinza-Ledor;218;;1
164;MT;15302;A;8;0;;0.15248;11.43966;0.21171;Cinza-Ledor;218;;1
165;MT;39758;D;19;0;;1.69037;3.30438;0.12863;Cinza-Ledor;218;;1
166;MT;40131;B;4;0;;1.78611;1.16553;0.41758;Cinza-Ledor;218;;1
167;MT;14187;E;9;0;;2.12088;1.70598;0.13132;Cinza-Ledor;218;;1
168;MT;48681;D;18;0;;1.61207;2.24783;0.13861;Cinza-Ledor;218;;1
169;MT;46713;B;18;0;;1.97988;1.52355;0.15177;Cinza-Ledor;218;;1
170;MT;33182;E;25;0;;1.50301;1.15845;0.0992;Cinza-Ledor;218;;1
171;MT;54440;C;24;0;;1.87001;2.45188;0.18403;Cinza-Ledor;218;;1
172;MT;63435;B;26;0;;1.96518;0.66623;0.20892;Cinza-Ledor;218;;1
173;MT;17535;D;20;0;;1.98404;2.2941;0.12322;Cinza-Ledor;218;;1
174;MT;42818;E;7;0;;0.78827;0.57549;0.02944;Cinza-Ledor;218;;1
175;MT;33035;C;20;0;;2.23693;1.47277;0.1419;Cinza-Ledor;218;;1
176;MT;30877;E;14;0;;2.52961;2.78945;0.05833;Cinza-Ledor;218;;1
177;MT;7389;D;3;0;;1.953;1.224;0.155;Cinza-Ledor;218;;1
178;MT;9475;D;11;0;;1.393;2.527;0.159;Cinza-Ledor;218;;1
179;MT;17740;D;19;0;;1.59248;2.00335;0.27155;Cinza-Ledor;218;;1
180;MT;30455;C;3;0;;3.22711;0.34727;0.17002;Cinza-Ledor;218;;1
136;MT;24762;C;;0;;1.50142;-0.11795;0.21211;Cinza-Ledor;222;;1
137;MT;6896;B;;0;;1.915;1.312;0.329;Cinza-Ledor;222;;1
138;MT;28467;E;;0;;2.546;2.23877;0.08648;Cinza-Ledor;222;;1
139;MT;43449;D;;0;;1.84257;0.87753;0.12143;Cinza-Ledor;222;;1
140;MT;26375;C;;0;;1.53246;1.17846;0.21282;Cinza-Ledor;222;;1
141;MT;27084;D;;0;;1.56883;1.09916;0.26918;Cinza-Ledor;222;;1
142;MT;28331;A;;0;;1.65915;2.42772;0.24925;Cinza-Ledor;222;;1
143;MT;7334;D;;0;;1.95601;1.388;0.114;Cinza-Ledor;222;;1
144;MT;23355;B;;0;;4.11781;1.73966;0.09822;Cinza-Ledor;222;;1
145;MT;9636;D;;0;;2.113;1.549;0.042;Cinza-Ledor;222;;1
146;MT;22770;E;;0;;2.90262;1.90031;0.15692;Cinza-Ledor;222;;1
147;MT;10027;A;;0;;2.56801;1.459;0.138;Cinza-Ledor;222;;1
148;MT;11419;C;;0;;2.296;1.961;0.273;Cinza-Ledor;222;;1
149;MT;31613;B;;0;;2.64434;2.07096;0.0873;Cinza-Ledor;222;;1
150;MT;40461;A;;0;;2.79307;2.07991;0.06846;Cinza-Ledor;222;;1
151;MT;44943;A;;0;;3.53591;2.13353;0.08205;Cinza-Ledor;222;;1
152;MT;11072;A;;0;;2.417;2.465;0.193;Cinza-Ledor;222;;1
153;MT;16360;B;;0;;1.63733;2.50326;0.11874;Cinza-Ledor;222;;1
154;MT;6897;B;;0;;2.70601;2.417;0.12;Cinza-Ledor;222;;1
155;MT;17230;D;;0;;1.93141;2.24032;0.13385;Cinza-Ledor;222;;1
156;MT;9927;A;;0;;4.435;2.501;0.13;Cinza-Ledor;222;;1
157;MT;7800;B;;0;;3.01801;2.826;0.252;Cinza-Ledor;222;;1
158;MT;40337;B;;0;;2.2544;3.46292;0.13573;Cinza-Ledor;222;;1
159;MT;41166;E;;0;;2.18749;2.7947;0.1007;Cinza-Ledor;222;;1
160;MT;43361;C;;0;;1.40944;3.01918;0.1394;Cinza-Ledor;222;;1
161;MT;39597;E;;0;;1.49907;2.47365;0.07038;Cinza-Ledor;222;;1
162;MT;44068;A;;0;;2.81039;2.29935;0.05237;Cinza-Ledor;222;;1
163;MT;40092;E;;0;;1.55592;1.70433;0.22447;Cinza-Ledor;222;;1
164;MT;12307;B;;0;;2.041;2.254;0.128;Cinza-Ledor;222;;1
165;MT;27500;C;;0;;1.45017;2.12534;0.13635;Cinza-Ledor;222;;1
166;MT;31825;E;;0;;3.58696;2.135;0.05269;Cinza-Ledor;222;;1
167;MT;11850;D;;0;;2.27;2.077;0.107;Cinza-Ledor;222;;1
168;MT;42179;A;;0;;3.02197;1.84918;0.21596;Cinza-Ledor;222;;1
169;MT;30445;D;;0;;1.32744;1.9915;0.10033;Cinza-Ledor;222;;1
170;MT;9809;C;;0;;2.35699;1.933;0.223;Cinza-Ledor;222;;1
171;MT;9729;E;;0;;2.861;1.678;0.072;Cinza-Ledor;222;;1
172;MT;39621;A;;0;;2.36399;1.80935;0.27897;Cinza-Ledor;222;;1
173;MT;8311;D;;0;;1.341;1.618;0.114;Cinza-Ledor;222;;1
174;MT;26862;C;;0;;2.10292;1.22532;0.23685;Cinza-Ledor;222;;1
175;MT;7279;B;;0;;3.22;1.117;0.159;Cinza-Ledor;222;;1
176;MT;44934;B;;0;;2.29583;2.23709;0.12893;Cinza-Ledor;222;;1
177;MT;7379;C;;0;;1.985;0.892;0.095;Cinza-Ledor;222;;1
178;MT;43075;D;;0;;1.77715;0.87015;0.11847;Cinza-Ledor;222;;1
179;MT;23984;C;;0;;1.53018;0.41793;0.21362;Cinza-Ledor;222;;1
180;MT;41285;D;;0;;1.82581;0.37983;0.1954;Cinza-Ledor;222;;1
136;MT;14314;B;;0;;2.59346;1.77036;0.1131;Cinza;226;;
137;MT;23999;C;;0;;1.86538;3.10829;0.2874;Cinza;226;;
138;MT;25258;E;;0;;1.29646;2.32188;0.15452;Cinza;226;;
139;MT;9572;A;;0;;3.412;3.036;0.209;Cinza;226;;
140;MT;15469;E;;0;;3.02;1.763;0.05;Cinza;226;;
141;MT;15467;D;;0;;2.711;1.541;0.157;Cinza;226;;
142;MT;7823;B;;0;;1.104;2.818;0.178;Cinza;226;;
143;MT;14246;C;;0;;0.684;-0.506;0.194;Cinza;226;;
144;MT;8461;D;;0;;3.874;1.504;0.13;Cinza;226;;
145;MT;5970;B;;0;;1.89;2.042;0.11;Cinza;226;;
146;MT;15461;B;;0;;0.668;0.226;0.207;Cinza;226;;
147;MT;15304;A;;0;;2.383;2.493;0.16;Cinza;226;;
148;MT;8511;A;;0;;3.5;2.071;0.168;Cinza;226;;
149;MT;10460;E;;0;;0.92;1.135;0.148;Cinza;226;;
150;MT;15440;E;;0;;3.031;1.702;0.105;Cinza;226;;
151;MT;8551;D;;0;;3.579;2.963;0.153;Cinza;226;;
152;MT;12351;C;;0;;1.74857;2.39228;0.05282;Cinza;226;;
153;MT;8433;C;;0;;2.849;2.542;0.151;Cinza;226;;
154;MT;11090;C;;0;;1.703;1.635;0.218;Cinza;226;;
155;MT;7270;D;;0;;2.392;0.146;0.147;Cinza;226;;
156;MT;8467;B;;0;;2.221;2.346;0.207;Cinza;226;;
157;MT;7245;B;;0;;2.193;1.41;0.102;Cinza;226;;
158;MT;7280;D;;0;;1.501;1.039;0.13;Cinza;226;;
159;MT;11987;C;;0;;1.811;1.981;0.14;Cinza;226;;
160;MT;9063;C;;0;;2.634;0.962;0.159;Cinza;226;;
161;MT;8794;B;;0;;1.914;2.136;0.18;Cinza;226;;
162;MT;15442;A;;0;;2.397;1.301;0.059;Cinza;226;;
163;MT;8187;D;;0;;1.799;1.477;0.112;Cinza;226;;
164;MT;8435;B;;0;;2.407;2.065;0.233;Cinza;226;;
165;MT;5837;A;;0;;1.756;2.243;0.07;Cinza;226;;
166;MT;10036;A;;0;;2.306;2.345;0.097;Cinza;226;;
167;MT;8397;B;;0;;2.7;1.945;0.174;Cinza;226;;
168;MT;7509;B;;0;;2.36;1.128;0.166;Cinza;226;;
169;MT;8176;D;;0;;1.405;1.421;0.114;Cinza;226;;
170;MT;7659;E;;0;;2.755;1.542;0.054;Cinza;226;;
171;MT;9961;D;;0;;2.44;0.835;0.138;Cinza;226;;
172;MT;8926;B;;0;;1.55;1.896;0.163;Cinza;226;;
173;MT;8019;E;;0;;2.292;1.766;0.082;Cinza;226;;
174;MT;10457;B;;0;;1.407;2.543;0.18;Cinza;226;;
175;MT;30494;D;;0;;1.46536;1.51863;0.17889;Cinza;226;;
176;MT;10690;D;;0;;0.966;-0.893;0.195;Cinza;226;;
177;MT;10786;A;;0;;1.801;2.793;0.034;Cinza;226;;
178;MT;9511;D;;0;;2.403;2.39;0.166;Cinza;226;;
179;MT;8556;A;;0;;2.238;1.932;0.108;Cinza;226;;
180;MT;6071;C;;0;;1.9;2.14;0.179;Cinza;226;;
136;MT;14314;B;;0;;2.59346;1.77036;0.1131;Cinza;230;;
137;MT;23999;C;;0;;1.86538;3.10829;0.2874;Cinza;230;;
138;MT;25258;E;;0;;1.29646;2.32188;0.15452;Cinza;230;;
139;MT;9572;A;;0;;3.412;3.036;0.209;Cinza;230;;
140;MT;15469;E;;0;;3.02;1.763;0.05;Cinza;230;;
141;MT;15467;D;;0;;2.711;1.541;0.157;Cinza;230;;
142;MT;7823;B;;0;;1.104;2.818;0.178;Cinza;230;;
143;MT;14246;C;;0;;0.684;-0.506;0.194;Cinza;230;;
144;MT;8461;D;;0;;3.874;1.504;0.13;Cinza;230;;
145;MT;5970;B;;0;;1.89;2.042;0.11;Cinza;230;;
146;MT;15461;B;;0;;0.668;0.226;0.207;Cinza;230;;
147;MT;15304;A;;0;;2.383;2.493;0.16;Cinza;230;;
148;MT;8511;A;;0;;3.5;2.071;0.168;Cinza;230;;
149;MT;10460;E;;0;;0.92;1.135;0.148;Cinza;230;;
150;MT;15440;E;;0;;3.031;1.702;0.105;Cinza;230;;
151;MT;8551;D;;0;;3.579;2.963;0.153;Cinza;230;;
152;MT;12351;C;;0;;1.74857;2.39228;0.05282;Cinza;230;;
153;MT;8433;C;;0;;2.849;2.542;0.151;Cinza;230;;
154;MT;11090;C;;0;;1.703;1.635;0.218;Cinza;230;;
155;MT;7270;D;;0;;2.392;0.146;0.147;Cinza;230;;
156;MT;8467;B;;0;;2.221;2.346;0.207;Cinza;230;;
157;MT;7245;B;;0;;2.193;1.41;0.102;Cinza;230;;
158;MT;7280;D;;0;;1.501;1.039;0.13;Cinza;230;;
159;MT;11987;C;;0;;1.811;1.981;0.14;Cinza;230;;
160;MT;9063;C;;0;;2.634;0.962;0.159;Cinza;230;;
161;MT;8794;B;;0;;1.914;2.136;0.18;Cinza;230;;
162;MT;15442;A;;0;;2.397;1.301;0.059;Cinza;230;;
163;MT;8187;D;;0;;1.799;1.477;0.112;Cinza;230;;
164;MT;8435;B;;0;;2.407;2.065;0.233;Cinza;230;;
165;MT;5837;A;;0;;1.756;2.243;0.07;Cinza;230;;
166;MT;10036;A;;0;;2.306;2.345;0.097;Cinza;230;;
167;MT;8397;B;;0;;2.7;1.945;0.174;Cinza;230;;
168;MT;7509;B;;0;;2.36;1.128;0.166;Cinza;230;;
169;MT;8176;D;;0;;1.405;1.421;0.114;Cinza;230;;
170;MT;7659;E;;0;;2.755;1.542;0.054;Cinza;230;;
171;MT;9961;D;;0;;2.44;0.835;0.138;Cinza;230;;
172;MT;8926;B;;0;;1.55;1.896;0.163;Cinza;230;;
173;MT;8019;E;;0;;2.292;1.766;0.082;Cinza;230;;
174;MT;10457;B;;0;;1.407;2.543;0.18;Cinza;230;;
175;MT;30494;D;;0;;1.46536;1.51863;0.17889;Cinza;230;;
176;MT;10690;D;;0;;0.966;-0.893;0.195;Cinza;230;;
177;MT;10786;A;;0;;1.801;2.793;0.034;Cinza;230;;
178;MT;9511;D;;0;;2.403;2.39;0.166;Cinza;230;;
179;MT;8556;A;;0;;2.238;1.932;0.108;Cinza;230;;
180;MT;6071;C;;0;;1.9;2.14;0.179;Cinza;230;;
