CO_ITEM,TP_ESCOLA,TX_GABARITO,answer_distribution,correct_probability
5961,1,D,[0.18766185 0.20768283 0.16551113 0.29848698 0.13757099 0.00308622],0.2984869832578
5961,2,D,[0.20413554 0.20772332 0.1612208  0.28506047 0.13910772 0.00275214],0.28506047379468896
5961,3,D,[0.21965416 0.16595875 0.13753298 0.35674139 0.11762265 0.00249007],0.3567413859356987
6864,1,D,[0.03264117 0.06762415 0.09462647 0.53534172 0.26591082 0.00385567],0.5353417186717556
6864,2,D,[0.03981632 0.07466609 0.10947322 0.51285745 0.25863482 0.00455211],0.5128574493517639
6864,3,D,[0.02188158 0.05694539 0.10640565 0.51155046 0.29951277 0.00370414],0.5115504618647758
8020,1,E,[0.16410256 0.17435897 0.30769231 0.25128205 0.0974359  0.00512821],0.09743589743589744
8020,2,E,[0.17708333 0.19791667 0.23958333 0.25       0.13541667 0.        ],0.13541666666666666
8020,3,E,[0.25       0.08333333 0.16666667 0.33333333 0.16666667 0.        ],0.16666666666666666
8364,1,A,[0.30671656 0.23068481 0.19009673 0.08311017 0.18535744 0.00403429],0.3067165569004359
8364,2,A,[0.28359844 0.25149102 0.17459501 0.07726119 0.20933595 0.00371839],0.2835984406757072
8364,3,A,[0.35844755 0.16844883 0.25648777 0.08534392 0.12835148 0.00292046],0.35844754707313947
9678,1,E,[0.18125    0.12083333 0.1625     0.22083333 0.3125     0.00208333],0.3125
9678,2,E,[0.18674699 0.14457831 0.20180723 0.20481928 0.25903614 0.00301205],0.25903614457831325
9678,3,E,[0.07142857 0.0952381  0.14285714 0.21428571 0.47619048 0.        ],0.47619047619047616
9716,1,E,[0.2037814  0.11613301 0.30245921 0.07658424 0.29742633 0.00361581],0.2974263267083829
9716,2,E,[0.21955942 0.11049664 0.30877601 0.09199103 0.2651365  0.0040404 ],0.2651365033761049
9716,3,E,[0.21190448 0.10074441 0.29234017 0.06198159 0.3297402  0.00328915],0.3297401978615379
10322,1,C,[0.13049315 0.22918885 0.48904632 0.09511671 0.0530515  0.00310347],0.48904631854467107
10322,2,C,[0.14317696 0.25014359 0.44579376 0.10027971 0.05775158 0.0028544 ],0.44579376110210134
10322,3,C,[0.09377161 0.19306614 0.64376726 0.04381439 0.02369523 0.00188537],0.6437672590900009
10409,1,E,[0.11636097 0.27551026 0.08767584 0.12145277 0.39581292 0.00318724],0.3958129242502523
10409,2,E,[0.13557858 0.27759971 0.08529371 0.13190417 0.3668557  0.00276813],0.3668556958651251
10409,3,E,[0.07745357 0.2893762  0.06696042 0.07949276 0.48446779 0.00224926],0.4844677853208659
10500,1,B,[0.16723301 0.18675543 0.26676086 0.24303875 0.13199754 0.00421441],0.18675542949961496
10500,2,B,[0.16987131 0.18317718 0.25569913 0.25305395 0.13466974 0.00352869],0.18317717654489946
10500,3,B,[0.13958921 0.20452182 0.27066864 0.25242972 0.12830773 0.00448288],0.20452181753907792
10776,1,B,[0.08046937 0.62679002 0.0573364  0.13637291 0.09507779 0.00395351],0.6267900200726317
10776,2,B,[0.10776751 0.56447647 0.07917822 0.14616195 0.09777578 0.00464006],0.5644764738726662
10776,3,B,[0.08583563 0.65762576 0.05514712 0.12047421 0.07672642 0.00419085],0.6576257640109229
10992,1,A,[0.08205128 0.34871795 0.28205128 0.21538462 0.07179487 0.        ],0.08205128205128205
10992,2,A,[0.13541667 0.35416667 0.17708333 0.1875     0.14583333 0.        ],0.13541666666666666
10992,3,A,[0.25       0.41666667 0.         0.16666667 0.16666667 0.        ],0.25
14797,1,D,[0.23328122 0.29692661 0.24364367 0.15995615 0.06109213 0.00510022],0.15995615160938742
14797,2,D,[0.24446011 0.31783759 0.24550752 0.12822136 0.0591961  0.00477732],0.12822135841081206
14797,3,D,[0.20298483 0.26871154 0.26453094 0.19342477 0.06468669 0.00566124],0.19342476701829528
16785,1,D,[0.10208333 0.15208333 0.24375    0.30208333 0.19166667 0.00833333],0.3020833333333333
16785,2,D,[0.15662651 0.23493976 0.1746988  0.30421687 0.12650602 0.00301205],0.3042168674698795
16785,3,D,[0.02380952 0.23809524 0.28571429 0.30952381 0.14285714 0.        ],0.30952380952380953
18228,1,D,[0.1088772  0.31486469 0.14677533 0.30196581 0.12511414 0.00240282],0.30196581340447826
18228,2,D,[0.16671975 0.31054035 0.19571147 0.17104665 0.15348718 0.0024946 ],0.17104665247907508
18228,3,D,[0.06393868 0.35881488 0.11872205 0.28891268 0.16773658 0.00187512],0.28891268373406015
19807,1,E,[0.0654149  0.14201492 0.52467103 0.16275349 0.10218211 0.00296355],0.10218210968830611
19807,2,E,[0.07205822 0.16959014 0.51738957 0.16536717 0.07311762 0.00247728],0.07311762330745009
19807,3,E,[0.05190919 0.12184725 0.56906966 0.14824245 0.10650812 0.00242332],0.10650811785620969
26545,1,C,[0.30418453 0.14089241 0.17163047 0.1403906  0.23943346 0.00346853],0.17163047000256695
26545,2,C,[0.29412423 0.16903578 0.12092012 0.16378806 0.24801545 0.00411636],0.12092012350400642
26545,3,C,[0.25216331 0.09688658 0.24722958 0.15543556 0.24535958 0.0029254 ],0.24722957983882124
28034,1,A,[0.30986021 0.29966819 0.14315532 0.1247796  0.12023906 0.00229762],0.3098602069543043
28034,2,A,[0.28727075 0.32860354 0.14621792 0.1269594  0.10874296 0.00220543],0.28727074535494074
28034,3,A,[0.37376977 0.32603606 0.10183055 0.09191698 0.10464836 0.00179828],0.37376976950309193
28632,1,C,[0.20134596 0.21441211 0.18823563 0.21950917 0.17393546 0.00256168],0.18823562829020735
28632,2,C,[0.22875826 0.22040561 0.15716911 0.22456728 0.1665132  0.00258655],0.15716910907344012
28632,3,C,[0.15441602 0.269229   0.20972708 0.19357334 0.17066198 0.00239258],0.20972708223396025
28683,1,A,[0.29103002 0.25573774 0.17322113 0.20461881 0.07151454 0.00387776],0.29103001636950476
28683,2,A,[0.24140183 0.2597955  0.18909519 0.22471919 0.0815942  0.00339409],0.24140182644142422
28683,3,A,[0.26874741 0.29935395 0.13616173 0.22291956 0.06943598 0.00338137],0.2687474063334136
30053,1,C,[0.10650172 0.23103936 0.31707815 0.21624263 0.12609463 0.00304351],0.3170781486048048
30053,2,C,[0.10547013 0.24447477 0.28544244 0.2375933  0.12441416 0.0026052 ],0.28544243831129457
30053,3,C,[0.08096338 0.21254489 0.384708   0.21007034 0.10901341 0.00269997],0.3847079979711764
30327,1,D,[0.18573497 0.06206209 0.10683206 0.58340031 0.05904278 0.00292778],0.5834003122409389
30327,2,D,[0.26288443 0.0796966  0.11631338 0.47538249 0.06309791 0.00262519],0.47538248529825256
30327,3,D,[0.10427949 0.03397767 0.07294031 0.74620236 0.04099146 0.00160871],0.7462023597883056
30493,1,D,[0.19717994 0.14972626 0.16846388 0.30007848 0.18153423 0.00301721],0.3000784810446185
30493,2,D,[0.16080307 0.15399889 0.16932895 0.28095429 0.23208306 0.00283174],0.2809542909913235
30493,3,D,[0.22720775 0.13047488 0.10814245 0.40916659 0.12283093 0.0021774 ],0.40916659408669637
31313,1,D,[0.32324407 0.05978972 0.21881378 0.29064603 0.10528137 0.00222503],0.2906460273442267
31313,2,D,[0.34407619 0.09204033 0.18246558 0.25719429 0.12192756 0.00229604],0.25719429493577606
31313,3,D,[0.25228627 0.05000333 0.26205126 0.36838007 0.06577795 0.00150112],0.36838006629539877
31381,1,C,[0.1002285  0.26906479 0.22499232 0.23049336 0.17245105 0.00276998],0.22499232021949445
31381,2,C,[0.10558606 0.30130154 0.1880038  0.21295646 0.18988941 0.00226273],0.18800380053330065
31381,3,C,[0.08614303 0.25159462 0.26592447 0.23738261 0.15632189 0.00263337],0.26592447242900397
31516,1,A,[0.31868895 0.10122975 0.2941265  0.18143048 0.10149702 0.0030273 ],0.31868895031635613
31516,2,A,[0.27480892 0.10814247 0.29057675 0.20100357 0.12283211 0.00263619],0.2748089161363409
31516,3,A,[0.41129755 0.07143333 0.30779044 0.14322531 0.0640912  0.00216216],0.41129755347764824
32369,1,D,[0.2986593  0.22959072 0.19915249 0.20217285 0.0662197  0.00420494],0.20217285187071038
32369,2,D,[0.28019472 0.24237994 0.2201351  0.18242693 0.0711907  0.00367261],0.1824269310160563
32369,3,D,[0.28387649 0.22947225 0.19127811 0.22942102 0.06153074 0.0044214 ],0.2294210167685348
37769,1,B,[0.14817768 0.26795385 0.32242664 0.12715718 0.13201017 0.00227448],0.26795385398738414
37769,2,B,[0.14186437 0.28745597 0.30898123 0.13262689 0.12705135 0.0020202 ],0.28745597471286116
37769,3,B,[0.13450691 0.26765102 0.34528427 0.12753923 0.12309734 0.00192123],0.2676510218405939
39101,1,E,[0.48573349 0.06599036 0.04187584 0.06085963 0.34119582 0.00434486],0.34119581546644673
39101,2,E,[0.55246588 0.07303101 0.04665115 0.07139193 0.25153347 0.00492657],0.2515334725440786
39101,3,E,[0.48029838 0.04278973 0.03410575 0.05929698 0.37895966 0.00454948],0.3789596643219067
39443,1,X,[0.17090668 0.08739695 0.1675907  0.39167722 0.17830136 0.00412709],0.0
39443,2,X,[0.19367528 0.08921525 0.16934627 0.36213939 0.18196985 0.00365395],0.0
39443,3,X,[0.15745926 0.06379011 0.11505377 0.44359512 0.21643859 0.00366315],0.0
40571,1,E,[0.25155925 0.28482328 0.23700624 0.07692308 0.14968815 0.        ],0.1496881496881497
40571,2,E,[0.27794562 0.33534743 0.19335347 0.05438066 0.13595166 0.00302115],0.13595166163141995
40571,3,E,[0.28571429 0.14285714 0.30952381 0.04761905 0.21428571 0.        ],0.21428571428571427
41054,1,A,[0.46085942 0.09747009 0.15051423 0.15996141 0.12889512 0.00229973],0.4608594200398086
41054,2,A,[0.44672391 0.09801165 0.15858565 0.16596817 0.12835062 0.00236001],0.4467239056476298
41054,3,A,[0.48432016 0.11550974 0.1843924  0.14207401 0.07214107 0.0015626 ],0.48432016476507145
41810,1,A,[0.52034275 0.11844415 0.12249544 0.12502789 0.11016369 0.00352606],0.5203427544133683
41810,2,A,[0.49596781 0.12989392 0.14211914 0.0951847  0.13231097 0.00452346],0.49596781181966404
41810,3,A,[0.56826975 0.09904942 0.10399959 0.13705706 0.08783725 0.00378693],0.5682697481360014
42674,1,B,[0.13707041 0.51858086 0.14052315 0.13715562 0.06386632 0.00280365],0.5185808607245505
42674,2,B,[0.17180223 0.48723583 0.13062667 0.14053578 0.06673054 0.00306894],0.48723583161985073
42674,3,B,[0.08233643 0.63012906 0.12085846 0.09824425 0.06603923 0.00239258],0.6301290557260474
42940,1,D,[0.0818633  0.10036632 0.09211634 0.66361825 0.05806545 0.00397034],0.6636182496833406
42940,2,D,[0.10047293 0.11871469 0.09120347 0.61746939 0.0675261  0.00461341],0.6174693938469206
42940,3,D,[0.05270843 0.09761408 0.08196243 0.72462305 0.03911633 0.00397567],0.7246230537894429
43073,1,A,[0.48427328 0.14748966 0.07399942 0.07462643 0.21730623 0.00230499],0.48427328235922856
43073,2,A,[0.43966254 0.16633596 0.08726835 0.08980559 0.21466617 0.0022614 ],0.43966253609640454
43073,3,A,[0.54483137 0.13134071 0.03371126 0.05275966 0.23547675 0.00188025],0.5448313668430786
43182,1,C,[0.18316066 0.25365894 0.35308896 0.13167247 0.07507459 0.00334439],0.3530889550027984
43182,2,C,[0.19784228 0.26848796 0.29768623 0.14998514 0.08271757 0.00328083],0.29768623212836526
43182,3,C,[0.10360321 0.2367422  0.46205434 0.12820526 0.06638249 0.0030125 ],0.4620543376351909
44230,1,A,[0.49632738 0.08590098 0.06892024 0.10180128 0.24090525 0.00614488],0.496327381678779
44230,2,A,[0.3856262  0.09839144 0.08899138 0.11390406 0.30497947 0.00810745],0.3856262018253754
44230,3,A,[0.52852393 0.08371971 0.04901966 0.11433138 0.21899512 0.0054102 ],0.5285239283353912
44570,1,A,[0.52632376 0.04681194 0.13828865 0.03877553 0.24715007 0.00265005],0.5263237627137188
44570,2,A,[0.51031221 0.05771027 0.12763635 0.04678174 0.25457976 0.00297966],0.5103122114119941
44570,3,A,[0.59023398 0.03314258 0.06654644 0.02654378 0.28183742 0.00169581],0.5902339807466686
44969,1,B,[0.16384233 0.2714855  0.25780602 0.22676183 0.07593304 0.00417128],0.2714855009952154
44969,2,B,[0.16479416 0.25988612 0.25513145 0.23601818 0.08076666 0.00340342],0.25988611725951166
44969,3,B,[0.15068114 0.26283    0.2760276  0.23944218 0.06617756 0.00484151],0.2628300040474007
45201,1,C,[0.12740651 0.24137971 0.33850368 0.18982208 0.09924065 0.00364737],0.33850368419059323
45201,2,C,[0.16672908 0.25328582 0.25190393 0.22243114 0.1010726  0.00457743],0.25190393125991944
45201,3,C,[0.1037108  0.28837474 0.39195233 0.1427759  0.06937962 0.00380661],0.39195233289102244
47309,1,B,[0.14789784 0.31576838 0.19887265 0.15551135 0.17664652 0.00530326],0.31576837781995226
47309,2,B,[0.16651186 0.29451068 0.19334347 0.1530794  0.18815438 0.0044002 ],0.29451068133754255
47309,3,B,[0.16028731 0.43070491 0.15463632 0.10987924 0.13938428 0.00510792],0.4307049137493788
49544,1,C,[0.1477453  0.13154517 0.28618965 0.21885902 0.21209871 0.00356216],0.2861896506015477
49544,2,C,[0.17079613 0.15015838 0.22099995 0.21147596 0.24225068 0.00431891],0.22099994536400233
49544,3,C,[0.13587483 0.10195351 0.37302177 0.21566498 0.17041094 0.00307398],0.3730217688678037
53461,1,C,[0.11068352 0.14653547 0.26459053 0.19957225 0.27424601 0.00437221],0.2645905309358391
53461,2,C,[0.11296192 0.14883112 0.22347589 0.2129538  0.29776485 0.00401241],0.22347588886771558
53461,3,C,[0.10088274 0.1310077  0.28853356 0.1912986  0.28392772 0.00434967],0.2885335601243935
54528,1,E,[0.55999907 0.08225676 0.12096601 0.08982503 0.14392119 0.00303194],0.14392119072366677
54528,2,E,[0.58203595 0.09849405 0.10939459 0.0995761  0.10714386 0.00335545],0.10714385658183873
54528,3,E,[0.67456849 0.05962487 0.07733609 0.05939432 0.12681172 0.0022645 ],0.12681172414146433
60382,1,E,[0.0829509  0.16067376 0.14000051 0.16881528 0.44338721 0.00417233],0.44338721017863986
60382,2,E,[0.08545386 0.16751479 0.14796244 0.17164496 0.42237921 0.00504473],0.42237921100029463
60382,3,E,[0.05798253 0.11287504 0.13583233 0.1538702  0.53596556 0.00347434],0.5359655640677445
60441,1,E,[0.04115942 0.1201044  0.0608428  0.10785884 0.66582014 0.00421441],0.6658201374365104
60441,2,E,[0.04546914 0.14337685 0.06369891 0.11525397 0.62837394 0.00382719],0.6283739394286674
60441,3,E,[0.01883322 0.08481098 0.03852716 0.05453232 0.80021723 0.0030791 ],0.800217227581755
61248,1,D,[0.22569086 0.22184782 0.17045746 0.25756195 0.1201286  0.0043133 ],0.2575619537361606
61248,2,D,[0.26510585 0.23077712 0.16400794 0.21025264 0.1257654  0.00409104],0.2102526448486916
61248,3,D,[0.21982509 0.19442381 0.18135941 0.3091087  0.09166594 0.00361704],0.30910870088684184
63204,1,E,[0.11394059 0.18509639 0.19710209 0.25430909 0.24484929 0.00470255],0.2448492869376402
63204,2,E,[0.11794979 0.20535806 0.20818581 0.2771884  0.18720292 0.00411502],0.18720291676272385
63204,3,E,[0.10832176 0.15199783 0.15013295 0.2644797  0.32000594 0.00506181],0.32000594301874613
63646,1,C,[0.11556548 0.37060861 0.29551756 0.11642621 0.09863809 0.00324406],0.2955175603170611
63646,2,C,[0.11556725 0.38877287 0.27116783 0.1287029  0.09306101 0.00272815],0.27116782727484756
63646,3,C,[0.10868708 0.39632637 0.33116946 0.10444473 0.05732292 0.00204944],0.33116946330216473
64203,1,A,[0.16677222 0.18695426 0.29644479 0.21759869 0.12752328 0.00470676],0.16677221981425452
64203,2,A,[0.16875727 0.17501376 0.30896257 0.21456089 0.12871841 0.0039871 ],0.16875727091859102
64203,3,A,[0.12534646 0.21774503 0.28260079 0.2413839  0.12812329 0.00480052],0.12534646262302304
66576,1,A,[0.85853529 0.03867032 0.03024887 0.03684191 0.03329658 0.00240703],0.858535287013386
66576,2,A,[0.83513788 0.04563572 0.03729107 0.04012814 0.03902743 0.00277977],0.8351378759389729
66576,3,A,[0.94541645 0.01544673 0.0099853  0.01183993 0.01581048 0.00150112],0.9454164467920507
67229,1,A,[0.22110417 0.18884964 0.23164552 0.17315497 0.18026183 0.00498385],0.22110417359599524
67229,2,A,[0.20349719 0.19741657 0.23086994 0.182553   0.17943337 0.00622993],0.20349718500071326
67229,3,A,[0.25239181 0.21133516 0.18746573 0.16754721 0.1754849  0.00577519],0.2523918112173
67980,1,E,[0.17557451 0.18944335 0.2892826  0.15942067 0.17999722 0.00628164],0.1799972226547213
67980,2,E,[0.20563524 0.22396628 0.30872537 0.16303915 0.09081835 0.00781561],0.09081835396397489
67980,3,E,[0.11949566 0.16103019 0.29016277 0.1369456  0.28767285 0.00469294],0.2876728470646098
68123,1,B,[0.07121471 0.30537858 0.09767208 0.12005391 0.40172406 0.00395666],0.3053785816181824
68123,2,B,[0.07398114 0.20382026 0.08862359 0.11086977 0.51880211 0.00390314],0.2038202555632105
68123,3,B,[0.06891852 0.52858028 0.06198159 0.09775241 0.240349   0.00241819],0.528580284547639
68369,1,A,[0.2983216  0.15938175 0.11544604 0.17840341 0.24410445 0.00434276],0.2983215997508805
68369,2,A,[0.20650408 0.19652568 0.14208691 0.20451453 0.24657492 0.00379387],0.20650408237509343
68369,3,A,[0.39486749 0.14986141 0.09902811 0.16473433 0.1873383  0.00417036],0.39486748605183747
68538,1,D,[0.2974359  0.16923077 0.21025641 0.19487179 0.11794872 0.01025641],0.19487179487179487
68538,2,D,[0.28125    0.21875    0.21875    0.11458333 0.16666667 0.        ],0.11458333333333333
68538,3,D,[0.33333333 0.25       0.         0.33333333 0.08333333 0.        ],0.3333333333333333
75825,1,B,[0.0975248  0.39778002 0.24782231 0.12000972 0.13217639 0.00468677],0.39778001742152946
75825,2,B,[0.12284837 0.28629396 0.28672039 0.13795589 0.16006881 0.00611257],0.286293960323605
75825,3,B,[0.07751541 0.48446874 0.25399233 0.09532909 0.08523109 0.00346335],0.4844687402337246
75829,1,C,[0.21341268 0.22171842 0.29158759 0.15706098 0.11124951 0.00497082],0.29158758947470304
75829,2,C,[0.23371814 0.23675643 0.25776597 0.15203732 0.11553381 0.00418832],0.2577659740332427
75829,3,C,[0.16571288 0.18273758 0.37995871 0.16204973 0.10463299 0.00490811],0.37995870626629846
75845,1,D,[0.10131075 0.2491119  0.30468588 0.26225203 0.07821764 0.00442179],0.2622520306462597
75845,2,D,[0.09676439 0.2458345  0.31360903 0.26870242 0.07121145 0.0038782 ],0.2687024223759816
75845,3,D,[0.10102232 0.29646673 0.30618771 0.24259909 0.04849727 0.00522688],0.2425990929821415
76318,1,C,[0.23887683 0.13251337 0.38812383 0.06178701 0.17240424 0.00629471],0.3881238318258964
76318,2,C,[0.21778822 0.15570113 0.32937916 0.07364199 0.2153331  0.0081564 ],0.32937915840235316
76318,3,C,[0.3016633  0.11059575 0.37066407 0.03391437 0.1790479  0.00411461],0.3706640732151318
78112,1,E,[0.118883   0.13708408 0.14334889 0.07623497 0.5201063  0.00434276],0.5201062965783948
78112,2,E,[0.12702336 0.17896754 0.16058852 0.0862316  0.44217712 0.00501185],0.44217712457407243
78112,3,E,[0.13833913 0.15153673 0.18621117 0.06263737 0.45696691 0.00430869],0.45696690865682654
78377,1,B,[0.21970064 0.29680984 0.24104832 0.1567054  0.08144039 0.00429542],0.2968098402184845
78377,2,B,[0.22518959 0.29083941 0.23644594 0.16052189 0.08319597 0.0038072 ],0.2908394088118536
78377,3,B,[0.17662549 0.32546225 0.24819788 0.1726242  0.07147505 0.00561513],0.325462249022732
78716,1,C,[0.15834235 0.13361661 0.48726314 0.06226303 0.15651708 0.00199779],0.48726313663276344
78716,2,C,[0.13483098 0.15624296 0.44242099 0.06335777 0.20117507 0.00197223],0.44242098768557914
78716,3,C,[0.1495284  0.10338291 0.61992858 0.03640611 0.08945268 0.00130132],0.619928581309206
81969,1,A,[0.24339854 0.11309266 0.22996209 0.10905394 0.30110315 0.00338962],0.2433985448393979
81969,2,A,[0.21114681 0.12003262 0.2364566  0.11398402 0.31525104 0.00312891],0.21114680959088297
81969,3,A,[0.349096   0.08942706 0.17435075 0.08625574 0.29834466 0.00252578],0.349095995122626
81994,1,C,[0.15126117 0.08912017 0.40647711 0.15664859 0.19274461 0.00374836],0.4064771058378956
81994,2,C,[0.16704357 0.09911503 0.35267936 0.16076576 0.2160867  0.00430958],0.3526793626510985
81994,3,C,[0.12028465 0.06337512 0.46410878 0.15518452 0.19381926 0.00322767],0.46410877773622217
82581,1,A,[0.18675859 0.13640132 0.31082597 0.2450639  0.11685259 0.00409764],0.18675858557379532
82581,2,A,[0.14884312 0.14293177 0.34213462 0.24576604 0.11689572 0.00342874],0.14884311606418263
82581,3,A,[0.24024653 0.14490719 0.24771117 0.25238361 0.11123692 0.00351458],0.24024653281212377
82765,1,E,[0.13646339 0.15024281 0.08831432 0.2958788  0.3267189  0.00238178],0.32671890320110086
82765,2,E,[0.11210241 0.16938492 0.09429907 0.35164128 0.27035357 0.00221875],0.2703535748599786
82765,3,E,[0.19780518 0.09311071 0.07669568 0.21473254 0.41605742 0.00159847],0.4160574218569884
82962,1,A,[0.33025055 0.25906845 0.12458392 0.18113341 0.09946894 0.00549473],0.3302505502089321
82962,2,A,[0.29348459 0.29118055 0.14104216 0.17879297 0.08817051 0.00732922],0.29348459064978194
82962,3,A,[0.38159304 0.26324499 0.08531818 0.20042318 0.06442027 0.00500033],0.381593036421483
83727,1,C,[0.37948718 0.18461538 0.15897436 0.13846154 0.12820513 0.01025641],0.15897435897435896
83727,2,C,[0.19791667 0.28125    0.22916667 0.125      0.16666667 0.        ],0.22916666666666666
83727,3,C,[0.08333333 0.08333333 0.25       0.25       0.33333333 0.        ],0.25
83806,1,E,[0.15592374 0.07041622 0.24545631 0.05796972 0.46456255 0.00567147],0.4645625470781065
83806,2,E,[0.17617844 0.08718972 0.27512023 0.07306965 0.38118869 0.00725326],0.38118869274713796
83806,3,E,[0.12274895 0.03227674 0.24038486 0.03557614 0.56458678 0.00442652],0.5645867808819235
83901,1,B,[0.09127051 0.32329351 0.48497814 0.06623232 0.03266642 0.0015591 ],0.3232935106906753
83901,2,B,[0.10137376 0.2726896  0.49666121 0.09146599 0.03643555 0.0013739 ],0.2726895969062699
83901,3,B,[0.06951283 0.34905501 0.53793542 0.02623126 0.01611788 0.00114762],0.3490550087864458
84199,1,A,[0.35888877 0.13658963 0.17579018 0.11749433 0.20517954 0.00605756],0.35888876732158714
84199,2,A,[0.4036241  0.13780531 0.18710564 0.11724485 0.14654174 0.00767836],0.4036240990057581
84199,3,A,[0.25916173 0.09742964 0.17130752 0.10277836 0.36441976 0.00490299],0.259161726959275
85013,1,B,[0.20250424 0.2340208  0.22475982 0.15427417 0.18046327 0.00397771],0.23402079642479917
85013,2,B,[0.22847442 0.21354147 0.22324269 0.15178546 0.17956054 0.00339543],0.21354146539076066
85013,3,B,[0.13742719 0.26439773 0.24164519 0.14757643 0.20553111 0.00342236],0.2643977314062924
85228,1,C,[0.19698216 0.22892374 0.24709852 0.18915299 0.13274343 0.00509916],0.24709851580351544
85228,2,C,[0.20022494 0.22201671 0.24287833 0.1948253  0.13576246 0.00429226],0.24287833096355246
85228,3,C,[0.16596392 0.26684666 0.24258275 0.18930052 0.1297986  0.00550754],0.2425827539743938
85343,1,D,[0.13819292 0.26792335 0.29079857 0.15489907 0.14273661 0.00544949],0.15489906874771184
85343,2,D,[0.14279185 0.28768385 0.29307016 0.13466308 0.13745351 0.00433757],0.1346630757934546
85343,3,D,[0.10786067 0.26931609 0.3454687  0.16457551 0.10730223 0.0054768 ],0.16457550963947393
85445,1,E,[0.14225584 0.20572133 0.22573505 0.2283346  0.19495175 0.00300143],0.19495175414602944
85445,2,E,[0.14089558 0.21844938 0.22159428 0.2424559  0.17373448 0.00287039],0.17373447704688436
85445,3,E,[0.13255493 0.19426499 0.23109633 0.22315523 0.2165718  0.00235671],0.21657180037604964
85588,1,B,[0.11805085 0.61172292 0.12997134 0.09682836 0.04045877 0.00296776],0.6117229219355572
85588,2,B,[0.12128792 0.58299674 0.14763046 0.10270235 0.04272802 0.00265451],0.5829967444940907
85588,3,B,[0.07111642 0.76270961 0.08115295 0.06052657 0.0222812  0.00221326],0.7627096066848714
85860,1,C,[0.17087617 0.14871422 0.18177409 0.16095768 0.33508671 0.00259114],0.1817740924182682
85860,2,C,[0.17520565 0.16196775 0.17306152 0.19561953 0.29183752 0.00230804],0.17306152146595044
85860,3,C,[0.17055951 0.1778807  0.16059471 0.17416119 0.31462649 0.0021774 ],0.16059471173797435
86438,1,A,[0.22564103 0.24102564 0.17948718 0.20512821 0.14358974 0.00512821],0.22564102564102564
86438,2,A,[0.25       0.23958333 0.14583333 0.20833333 0.14583333 0.01041667],0.25
86438,3,A,[0.33333333 0.08333333 0.33333333 0.16666667 0.08333333 0.        ],0.3333333333333333
86466,1,C,[0.16544036 0.22328909 0.24546788 0.2540766  0.10792196 0.00380412],0.24546787747699222
86466,2,C,[0.17760564 0.23733211 0.22514162 0.25084719 0.10560739 0.00346605],0.2251416205036906
86466,3,C,[0.13809834 0.28097158 0.28788803 0.21343635 0.07574275 0.00386296],0.28788802532955576
86499,1,B,[0.18914773 0.21464461 0.2106143  0.21847082 0.16269352 0.00442902],0.21464460500679608
86499,2,B,[0.17829991 0.21740996 0.22169555 0.21855865 0.16019408 0.00384184],0.217409960542149
86499,3,B,[0.16421176 0.20502902 0.19959833 0.23609667 0.19068381 0.00438041],0.2050290234493076
86703,1,A,[0.4527683  0.16704259 0.08122578 0.12503103 0.17052584 0.00340646],0.45276829786607303
86703,2,A,[0.37738016 0.21652379 0.10700394 0.14073433 0.15417079 0.00418698],0.3773801639346447
86703,3,A,[0.51580792 0.16232638 0.10290644 0.09906397 0.11695451 0.00294077],0.5158079175354916
86840,1,C,[0.23986795 0.20215602 0.28429495 0.16542458 0.1033446  0.0049119 ],0.28429495406860045
86840,2,C,[0.25381086 0.20747287 0.27365439 0.15822318 0.10292756 0.00391114],0.27365438866982666
86840,3,C,[0.21265248 0.20109434 0.33759933 0.16349962 0.07906777 0.00608647],0.33759932782408664
87207,1,E,[0.2567298  0.11480535 0.07229304 0.25306034 0.29710862 0.00600285],0.2971086152408926
87207,2,E,[0.29505837 0.14663769 0.08232446 0.28424444 0.1835543  0.00818074],0.1835542981872842
87207,3,E,[0.24721421 0.08744947 0.04518231 0.28610512 0.32914077 0.00490811],0.32914077269490283
87998,1,E,[0.36263503 0.11578689 0.34948893 0.04959771 0.12028009 0.00221136],0.12028009106326035
87998,2,E,[0.37622481 0.1119385  0.36814668 0.05119793 0.09038393 0.00210815],0.09038393115331261
87998,3,E,[0.41836803 0.07483593 0.33801431 0.03347559 0.13351811 0.00178803],0.13351811339894562
88045,1,D,[0.1552252  0.04810383 0.13606677 0.59218156 0.06333189 0.00509075],0.5921815626354482
88045,2,D,[0.18073588 0.05240792 0.16354153 0.51644344 0.08037222 0.00649902],0.5164434364176909
88045,3,D,[0.1208226  0.03010959 0.09134317 0.71007803 0.0439476  0.00369902],0.7100780277375031
88655,1,D,[0.13205961 0.11412049 0.31719913 0.29417978 0.14047476 0.00196623],0.29417977840151155
88655,2,D,[0.15775545 0.12054167 0.34341656 0.22076941 0.15550871 0.00200821],0.2207694081055834
88655,3,D,[0.12108388 0.07331943 0.27533596 0.41698986 0.11174412 0.00152674],0.41698986100508745
89149,1,A,[0.48276363 0.08591991 0.19048065 0.08491418 0.15170933 0.00421231],0.4827636268762861
89149,2,A,[0.43451742 0.10489045 0.21765782 0.08749355 0.15024633 0.00519442],0.434517424219205
89149,3,A,[0.49661607 0.08287437 0.18587816 0.09024167 0.14022963 0.00416011],0.49661606561912425
89554,1,D,[0.1846072  0.2763711  0.29987334 0.18015713 0.05527128 0.00371996],0.18015713041319323
89554,2,D,[0.19626183 0.25251292 0.31565615 0.17881163 0.05365122 0.00310626],0.17881162707333617
89554,3,D,[0.13165836 0.34626281 0.27990081 0.18828098 0.04944489 0.00445214],0.18828098182768319
89637,1,E,[0.21569242 0.32842844 0.21844347 0.13938486 0.09295585 0.00509496],0.09295585283436501
89637,2,E,[0.24866708 0.32606763 0.20310732 0.12906355 0.08885146 0.00424295],0.0888514580482156
89637,3,E,[0.21717123 0.35686291 0.20590511 0.13308776 0.08205465 0.00491836],0.08205464503271222
90130,1,B,[0.19895997 0.31714443 0.22507017 0.17366824 0.08151088 0.00364632],0.31714442616259253
90130,2,B,[0.17636367 0.3169754  0.23944692 0.18239895 0.08179409 0.00302097],0.31697540447295586
90130,3,B,[0.18404914 0.32886411 0.22617797 0.19280997 0.06382597 0.00427283],0.3288641149256866
90238,1,D,[0.18204341 0.04196527 0.16137007 0.48313604 0.12778629 0.00369892],0.48313604362956947
90238,2,D,[0.26370664 0.05604188 0.18577439 0.37770798 0.11231295 0.00445617],0.37770797992060456
90238,3,D,[0.18355731 0.03122646 0.15854027 0.49818379 0.12578707 0.0027051 ],0.49818379297801596
95509,1,E,[0.17591747 0.24400451 0.23481087 0.18313857 0.15847069 0.00365789],0.15847069269516112
95509,2,E,[0.19112738 0.25352969 0.23144342 0.18002161 0.14058375 0.00329415],0.14058375232036416
95509,3,E,[0.10644664 0.2454313  0.24781876 0.19095534 0.20604856 0.0032994 ],0.20604855856178947
95676,1,A,[0.55030046 0.10123529 0.06796711 0.07645484 0.20077787 0.00326443],0.5503004582619709
95676,2,A,[0.47846476 0.11029809 0.06933042 0.07720466 0.2617051  0.00299698],0.4784647551174607
95676,3,A,[0.69976996 0.0545067  0.03994631 0.05121755 0.15235133 0.00220814],0.6997699641881887
95739,1,D,[0.21728834 0.09018272 0.15017758 0.38476963 0.15175351 0.00582822],0.3847696276253277
95739,2,D,[0.24512107 0.11246354 0.20437728 0.26806686 0.16222361 0.00774765],0.26806685847011213
95739,3,D,[0.13554694 0.0829461  0.1569418  0.48188148 0.13786267 0.00482102],0.48188147776235096
95823,1,C,[0.10628185 0.12881622 0.42377765 0.20477556 0.12937274 0.00697598],0.42377765246994364
95823,2,C,[0.12245393 0.14164716 0.36066288 0.2229775  0.14313032 0.00912821],0.36066288123599954
95823,3,C,[0.08994451 0.10234288 0.58557691 0.14631097 0.06971263 0.00611209],0.5855769082981961
96189,1,D,[0.12596944 0.12924019 0.16331316 0.30655475 0.2717969  0.00312557],0.30655474526273263
96189,2,D,[0.13995877 0.1384223  0.16018608 0.27643816 0.28223357 0.00276112],0.2764381593798681
96189,3,D,[0.09063616 0.12181139 0.16250058 0.38618351 0.2352462  0.00362217],0.3861835060736627
96244,1,E,[0.16946435 0.30774564 0.16606526 0.15859378 0.19546619 0.00266478],0.19546619423742936
96244,2,E,[0.19581408 0.29889089 0.18606089 0.16331499 0.15343787 0.00248127],0.1534378702088561
96244,3,E,[0.1471973  0.38504101 0.16066131 0.1455681  0.15934975 0.00218252],0.1593497517765015
96291,1,C,[0.19585018 0.20932557 0.17828032 0.2883726  0.12274814 0.00542319],0.17828031830060134
96291,2,C,[0.21244342 0.2174606  0.12508179 0.30287132 0.135384   0.00675887],0.12508178742332637
96291,3,C,[0.17655377 0.27418834 0.2188363  0.22384688 0.10152828 0.00504644],0.21883629545000435
96315,1,A,[0.50372627 0.10326044 0.13690734 0.1417172  0.11130948 0.00307928],0.5037262715822872
96315,2,A,[0.44227307 0.11570305 0.15256236 0.1576062  0.12925411 0.00260121],0.44227307071630456
96315,3,A,[0.63193758 0.08067136 0.09349496 0.10966919 0.08207001 0.00215691],0.6319375778099976
96502,1,C,[0.04935995 0.05197002 0.66027281 0.14011812 0.09484213 0.00343696],0.660272811052151
96502,2,C,[0.05810472 0.06350702 0.65088131 0.13536668 0.08851964 0.00362063],0.6508813052939617
96502,3,C,[0.0226347  0.03456173 0.75831895 0.09819301 0.08350966 0.00278195],0.7583189454215701
96516,1,E,[0.1743205  0.20588334 0.14473335 0.33181281 0.13835177 0.00489823],0.13835177182004485
96516,2,E,[0.19496256 0.17829458 0.15849237 0.34803664 0.11390273 0.00631112],0.11390272926797092
96516,3,E,[0.18392106 0.27386558 0.11203103 0.27916306 0.14657738 0.00444189],0.1465773847643542
97262,1,A,[0.76677138 0.08036838 0.07027841 0.0318006  0.04638693 0.00439431],0.766771378194473
97262,2,A,[0.73074581 0.09758789 0.08007505 0.03612905 0.04999061 0.0054716 ],0.7307458080197649
97262,3,A,[0.84315554 0.06430756 0.04317398 0.01409418 0.03272247 0.00254628],0.8431555380225118
97590,1,E,[0.06690456 0.22904472 0.25687498 0.25478882 0.18943494 0.00295198],0.18943493647874698
97590,2,E,[0.0642506  0.2263716  0.27938584 0.26001938 0.16749798 0.00247461],0.16749797780179393
97590,3,E,[0.05802641 0.23970859 0.19196975 0.27653481 0.23119368 0.00256677],0.2311936758083274
97727,1,E,[0.14597474 0.09376065 0.10857842 0.21973956 0.42941651 0.00253012],0.42941650500553363
97727,2,E,[0.21033393 0.13474303 0.12252056 0.19625783 0.33388991 0.00225473],0.33388990979730043
97727,3,E,[0.12471117 0.07383688 0.06854452 0.21452248 0.51676597 0.00161896],0.5167659731437032
97761,1,C,[0.09273703 0.07296528 0.50217243 0.10576215 0.22420541 0.0021577 ],0.5021724310608197
97761,2,C,[0.10569933 0.08105317 0.49416528 0.10159764 0.21546172 0.00202286],0.49416527522550674
97761,3,C,[0.08523109 0.07009176 0.55170682 0.11066311 0.18043722 0.00187   ],0.5517068247373031
97915,1,C,[0.11471909 0.21970484 0.20735513 0.22866283 0.22616848 0.00338962],0.20735512567487385
97915,2,C,[0.1131818  0.2401412  0.18932573 0.20773672 0.24664155 0.002973  ],0.1893257251596104
97915,3,C,[0.10539636 0.19659096 0.17624125 0.31010262 0.20824645 0.00342236],0.1762412455747565
98106,1,E,[0.11584686 0.39428835 0.20917513 0.11434036 0.16402012 0.00232918],0.16402012312897402
98106,2,E,[0.10049426 0.44769003 0.22322137 0.10946789 0.11712892 0.00199755],0.11712891830052731
98106,3,E,[0.11893722 0.40205546 0.20244176 0.08492881 0.18980772 0.00182902],0.18980772285039474
111431,1,E,[0.4048612  0.12630188 0.11494212 0.14689    0.20438842 0.00261639],0.2043884159453284
111431,2,E,[0.40442099 0.14339018 0.14178708 0.13953234 0.16839747 0.00247195],0.16839747288522042
111431,3,E,[0.43603826 0.14054727 0.08039982 0.16322296 0.17749645 0.00229523],0.1774964521202744
111516,1,C,[0.1136092  0.1430438  0.36024693 0.1875476  0.191782   0.00377046],0.36024693124387197
111516,2,C,[0.12703003 0.15150429 0.29932131 0.20336584 0.21551636 0.00326217],0.29932131430223835
111516,3,C,[0.07946226 0.11094489 0.49017096 0.16873562 0.14776087 0.0029254 ],0.49017096425479156
111558,1,D,[0.16969054 0.40541246 0.13857585 0.16871531 0.11502312 0.00258272],0.16871530948463412
111558,2,D,[0.18787454 0.40236481 0.13911791 0.14948276 0.11882796 0.00233202],0.14948275701239705
111558,3,D,[0.15964178 0.43086374 0.09666627 0.20374308 0.10719464 0.00189049],0.20374307715165457
111613,1,A,[0.17162626 0.30648321 0.16369294 0.24891641 0.10574532 0.00353586],0.1716262619036598
111613,2,A,[0.13134894 0.34104989 0.17143443 0.24570474 0.10751965 0.00294235],0.13134893613051873
111613,3,A,[0.2815249  0.22735633 0.12171405 0.2643465  0.10100058 0.00405765],0.28152489663758345
111668,1,B,[0.09637388 0.23164953 0.38574801 0.17168833 0.11000181 0.00453843],0.23164953269061636
111668,2,B,[0.09361145 0.2269033  0.4042704  0.17117325 0.10003984 0.00400175],0.22690329828189776
111668,3,B,[0.07444143 0.23755168 0.37641851 0.19955222 0.1066362  0.00539995],0.2375516812082772
111694,1,A,[0.22858183 0.34194065 0.12128477 0.19761653 0.10795247 0.00262375],0.2285818285872991
111694,2,A,[0.23059056 0.33175644 0.11856278 0.20919191 0.1073011  0.00259721],0.23059056183129203
111694,3,A,[0.20375332 0.38678805 0.11235379 0.18338311 0.11146746 0.00225425],0.2037533237356996
111738,1,B,[0.10765053 0.313961   0.17329372 0.14742128 0.25406608 0.00360739],0.3139609993393285
111738,2,B,[0.11064856 0.2770245  0.16157464 0.14720404 0.30028078 0.0032675 ],0.2770244969157313
111738,3,B,[0.09870534 0.34911136 0.1199004  0.10087762 0.328444   0.00296126],0.34911136499869355
111835,1,C,[0.05209471 0.09474559 0.50175642 0.30153707 0.04656571 0.0033005 ],0.5017564185553663
111835,2,C,[0.06799171 0.13108968 0.38772996 0.3505478  0.0577129  0.00492796],0.3877299593736403
111835,3,C,[0.02757825 0.05320919 0.58880879 0.30083309 0.02740415 0.00216654],0.5888087899616987
111893,1,C,[0.10543602 0.09002702 0.36397425 0.28939622 0.14515942 0.00600706],0.363974254850886
111893,2,C,[0.10950253 0.10241718 0.33555564 0.29134712 0.15343787 0.00773966],0.33555564143327543
111893,3,C,[0.0812298  0.07275587 0.38111145 0.35880976 0.10067781 0.00541532],0.3811114469713659
111914,1,B,[0.16041667 0.325      0.12708333 0.24791667 0.1375     0.00208333],0.325
111914,2,B,[0.1686747  0.26807229 0.11746988 0.27409639 0.17168675 0.        ],0.2680722891566265
111914,3,B,[0.07142857 0.42857143 0.11904762 0.26190476 0.11904762 0.        ],0.42857142857142855
111918,1,D,[0.07908419 0.1151052  0.06538124 0.66853166 0.06853743 0.00336028],0.6685316588260033
111918,2,D,[0.1245655  0.16905894 0.08360915 0.54029147 0.07751275 0.00496218],0.5402914733533124
111918,3,D,[0.04242807 0.08336665 0.03395535 0.80505655 0.03304618 0.0021472 ],0.8050565492694376
111926,1,B,[0.08382323 0.47746247 0.06416509 0.03321768 0.33828486 0.00304666],0.47746247427799543
111926,2,B,[0.10616574 0.40657045 0.10571399 0.03994824 0.33804491 0.00355667],0.4065704451234707
111926,3,B,[0.08202903 0.53319637 0.04576637 0.02972534 0.30702352 0.00225937],0.5331963706599312
111929,1,A,[0.2760576  0.19986366 0.27233448 0.13547974 0.11366601 0.0025985 ],0.27605760045784117
111929,2,A,[0.25266884 0.20288078 0.29354456 0.12341073 0.12444748 0.00304762],0.25266883522715916
111929,3,A,[0.33514527 0.17866456 0.23240277 0.16766485 0.08408859 0.00203395],0.3351452709452986
111954,1,D,[0.14657229 0.09280857 0.19734616 0.38224161 0.17612472 0.00490664],0.3822416122068533
111954,2,D,[0.18116231 0.1037924  0.22705388 0.3370015  0.14527445 0.00571546],0.33700149649330174
111954,3,D,[0.12461383 0.08965249 0.23550749 0.40103081 0.14404648 0.00514891],0.40103080635493144
111961,1,C,[0.09294954 0.13901244 0.56818698 0.16449564 0.03255491 0.00280049],0.5681869826668406
111961,2,C,[0.11296192 0.15740231 0.49879734 0.18902723 0.0383105  0.0035007 ],0.49879734175882606
111961,3,C,[0.06908759 0.14326774 0.62933495 0.13532151 0.02092352 0.00206469],0.6293349454625564
111964,1,D,[0.09922066 0.1143856  0.0686646  0.52713803 0.18507114 0.00551997],0.5271380298522537
111964,2,D,[0.11111763 0.12178497 0.07149187 0.46412747 0.22446467 0.0070134 ],0.4641274697802967
111964,3,D,[0.05637671 0.08262845 0.03680061 0.68068058 0.13914861 0.00436504],0.6806805781122718
111984,1,A,[0.35871413 0.10418727 0.06971031 0.14464183 0.31733905 0.00540741],0.3587141312169401
111984,2,A,[0.28161525 0.13357036 0.07850793 0.16027137 0.33888444 0.00715065],0.2816152533044784
111984,3,A,[0.35708321 0.08053303 0.06349296 0.16052299 0.3337876  0.00458022],0.3570832073857378
112145,1,B,[0.22786435 0.30787188 0.12729184 0.15015444 0.1795417  0.0072758 ],0.3078718802206727
112145,2,B,[0.23399132 0.29069549 0.12489523 0.15644552 0.18435651 0.00961594],0.2906954895985054
112145,3,B,[0.22433359 0.32796242 0.10481231 0.17266519 0.16242373 0.00780277],0.3279624155297228
117651,1,E,[0.10505309 0.11478747 0.17742607 0.33719917 0.26222032 0.00331388],0.2622203192263831
117651,2,E,[0.1081926  0.12111735 0.18823167 0.33104351 0.24859379 0.00282108],0.2485937893529099
117651,3,E,[0.09016482 0.07611163 0.13104356 0.36779601 0.33194321 0.00294077],0.33194321343122235
117742,1,B,[0.13461182 0.35166136 0.18190139 0.1641916  0.16344151 0.00419232],0.3516613574485455
117742,2,B,[0.14831674 0.33472544 0.18499616 0.16885055 0.15965305 0.00345806],0.3347254407859055
117742,3,B,[0.12249791 0.38687003 0.15529723 0.14732539 0.18368027 0.00432918],0.38687002720468067
117820,1,C,[0.13122956 0.25994058 0.26298093 0.1798794  0.15989303 0.00607649],0.2629809331038517
117820,2,C,[0.13305598 0.26992981 0.25353635 0.16553508 0.17246586 0.00547693],0.25353634826317495
117820,3,C,[0.12931189 0.2657759  0.28363569 0.1855349  0.1288969  0.00684472],0.2836356929508625
117854,1,C,[0.09099803 0.15243312 0.26459684 0.26937409 0.22014143 0.00245648],0.26459684308419984
117854,2,C,[0.11226365 0.16574963 0.22364513 0.28643788 0.2093758  0.00252791],0.22364512720193064
117854,3,C,[0.08011804 0.13532151 0.26759467 0.27243105 0.24230097 0.00223376],0.26759466562834616
117877,1,B,[0.19519688 0.34251716 0.21249321 0.16999668 0.0762739  0.00352218],0.34251715852329395
117877,2,B,[0.19580609 0.288001   0.23701762 0.19252126 0.08344782 0.0032062 ],0.2880010021041522
117877,3,B,[0.15953931 0.4339582  0.18577569 0.15655243 0.06107989 0.00309447],0.43395820418368025
117886,1,D,[0.16493749 0.16443357 0.33253029 0.19661501 0.13684106 0.00464259],0.19661500523908315
117886,2,D,[0.18103171 0.16179185 0.33033857 0.18411931 0.13878743 0.00393113],0.18411931435820691
117886,3,D,[0.13600803 0.16173208 0.3668687  0.21134604 0.11928048 0.00476466],0.2113460425130772
117973,1,A,[0.23328543 0.25273842 0.25318132 0.15317375 0.10395688 0.0036642 ],0.23328543114077352
117973,2,A,[0.22848374 0.24063026 0.25945303 0.15853234 0.10952385 0.00337677],0.22848374445811084
117973,3,A,[0.23580464 0.30490248 0.24524687 0.13558792 0.07490253 0.00355556],0.23580463862859719
118066,1,C,[0.11396163 0.30324718 0.48196514 0.04129302 0.05532914 0.00420389],0.4819651401086531
118066,2,C,[0.14247602 0.28582356 0.43006392 0.05008922 0.08576519 0.00578209],0.4300639241172622
118066,3,C,[0.08087116 0.29504526 0.56733799 0.02552424 0.02824983 0.00297151],0.5673379886980178
118110,1,C,[0.18732457 0.17363037 0.3289271  0.17389758 0.13086556 0.00535481],0.32892710310263135
118110,2,C,[0.21981794 0.16502203 0.32174073 0.16607078 0.12044839 0.00690013],0.32174072953715316
118110,3,C,[0.16872025 0.15502569 0.34453627 0.19482343 0.13306214 0.00383222],0.3445362652225814
118120,1,A,[0.22262    0.27535274 0.12035373 0.13137474 0.24617273 0.00412604],0.22262000446058483
118120,2,A,[0.20517016 0.24029045 0.1325949  0.15095393 0.26596137 0.00502918],0.20517016448100467
118120,3,A,[0.25635929 0.31961657 0.08271555 0.09207068 0.24515465 0.00408326],0.2563592862229554
118230,1,E,[0.05147271 0.1092745  0.04626721 0.09972501 0.68717425 0.00608632],0.6871742539798483
118230,2,E,[0.0688255  0.13062254 0.06172966 0.10136321 0.62990036 0.00755873],0.6299003594793263
118230,3,E,[0.03196928 0.07870128 0.02970001 0.07742949 0.77880851 0.00339144],0.7788085085159971
118252,1,D,[0.16716652 0.08153479 0.25913378 0.34265366 0.14323802 0.00627323],0.3426536618901326
118252,2,D,[0.17917129 0.10381247 0.26555473 0.28498478 0.15831446 0.00816226],0.284984779991035
118252,3,D,[0.12274008 0.06094611 0.30722426 0.39121219 0.11321413 0.00466323],0.3912121892222139
119767,1,D,[0.04996591 0.05046878 0.04556635 0.79064498 0.06035992 0.00299406],0.7906449753195
119767,2,D,[0.06576975 0.05917079 0.05521301 0.74310287 0.07324688 0.0034967 ],0.7431028715880819
119767,3,D,[0.02515024 0.03346022 0.02618515 0.86042616 0.05231906 0.00245918],0.8604261554304333
120124,1,C,[0.07938789 0.08211369 0.72022875 0.05095587 0.06461851 0.00269529],0.720228752256593
120124,2,C,[0.10824457 0.10305948 0.61152873 0.06697041 0.10687867 0.00331814],0.6115287285403793
120124,3,C,[0.05052078 0.07058872 0.80051438 0.03593477 0.04019223 0.00224913],0.8005143785190612
120368,1,B,[0.12917286 0.07071395 0.3451125  0.25117616 0.20093567 0.00288886],0.07071394606058821
120368,2,B,[0.14208691 0.06527802 0.36986838 0.26544167 0.15396024 0.00336478],0.06527802393589732
120368,3,B,[0.11035059 0.08294097 0.33093392 0.20123266 0.2720007  0.00254115],0.08294097455260853
120622,1,B,[0.09700194 0.43813884 0.15068887 0.21687595 0.09341138 0.00388302],0.43813884201534276
120622,2,B,[0.12337475 0.35874529 0.20596172 0.2255987  0.08142629 0.00489325],0.3587452909766651
120622,3,B,[0.06958455 0.56280388 0.13339515 0.13649987 0.09369989 0.00401666],0.5628038752580858
120626,1,B,[0.24755194 0.40614046 0.11505153 0.14291651 0.08409675 0.00424282],0.40614045792532305
120626,2,B,[0.25275412 0.36065355 0.12451677 0.15020102 0.1066508  0.00522373],0.36065355313883807
120626,3,B,[0.27486462 0.43697582 0.09637937 0.13764236 0.04931169 0.00482614],0.4369758231849457
125654,1,E,[0.0689497  0.10523719 0.13016807 0.1880368  0.50137394 0.0062343 ],0.5013739442931867
125654,2,E,[0.09453893 0.12560416 0.15192539 0.1968002  0.42319178 0.00793954],0.4231917816798837
125654,3,E,[0.04681664 0.10796313 0.12140665 0.196094   0.52147428 0.00624529],0.5214742785124009
125706,1,E,[0.12318894 0.10465437 0.10876358 0.39192234 0.26598552 0.00548526],0.26598551572356155
125706,2,E,[0.18357295 0.13474703 0.13150352 0.28378737 0.25900928 0.00737986],0.2590092761263344
125706,3,E,[0.12963978 0.08656314 0.08109659 0.3491421  0.34922408 0.00433431],0.34922407742318906
125944,1,D,[0.15843598 0.07180174 0.111219   0.57982343 0.07199005 0.0067298 ],0.5798234281698557
125944,2,D,[0.16274198 0.08052813 0.13469373 0.51955369 0.09369141 0.00879107],0.5195536905283834
125944,3,D,[0.1217704  0.0513815  0.08833068 0.67443016 0.0582006  0.00588666],0.674430161844795
126560,1,C,[0.14198231 0.11384591 0.41839655 0.19469716 0.12876993 0.00230814],0.418396545992417
126560,2,C,[0.15495035 0.11945295 0.35208236 0.21568426 0.15562064 0.00220943],0.3520823644327651
126560,3,C,[0.09342323 0.09640499 0.50284087 0.19433159 0.11121642 0.00178291],0.5028408654264884
140190,1,C,[0.06579152 0.07202898 0.61519881 0.06680567 0.17539251 0.0047825 ],0.6151988116328686
140190,2,C,[0.08062674 0.09081436 0.54265539 0.08476042 0.19483064 0.00631246],0.5426553894413936
140190,3,C,[0.0376357  0.04131935 0.70142479 0.04421401 0.17145609 0.00395006],0.7014247875114634
140378,1,A,[0.48343692 0.08196956 0.18884159 0.16622727 0.07279485 0.0067298 ],0.4834369227014312
140378,2,A,[0.41364248 0.09633259 0.20500892 0.18867143 0.08736962 0.00897496],0.4136424753571662
140378,3,A,[0.5835071  0.05513175 0.16200362 0.13151491 0.06145901 0.00638362],0.5835070983210972
140429,1,B,[0.16430627 0.46441737 0.09381536 0.09723444 0.1751274  0.00509916],0.4644173676658096
140429,2,B,[0.18324247 0.40374936 0.08841304 0.11623076 0.20155619 0.00680818],0.4037493620247834
140429,3,B,[0.15896038 0.57204629 0.06586504 0.0671766  0.13171984 0.00423184],0.5720462940667155
140441,1,D,[0.13085715 0.07027736 0.31438391 0.43594642 0.04337393 0.00516123],0.4359464224847141
140441,2,D,[0.16420916 0.08659273 0.28401124 0.40335358 0.05492384 0.00690945],0.40335358418807576
140441,3,D,[0.11388054 0.04714966 0.35107871 0.45457945 0.02854698 0.00476466],0.4545794545743313
140506,1,D,[0.27785761 0.1018644  0.20943498 0.3430863  0.06184327 0.00591343],0.3430863039004869
140506,2,D,[0.24139383 0.13973889 0.23827691 0.29228793 0.0802323  0.00807014],0.29228792904249745
140506,3,D,[0.28033629 0.0966509  0.17370009 0.39994467 0.04357872 0.00578932],0.3999446684461568
140527,1,A,[0.63893914 0.21297828 0.05095065 0.05029325 0.04114766 0.00569102],0.6389391367864738
140527,2,A,[0.55406399 0.24502896 0.06630885 0.06768583 0.05952064 0.00739174],0.5540639914217158
140527,3,A,[0.66699085 0.2421386  0.03503653 0.03199421 0.02024887 0.00359093],0.6669908481085259
140550,1,A,[0.60993448 0.08171076 0.08312468 0.1431206  0.07713971 0.00496976],0.6099344799000156
140550,2,A,[0.4965626  0.10628034 0.09831948 0.2056459  0.0862849  0.00690679],0.49656259619600196
140550,3,A,[0.73443416 0.0526572  0.05073084 0.09863362 0.05987591 0.00366828],0.7344341580125726
140567,1,A,[0.64168475 0.06306529 0.07075644 0.09033235 0.12891486 0.00524631],0.6416847487485767
140567,2,A,[0.60102775 0.0685501  0.07953663 0.10099699 0.14298605 0.00690247],0.601027753444644
140567,3,A,[0.74716341 0.03960001 0.04585921 0.07446198 0.08979826 0.00311713],0.7471634123837311
140568,1,A,[0.46345161 0.21223968 0.08385163 0.06382108 0.16991672 0.00671928],0.46345160896661713
140568,2,A,[0.40496068 0.20847098 0.10245182 0.07478202 0.20027824 0.00905625],0.40496068207046443
140568,3,A,[0.50570991 0.23332497 0.06151537 0.04077628 0.15249991 0.00617357],0.5057099089591007
140572,1,B,[0.22908575 0.44277827 0.16653657 0.06436813 0.09257712 0.00465416],0.442778271060483
140572,2,B,[0.2497025  0.37266015 0.18330644 0.07518047 0.11291528 0.00623517],0.3726601467709459
140572,3,B,[0.16756751 0.64355208 0.08354552 0.03718485 0.06451762 0.00363241],0.643552080825055
140585,1,C,[0.21866439 0.29033252 0.26212353 0.17189874 0.05199422 0.0049866 ],0.26212353295151847
140585,2,C,[0.26813082 0.25843626 0.19716532 0.19784761 0.07179437 0.00662561],0.19716532453116317
140585,3,C,[0.2030002  0.24777265 0.36403039 0.15290465 0.02838816 0.00390395],0.3640303913682776
140626,1,E,[0.07809878 0.06246006 0.11021939 0.11509902 0.63002033 0.00410243],0.6300203266278825
140626,2,E,[0.10556742 0.09117709 0.12951791 0.13783629 0.53029133 0.00560996],0.5302913266877539
140626,3,E,[0.0523387  0.06181087 0.06063088 0.09876456 0.72388868 0.00256632],0.7238886811188631
140631,1,B,[0.06608819 0.33514983 0.13671798 0.2832787  0.17238793 0.00637737],0.3351498293615893
140631,2,B,[0.07597202 0.31665292 0.14664835 0.25812844 0.1939378  0.00866047],0.3166529188282311
140631,3,B,[0.03813266 0.35188307 0.11914728 0.32717855 0.15751561 0.00614283],0.35188306598287794
140639,1,B,[0.08455544 0.52598185 0.27723902 0.05330714 0.05422767 0.00468887],0.5259818546775124
140639,2,B,[0.10463993 0.44197191 0.31801349 0.06852287 0.06061398 0.00623783],0.4419719064365203
140639,3,B,[0.05887687 0.67169432 0.21491698 0.0210055  0.03046822 0.00303811],0.6716943239047682
140643,1,B,[0.11196489 0.35530557 0.16473971 0.12735706 0.23436586 0.00626691],0.35530557110214317
140643,2,B,[0.12632775 0.28661645 0.2093265  0.12794018 0.24160038 0.00818874],0.2866164459683298
140643,3,B,[0.07201299 0.3975316  0.17272667 0.12734455 0.22554268 0.00484151],0.3975315979035489
140682,1,E,[0.13529143 0.11561226 0.36534189 0.07697455 0.30066551 0.00611437],0.30066551084216686
140682,2,E,[0.17282699 0.16767654 0.35328569 0.08618362 0.21186108 0.00816608],0.21186107531638906
140682,3,E,[0.11019689 0.09187087 0.46343763 0.04934243 0.27949095 0.00566124],0.2794909497046422
140721,1,E,[0.04134773 0.42173567 0.05320194 0.07717338 0.40159045 0.00495083],0.4015904509819599
140721,2,E,[0.04924036 0.43439882 0.06073657 0.08808655 0.3609787  0.00655898],0.3609787039541804
140721,3,E,[0.01933018 0.42013044 0.02805515 0.04857905 0.48018567 0.00371951],0.4801856681028962
140731,1,D,[0.0522885  0.08146113 0.0821002  0.66691542 0.11382499 0.00340976],0.6669154239112061
140731,2,D,[0.08177094 0.11209649 0.0927073  0.55042851 0.15854058 0.00445619],0.5504285078734961
140731,3,D,[0.02203294 0.06407413 0.05135215 0.81229124 0.04845054 0.001799  ],0.8122912448576919
140767,1,B,[0.03092492 0.73147411 0.03948437 0.16334693 0.03115169 0.00361797],0.7314741134415496
140767,2,B,[0.04512166 0.67466646 0.04404367 0.19392609 0.03752438 0.00471774],0.6746664580756501
140767,3,B,[0.01911842 0.87531434 0.02028552 0.07092194 0.01244471 0.00191507],0.8753143417200779
140827,1,B,[0.17641297 0.47407285 0.056661   0.15266457 0.13648969 0.00369892],0.4740728506082807
140827,2,B,[0.23931766 0.42366085 0.06483827 0.14892707 0.11898388 0.00427227],0.42366085170857426
140827,3,B,[0.14430777 0.50906054 0.04918873 0.18060117 0.11285075 0.00399104],0.5090605419418301
140898,1,C,[0.36715347 0.19335794 0.19389131 0.06609766 0.17523471 0.00426491],0.19389131322142594
140898,2,C,[0.33981458 0.23043998 0.16490343 0.07547896 0.18422592 0.00513712],0.16490343420559925
140898,3,C,[0.40204522 0.18559125 0.22322696 0.04868664 0.13632568 0.00412425],0.2232269567133057
140914,1,C,[0.33329406 0.15555448 0.26751621 0.105011   0.1328823  0.00574195],0.26751621170103984
140914,2,C,[0.35461961 0.13095716 0.26145724 0.12067093 0.12515508 0.00713999],0.2614572353385633
140914,3,C,[0.28438369 0.15246405 0.33071875 0.11441848 0.11258947 0.00542557],0.3307187466378396
141030,1,E,[0.05995068 0.12621982 0.08252924 0.12533402 0.60139099 0.00457526],0.6013909870937606
141030,2,E,[0.07192496 0.1582605  0.11772192 0.13933112 0.50702872 0.00573278],0.5070287212111602
141030,3,E,[0.02861359 0.07008151 0.05937895 0.07163387 0.76701317 0.00327891],0.7670131719837899
141048,1,B,[0.04388206 0.82102219 0.06113947 0.03776138 0.03162702 0.00456789],0.8210221893055374
141048,2,B,[0.05491451 0.78449697 0.06608024 0.04956818 0.03929927 0.00564083],0.7844969690347152
141048,3,B,[0.02913104 0.87287576 0.048743   0.02791682 0.01853607 0.00279732],0.8728757550451618
141072,1,B,[0.10629868 0.46294664 0.03312615 0.1643189  0.22848294 0.00482669],0.46294663709775835
141072,2,B,[0.13063867 0.33613798 0.04437376 0.20201194 0.2805865  0.00625116],0.3361379812132123
141072,3,B,[0.06509143 0.56890059 0.02014478 0.13904102 0.20345105 0.00337113],0.568900592764887
141148,1,D,[0.10601674 0.09069295 0.14463131 0.52643423 0.1280798  0.00414498],0.5264342253100317
141148,2,D,[0.14454953 0.11301123 0.20669331 0.3583202  0.17183554 0.0055902 ],0.3583201962631643
141148,3,D,[0.08124516 0.06468156 0.18352144 0.54511827 0.12226736 0.00316619],0.5451182711963399
141203,1,C,[0.04249128 0.1784276  0.71754083 0.03508082 0.0233297  0.00312977],0.7175408290796467
141203,2,C,[0.05861376 0.25158011 0.60838916 0.04653255 0.03114652 0.0037379 ],0.6083891575528937
141203,3,C,[0.02273205 0.16020022 0.78128154 0.02064174 0.01294144 0.00220302],0.7812815402665136
141210,1,C,[0.16875    0.15       0.43958333 0.0875     0.15       0.00416667],0.4395833333333333
141210,2,C,[0.18373494 0.15361446 0.37048193 0.13253012 0.15963855 0.        ],0.3704819277108434
141210,3,C,[0.30952381 0.14285714 0.38095238 0.0952381  0.07142857 0.        ],0.38095238095238093
141261,1,E,[0.1613848  0.08652903 0.15255831 0.08969037 0.50595972 0.00387776],0.5059597200772606
141261,2,E,[0.21783372 0.10187082 0.19214015 0.09307975 0.39060074 0.00447482],0.3906007427830511
141261,3,E,[0.14872917 0.07268927 0.14477911 0.0699688  0.5596428  0.00419085],0.5596428040801897
141322,1,A,[0.86528403 0.03075384 0.03186162 0.0367609  0.03053081 0.00480881],0.8652840256357386
141322,2,A,[0.84679133 0.035039   0.03634093 0.04122886 0.03436204 0.00623783],0.846791334464254
141322,3,A,[0.93367898 0.01411979 0.01410442 0.01761388 0.01742944 0.00305348],0.9336789847684528
141355,1,A,[0.21550937 0.12326153 0.13264769 0.36460337 0.15940699 0.00457105],0.2155093693322168
141355,2,A,[0.2085456  0.15198269 0.14781436 0.33238675 0.15298612 0.00628447],0.2085456030681444
141355,3,A,[0.26720017 0.10992535 0.09571846 0.36077198 0.16200874 0.00437529],0.26720017214261194
141364,1,A,[0.72280621 0.18025286 0.03170487 0.02446063 0.03634851 0.00442692],0.7228062128372266
141364,2,A,[0.63553392 0.24143381 0.03696725 0.02964336 0.05076484 0.00565682],0.6355339202927424
141364,3,A,[0.82437867 0.13115628 0.0129773  0.0143196  0.0143862  0.00278195],0.8243786727599687
141384,1,D,[0.10979035 0.15852435 0.09744063 0.32232039 0.30669887 0.00522541],0.3223203878183953
141384,2,D,[0.13158214 0.19538766 0.10194944 0.24537693 0.31902359 0.00668025],0.24537692841751496
141384,3,D,[0.07711067 0.15671638 0.07585034 0.50138585 0.18537095 0.00356581],0.5013858504920922
141390,1,A,[0.69636042 0.06121521 0.10523193 0.08343187 0.05027521 0.00348536],0.6963604152552002
141390,2,A,[0.63144688 0.07035118 0.11984739 0.10091402 0.07326554 0.00417499],0.631446881150714
141390,3,A,[0.76205895 0.04859955 0.10436658 0.04325595 0.0383171  0.00340187],0.7620589485980112
141410,1,B,[0.06993334 0.5971124  0.12373915 0.09548071 0.1113747  0.00235969],0.597112402529909
141410,2,B,[0.09972935 0.50400908 0.14137664 0.10397763 0.14818215 0.00272514],0.5040090829014646
141410,3,B,[0.02383355 0.76664429 0.09640499 0.06302162 0.04853807 0.00155748],0.7666442949581683
141427,1,E,[0.28328291 0.23267    0.27216827 0.10562959 0.10352029 0.00272895],0.10352028514078195
141427,2,E,[0.26464478 0.26574549 0.2845003  0.0994042  0.08255366 0.00315156],0.0825536598789213
141427,3,E,[0.24419147 0.21502457 0.3643839  0.07689549 0.09714274 0.00236184],0.09714274003903949
141440,1,E,[0.05350808 0.07706397 0.1230648  0.0688182  0.67311067 0.00443428],0.6731106687931593
141440,2,E,[0.07378791 0.10000919 0.14718005 0.08085062 0.59300446 0.00516777],0.5930044601630284
141440,3,E,[0.04008464 0.06174079 0.09596951 0.05758068 0.74017737 0.00444702],0.7401773683698197
141464,1,B,[0.20210553 0.41615232 0.09882556 0.16100848 0.11870519 0.00320293],0.416152317518325
141464,2,B,[0.19995227 0.38292123 0.10368503 0.17590846 0.13378279 0.00375022],0.3829212266811005
141464,3,B,[0.23997028 0.50894976 0.0518435  0.12546055 0.0706654  0.00311051],0.508949755310154
141503,1,C,[0.22325438 0.08854261 0.41681009 0.20720153 0.06191692 0.00227448],0.41681009270441893
141503,2,C,[0.28369942 0.1024918  0.38453615 0.16971273 0.05755036 0.00200954],0.3845361470427933
141503,3,C,[0.15297125 0.08390928 0.65192354 0.08426791 0.02541665 0.00151137],0.6519235399898559
141545,1,B,[0.08867411 0.29082698 0.31144771 0.2330361  0.07249923 0.00351587],0.2908269755972344
141545,2,B,[0.09277326 0.25721428 0.33348747 0.24407899 0.06935973 0.00308627],0.2572142837154078
141545,3,B,[0.07229477 0.33217888 0.27466481 0.24786999 0.06931814 0.0036734 ],0.3321788848642584
141547,1,B,[0.18723726 0.43694374 0.10667531 0.21040915 0.05667362 0.00206092],0.4369437419257102
141547,2,B,[0.17253648 0.39873351 0.09885518 0.26434495 0.06332579 0.0022041 ],0.3987335109225355
141547,3,B,[0.17041606 0.43316922 0.10133359 0.2300102  0.0632829  0.00178803],0.43316921721221185
141574,1,A,[0.33637123 0.12588317 0.08705189 0.09167238 0.3566953  0.00232603],0.33637123006939157
141574,2,A,[0.28897779 0.1303415  0.08868355 0.1143718  0.37531865 0.00230671],0.28897778713548794
141574,3,A,[0.38352452 0.15446213 0.07264828 0.06210967 0.32525219 0.00200321],0.38352451751397376
141597,1,B,[0.10775784 0.24384881 0.14643132 0.30469897 0.19502434 0.00223871],0.24384881142246367
141597,2,B,[0.11685307 0.19560353 0.17682474 0.29783148 0.21057646 0.0023107 ],0.195603534549273
141597,3,B,[0.10524779 0.24975536 0.12513641 0.38645504 0.13176595 0.00163945],0.24975536280592459
141605,1,D,[0.12829862 0.22880696 0.10710769 0.36166401 0.17167676 0.00244596],0.36166400855085695
141605,2,D,[0.15760486 0.20814316 0.13398479 0.36938998 0.1285705  0.00230671],0.36938998242319976
141605,3,D,[0.13555718 0.35654526 0.07800212 0.28920983 0.13837499 0.0023106 ],0.2892098346713664
141712,1,D,[0.07670102 0.05541961 0.17592589 0.37302798 0.31660895 0.00231656],0.3730279796496337
141712,2,D,[0.09702287 0.06623349 0.18745877 0.31794286 0.3290313  0.0023107 ],0.31794286140713013
141712,3,D,[0.05422492 0.03769206 0.16982176 0.44976356 0.28653548 0.00196222],0.4497635600731606
141725,1,E,[0.25420705 0.19269937 0.28284106 0.12211377 0.14626931 0.00186945],0.14626930991386022
141725,2,E,[0.24302492 0.19503985 0.32379291 0.13028687 0.10596452 0.00189094],0.10596451858356842
141725,3,E,[0.3076127  0.20654039 0.26594497 0.06536296 0.15290977 0.00162921],0.15290977370419137
141726,1,A,[0.42896203 0.22019298 0.05659051 0.12606307 0.16615679 0.00203462],0.42896203032356073
141726,2,A,[0.27123974 0.28038794 0.07813747 0.14622858 0.22204869 0.00195757],0.2712397440903173
141726,3,A,[0.36778576 0.25885433 0.047247   0.12766219 0.19669855 0.00175217],0.3677857644207862
141731,1,E,[0.26868501 0.34651275 0.12403372 0.1295358  0.12892879 0.00230393],0.12892878634219418
141731,2,E,[0.25996207 0.3670353  0.09327431 0.15752624 0.11977677 0.00242531],0.11977676530907318
141731,3,E,[0.31009237 0.28107405 0.1321297  0.13917935 0.13554694 0.00197759],0.13554693703986434
