CO_ITEM,TP_SEXO,TX_GABARITO,answer_distribution,correct_probability
5961,F,D,[0.19643505 0.21259079 0.16324034 0.28639414 0.13870825 0.00263142],0.28639414404419117
5961,M,D,[0.19907616 0.18926318 0.15738137 0.31883417 0.13215047 0.00329465],0.31883417440776574
6864,F,D,[0.03210083 0.06541108 0.10345458 0.53929468 0.25566424 0.0040746 ],0.5392946761378071
6864,M,D,[0.03787023 0.07531466 0.09903728 0.50044856 0.28315034 0.00417894],0.5004485565850785
8020,F,E,[0.21259843 0.1496063  0.28346457 0.25984252 0.09448819 0.        ],0.09448818897637795
8020,M,E,[0.14204545 0.19886364 0.27840909 0.25       0.125      0.00568182],0.125
8364,F,A,[0.29652216 0.24301399 0.17860073 0.07532616 0.20289874 0.00363822],0.2965221560596212
8364,M,A,[0.31269755 0.21634899 0.20956682 0.08979675 0.16755462 0.00403528],0.31269754534837624
9678,F,E,[0.18012422 0.10973085 0.16356108 0.23188406 0.31055901 0.00414079],0.3105590062111801
9678,M,E,[0.17520216 0.15363881 0.19407008 0.19137466 0.28571429 0.        ],0.2857142857142857
9716,F,E,[0.2036768  0.10150037 0.31311319 0.07646896 0.30147061 0.00377007],0.3014706138259626
9716,M,E,[0.22191902 0.12896604 0.28976621 0.0884259  0.26720315 0.00371967],0.2672031492689197
10322,F,C,[0.14078548 0.26391262 0.42910044 0.10431596 0.05915344 0.00273206],0.4291004388697277
10322,M,C,[0.11780167 0.18736677 0.57827379 0.07273981 0.04071153 0.00310642],0.5782737935836324
10409,F,E,[0.12778751 0.29885859 0.08599543 0.12391347 0.36065173 0.00279327],0.3606517291759667
10409,M,E,[0.10791601 0.24529909 0.08245342 0.11719997 0.44400426 0.00312724],0.4440042643009439
10500,F,B,[0.16684532 0.17409485 0.25762018 0.25907583 0.13861723 0.00374658],0.1740948529386174
10500,M,B,[0.16325585 0.2072867  0.27073403 0.23087676 0.12353114 0.00431552],0.20728670130148358
10776,F,B,[0.08672811 0.61611341 0.06402069 0.13332365 0.09556641 0.00424774],0.6161134100630288
10776,M,B,[0.09966927 0.58866692 0.06842429 0.14674629 0.09224064 0.00425258],0.5886669166086445
10992,F,A,[0.11811024 0.32283465 0.26771654 0.17322835 0.11811024 0.        ],0.11811023622047244
10992,M,A,[0.09659091 0.375      0.21590909 0.22727273 0.08522727 0.        ],0.09659090909090909
14797,F,D,[0.22900403 0.30925089 0.25133123 0.14551003 0.06014099 0.00476283],0.14551002509318586
14797,M,D,[0.24317792 0.29159793 0.23914493 0.15904745 0.06159017 0.00544159],0.15904745326977665
16785,F,D,[0.12215321 0.18219462 0.2194617  0.30848861 0.16356108 0.00414079],0.3084886128364389
16785,M,D,[0.11590296 0.1967655  0.21832884 0.29649596 0.16442049 0.00808625],0.29649595687331537
18228,F,D,[0.12755848 0.32155473 0.16565766 0.24620296 0.1368092  0.00221697],0.24620295897733957
18228,M,D,[0.12650367 0.31171067 0.15955626 0.25282122 0.14676504 0.00264314],0.2528212200739114
19807,F,E,[0.06857818 0.16295605 0.52301108 0.15798701 0.08496445 0.00250323],0.08496444841975576
19807,M,E,[0.06369236 0.13222511 0.53151277 0.16892239 0.10060522 0.00304215],0.10060521664613571
26545,F,C,[0.31043769 0.14596943 0.15562474 0.15115164 0.23315868 0.00365783],0.15562473679997493
26545,M,C,[0.27085721 0.14985673 0.16506615 0.15127203 0.25926169 0.0036862 ],0.16506614535911307
28034,F,A,[0.29341887 0.30806323 0.15258032 0.12917509 0.11469605 0.00206645],0.2934188682659947
28034,M,A,[0.32916689 0.32271437 0.12092818 0.11161695 0.11314338 0.00243024],0.3291668898291468
28632,F,C,[0.21479819 0.22066516 0.17035785 0.22224262 0.16960697 0.00232921],0.1703578476241521
28632,M,C,[0.19592282 0.22513791 0.19014916 0.21360666 0.17228322 0.00290022],0.1901491618017246
28683,F,A,[0.2711839  0.25986065 0.18242502 0.20442594 0.07875293 0.00335156],0.27118390416560806
28683,M,A,[0.26588158 0.26486932 0.16532189 0.22989529 0.0699601  0.00407182],0.2658815810615393
30053,F,C,[0.10906835 0.24023419 0.29352154 0.23181353 0.12277389 0.0025885 ],0.2935215380278357
30053,M,C,[0.09484093 0.22555567 0.33921724 0.2121204  0.12505222 0.00321354],0.3392172352846661
30327,F,D,[0.23753955 0.07046974 0.11341006 0.51786019 0.05821637 0.0025041 ],0.517860188146689
30327,M,D,[0.16224359 0.0595027  0.09737829 0.61827299 0.05967142 0.00293102],0.6182729901987039
30493,F,D,[0.16040671 0.15027895 0.16714985 0.30535814 0.2140099  0.00279645],0.30535814345227946
30493,M,D,[0.22506695 0.14813749 0.15559022 0.30124792 0.16700632 0.0029511 ],0.30124792458893473
31313,F,D,[0.34874221 0.06710687 0.19722165 0.27459898 0.11028212 0.00204817],0.27459897887091106
31313,M,D,[0.286392   0.07837689 0.22681967 0.30204461 0.10398747 0.00237936],0.3020446146430293
31381,F,C,[0.10518865 0.29342235 0.18938569 0.21886757 0.19072735 0.00240839],0.1893856867911001
31381,M,C,[0.09429731 0.2594063  0.25331932 0.23256387 0.15763216 0.00278105],0.25331931872958063
31516,F,A,[0.27074746 0.10922485 0.29931891 0.19724345 0.12080867 0.00265666],0.2707474575548495
31516,M,A,[0.37258794 0.08808246 0.28613941 0.16677515 0.08343646 0.00297858],0.37258793781406363
32369,F,D,[0.28053903 0.23465957 0.21205221 0.19798471 0.07107967 0.0036848 ],0.1979847143866439
32369,M,D,[0.30412806 0.23460982 0.19832628 0.19589872 0.06251004 0.00452707],0.19589871994001393
37769,F,B,[0.14136582 0.27342785 0.32670127 0.12700337 0.12963624 0.00186546],0.2734278475197422
37769,M,B,[0.14874404 0.27904638 0.30831236 0.13298966 0.12835145 0.0025561 ],0.279046382089872
39101,F,E,[0.52519151 0.06852598 0.04089215 0.0639215  0.29680175 0.00466712],0.2968017499103815
39101,M,E,[0.49064324 0.06309919 0.04615714 0.0663221  0.32929141 0.0044869 ],0.3292914144930641
39443,F,X,[0.19189153 0.08280838 0.16390618 0.37448274 0.18335862 0.00355255],0.0
39443,M,X,[0.15797627 0.09011569 0.16129425 0.40202721 0.18417198 0.0044146 ],0.0
40571,F,E,[0.29192547 0.30227743 0.21325052 0.04968944 0.14285714 0.        ],0.14285714285714285
40571,M,E,[0.22641509 0.29110512 0.23719677 0.08894879 0.15363881 0.00269542],0.15363881401617252
41054,F,A,[0.44674137 0.09765112 0.15900675 0.16318141 0.13126938 0.00214997],0.4467413661690954
41054,M,A,[0.47451395 0.10245032 0.15440924 0.15636683 0.10986155 0.0023981 ],0.47451395211825825
41810,F,A,[0.51272552 0.1184576  0.13715309 0.1033588  0.12425479 0.0040502 ],0.5127255223344037
41810,M,A,[0.52010197 0.1248585  0.11482058 0.13153393 0.10489518 0.00378984],0.5201019734242145
42674,F,B,[0.1537558  0.51573545 0.12964755 0.13383264 0.06422951 0.00279906],0.5157354461262177
42674,M,B,[0.13198677 0.52061754 0.14217637 0.13549622 0.06675325 0.00296985],0.5206175352150394
42940,F,D,[0.08389686 0.10535223 0.08803584 0.65669407 0.06173672 0.00428429],0.6566940684720303
42940,M,D,[0.08981308 0.11041053 0.09482486 0.64384741 0.05696936 0.00413475],0.6438474104225804
43073,F,A,[0.47031974 0.14948978 0.08304679 0.08147977 0.2136027  0.00206123],0.4703197380006891
43073,M,A,[0.4767487  0.15912779 0.0628796  0.07361684 0.22510176 0.00252531],0.4767487011943656
43182,F,C,[0.19808912 0.26133109 0.29985139 0.1525664  0.08492268 0.00323932],0.29985138987014887
43182,M,C,[0.15414681 0.25233116 0.40782631 0.11701301 0.06532725 0.00335547],0.40782630817845855
44230,F,A,[0.44378483 0.09028326 0.07354635 0.1082409  0.27724838 0.00689628],0.44378482506116684
44230,M,A,[0.474368   0.09113733 0.07676745 0.10732687 0.24363184 0.00676852],0.47436800385624767
44570,F,A,[0.51823606 0.04611612 0.14708226 0.04269148 0.24324381 0.00263026],0.5182360638849541
44570,M,A,[0.53938461 0.05526083 0.09530288 0.03759708 0.2696923  0.00276231],0.53938460714477
44969,F,B,[0.16315008 0.25714512 0.25779246 0.23933714 0.07907921 0.00349599],0.25714511935794854
44969,M,B,[0.16242435 0.27963687 0.25990172 0.22002437 0.07339859 0.00461411],0.2796368700123186
45201,F,C,[0.14396998 0.24377369 0.29785803 0.20731287 0.10300474 0.00408069],0.29785803034152486
45201,M,C,[0.13523512 0.26194098 0.32800734 0.18337529 0.0874846  0.00395667],0.32800733758234696
47309,F,B,[0.14941148 0.31970494 0.19452179 0.1502746  0.18171939 0.00436782],0.3197049375454618
47309,M,B,[0.16750977 0.31838948 0.18845134 0.14920063 0.1706644  0.00578437],0.3183894810133362
49544,F,C,[0.15044948 0.13788897 0.26230819 0.21198174 0.23349105 0.00388057],0.26230819026273017
49544,M,C,[0.16364282 0.13275133 0.28013229 0.22118928 0.19857935 0.00370494],0.28013229071822615
53461,F,C,[0.10719332 0.14127968 0.23958163 0.20653937 0.30151151 0.00389449],0.23958162942132538
53461,M,C,[0.1157825  0.1528721  0.2680226  0.2001339  0.25844893 0.00473997],0.2680226018959884
54528,F,E,[0.56529449 0.08984648 0.11765172 0.09715779 0.12697291 0.00307661],0.12697291258452853
54528,M,E,[0.60393525 0.08097718 0.1030368  0.08038536 0.12857774 0.00308768],0.12857774088158105
60382,F,E,[0.08204761 0.15569626 0.14293635 0.17699613 0.43786347 0.00446018],0.43786346666573817
60382,M,E,[0.08032885 0.16271272 0.14239305 0.15516117 0.45498072 0.00442349],0.45498071587701566
60441,F,E,[0.04526953 0.13549363 0.06322021 0.12399114 0.62832676 0.00369872],0.6283267613084652
60441,M,E,[0.03332976 0.11058192 0.05422179 0.07652643 0.72101789 0.00432221],0.7210178887044079
61248,F,D,[0.24497266 0.22613711 0.16590824 0.23443422 0.12469156 0.00385621],0.23443422000563813
61248,M,D,[0.23408896 0.21705185 0.17382706 0.25908896 0.11133174 0.00461143],0.2590889614910824
63204,F,E,[0.11449854 0.20895559 0.2081525  0.26228557 0.20188269 0.00422512],0.20188268500569034
63204,M,E,[0.1156419  0.16008784 0.17895801 0.26768116 0.27269027 0.00494082],0.27269026833056614
63646,F,C,[0.11338866 0.3892023  0.27472156 0.12696171 0.09294207 0.0027837 ],0.27472156451201674
63646,M,C,[0.11711961 0.36696694 0.31237478 0.10941602 0.09100077 0.00312189],0.3123747763384869
64203,F,A,[0.17093297 0.17827386 0.30025859 0.21517146 0.13123023 0.00413289],0.17093297230700696
64203,M,A,[0.15153714 0.19636201 0.29953538 0.22449788 0.12317632 0.00489128],0.15153714316319425
66576,F,A,[0.85415673 0.03905192 0.0341551  0.03829234 0.03196249 0.00238142],0.8541567332221948
66576,M,A,[0.8644703  0.03901237 0.02601762 0.03137754 0.03653795 0.00258422],0.8644703015371432
67229,F,A,[0.21739191 0.19521636 0.22782162 0.17495406 0.17908521 0.00553083],0.21739190987724064
67229,M,A,[0.2173044  0.19353784 0.22520158 0.17836374 0.1799914  0.00560104],0.21730440246011556
67980,F,E,[0.17953722 0.20438591 0.29877945 0.1710835  0.13947078 0.00674314],0.13947078088184625
67980,M,E,[0.1850249  0.19371083 0.29443388 0.13923464 0.18089818 0.00669755],0.18089818435006158
68123,F,B,[0.06543718 0.25821793 0.08567183 0.10690445 0.47997766 0.00379095],0.2582179313609138
68123,M,B,[0.08228536 0.33424294 0.09771973 0.12523298 0.35676316 0.00375582],0.334242943602378
68369,F,A,[0.2477926  0.18334296 0.13477929 0.19393187 0.23615263 0.00400064],0.24779260012041945
68369,M,A,[0.30905549 0.1573416  0.10817176 0.17717048 0.243988   0.00427267],0.30905548711906167
68538,F,D,[0.32283465 0.22834646 0.1496063  0.15748031 0.13385827 0.00787402],0.15748031496062992
68538,M,D,[0.27272727 0.15909091 0.24431818 0.1875     0.13068182 0.00568182],0.1875
75825,F,B,[0.11005415 0.33671418 0.27420222 0.12574523 0.14817944 0.00510478],0.33671418478468934
75825,M,B,[0.09845884 0.40239007 0.24792325 0.12276525 0.1233062  0.00515639],0.40239007016228373
75829,F,C,[0.22048766 0.23179004 0.27404996 0.15433962 0.11510498 0.00422773],0.2740499566698802
75829,M,C,[0.21046141 0.21114161 0.30768839 0.15750495 0.10789192 0.00531171],0.307688393765733
75845,F,D,[0.09036997 0.23626585 0.3208865  0.27122915 0.07698595 0.00426259],0.2712291516695638
75845,M,D,[0.11350505 0.27796868 0.28911181 0.24977996 0.06530345 0.00433106],0.24977996407084554
76318,F,C,[0.23064868 0.13553883 0.3735874  0.06264108 0.19073556 0.00684845],0.3735873960058416
76318,M,C,[0.23868478 0.15125014 0.3439435  0.07038672 0.18860874 0.00712612],0.3439434967530301
78112,F,E,[0.12918379 0.14489314 0.14516982 0.07469747 0.50150089 0.00455488],0.5015008927048784
78112,M,E,[0.11629532 0.17092818 0.16907102 0.08509185 0.45393391 0.00467972],0.45393390819988216
78377,F,B,[0.2216527  0.27904162 0.23887773 0.16806518 0.08845783 0.00390493],0.27904162127735105
78377,M,B,[0.21095415 0.32564271 0.24163275 0.14721895 0.06980076 0.00475068],0.325642707942799
78716,F,C,[0.15148749 0.13523522 0.46816889 0.05982341 0.18341605 0.00186894],0.4681688934983938
78716,M,C,[0.14296369 0.14595897 0.50626239 0.06035965 0.14246693 0.00198838],0.5062623855176477
81969,F,A,[0.21352004 0.12123298 0.23649632 0.11869408 0.30700695 0.00304964],0.21352004148554443
81969,M,A,[0.28459643 0.1013537  0.21189813 0.09321408 0.30551256 0.0034251 ],0.28459643297091747
81994,F,C,[0.15272562 0.08901729 0.39373506 0.16249491 0.19815438 0.00387274],0.3937350563291558
81994,M,C,[0.15676986 0.09259279 0.38709228 0.15140592 0.20815436 0.00398479],0.3870922821487869
82581,F,A,[0.16049459 0.13610878 0.33696999 0.24832509 0.11455596 0.00354559],0.1604945898256006
82581,M,A,[0.20305822 0.14563628 0.28555648 0.24266376 0.11896256 0.0041227 ],0.20305821862781853
82765,F,E,[0.11977298 0.16562721 0.09798611 0.33270919 0.28181109 0.00209342],0.28181109459887443
82765,M,E,[0.15370227 0.13087007 0.07640726 0.27402255 0.36254084 0.00245702],0.36254083873386533
82962,F,A,[0.29037967 0.28106804 0.13354552 0.19405542 0.09452057 0.00643078],0.2903796692989569
82962,M,A,[0.36808419 0.25857078 0.11706791 0.16393739 0.08657142 0.0057683 ],0.3680841947405067
83727,F,C,[0.35433071 0.16535433 0.16535433 0.14173228 0.16535433 0.00787402],0.16535433070866143
83727,M,C,[0.27840909 0.24431818 0.19886364 0.13636364 0.13636364 0.00568182],0.19886363636363635
83806,F,E,[0.15828197 0.07143031 0.27362014 0.05995566 0.43047865 0.00623327],0.43047864991003343
83806,M,E,[0.16397622 0.07574179 0.23059558 0.0642333  0.4593822  0.00607091],0.45938219698998445
83901,F,B,[0.09012665 0.2908704  0.49879494 0.08431102 0.03457796 0.00131905],0.2908703959572476
83901,M,B,[0.09749612 0.32907584 0.4892949  0.05331128 0.02918697 0.00163489],0.3290758395372503
84199,F,A,[0.38658733 0.13628628 0.1690649  0.10837315 0.19315924 0.0065291 ],0.3865873267230248
84199,M,A,[0.33514943 0.12804349 0.1963379  0.12743426 0.2063762  0.00665872],0.33514942959670074
85013,F,B,[0.20967776 0.22049636 0.22758667 0.15099851 0.18787    0.0033707 ],0.22049636479436466
85013,M,B,[0.20055166 0.24219512 0.22329816 0.155064   0.17470944 0.00418162],0.24219511541963473
85228,F,C,[0.20403527 0.21738321 0.24534332 0.19143908 0.13750439 0.00429473],0.24534331724260341
85228,M,C,[0.18127979 0.24965454 0.24437898 0.19137298 0.12768063 0.00563307],0.24437898345027048
85343,F,D,[0.14168427 0.27546558 0.29161519 0.14113438 0.1454178  0.00468279],0.1411343790567607
85343,M,D,[0.12951368 0.2765358  0.30611242 0.15827754 0.12404129 0.00551925],0.1582775427132987
85445,F,E,[0.14888769 0.19904535 0.23410011 0.23280543 0.1823589  0.00280254],0.1823588986840869
85445,M,E,[0.12814793 0.22579    0.21010257 0.23428981 0.19866236 0.00300734],0.1986623640940496
85588,F,B,[0.12629338 0.58748769 0.13809779 0.10351548 0.04199541 0.00261025],0.5874876883294063
85588,M,B,[0.09635263 0.65961518 0.12245059 0.08295217 0.03562343 0.003006  ],0.6596151786192491
85860,F,C,[0.16830445 0.1476165  0.17244866 0.17945978 0.329978   0.00219261],0.17244865641825224
85860,M,C,[0.17910128 0.17134326 0.18183547 0.17076348 0.29414466 0.00281185],0.18183546676664344
86438,F,A,[0.18897638 0.2519685  0.21259843 0.20472441 0.13385827 0.00787402],0.1889763779527559
86438,M,A,[0.27272727 0.22159091 0.14772727 0.20454545 0.14772727 0.00568182],0.2727272727272727
86466,F,C,[0.17634924 0.23209805 0.24749851 0.23607781 0.10449084 0.00348555],0.24749851215853602
86466,M,C,[0.15373038 0.23891864 0.23300573 0.26790879 0.10246639 0.00397006],0.23300573081248996
86499,F,B,[0.1824346  0.2172788  0.2176364  0.21986729 0.15893801 0.0038449 ],0.2172787988681964
86499,M,B,[0.18206175 0.21085641 0.20806331 0.22101655 0.17327674 0.00472524],0.21085640833377967
86703,F,A,[0.43385022 0.17924922 0.09386539 0.12405466 0.16542361 0.0035569 ],0.43385022047896316
86703,M,A,[0.42260725 0.19674361 0.09334262 0.13552568 0.14794333 0.0038375 ],0.42260725188795456
86840,F,C,[0.23792412 0.19831274 0.29371035 0.16615274 0.09973323 0.00416683],0.29371034597969575
86840,M,C,[0.24975631 0.21313534 0.2730451  0.15656499 0.10213834 0.00535992],0.2730450966739864
87207,F,E,[0.26889907 0.12928733 0.07380999 0.27965416 0.24147058 0.00687887],0.24147057902265348
87207,M,E,[0.2740279  0.11735445 0.07295271 0.25210487 0.27700311 0.00655696],0.27700310642172354
87998,F,E,[0.36691911 0.11628221 0.38484281 0.05267046 0.07729032 0.0019951 ],0.07729031876350803
87998,M,E,[0.38426303 0.10045525 0.31083097 0.0422634  0.15985753 0.00232982],0.15985753307267955
88045,F,D,[0.17385558 0.04578984 0.14725454 0.5564588  0.07115276 0.00548848],0.5564587981025236
88045,M,D,[0.14319667 0.05128675 0.13476782 0.60186653 0.06335226 0.00552997],0.6018665309838788
88655,F,D,[0.13885998 0.1062545  0.34371748 0.25054641 0.15881794 0.00180368],0.2505464119528485
88655,M,D,[0.14454502 0.12201409 0.29179208 0.31966151 0.11984361 0.0021437 ],0.31966150715012587
89149,F,A,[0.47505734 0.09080444 0.19884088 0.08683078 0.14382119 0.00464537],0.47505733845174
89149,M,A,[0.44976568 0.09666863 0.20371967 0.0859488  0.15937818 0.00451904],0.44976567939585455
89554,F,D,[0.19498119 0.24715309 0.31350821 0.18383804 0.05721577 0.0033037 ],0.1838380393207786
89554,M,D,[0.16651492 0.31562851 0.28952922 0.17526378 0.04912833 0.00393525],0.17526377805152377
89637,F,E,[0.2251313  0.32872857 0.21907813 0.1328947  0.08981603 0.00435128],0.08981602970810465
89637,M,E,[0.23468614 0.33302582 0.19878019 0.13735606 0.09081463 0.00533715],0.09081463231749773
90130,F,B,[0.17497103 0.30115825 0.24285575 0.19289212 0.08501143 0.00311142],0.30115825412680236
90130,M,B,[0.20927508 0.34463874 0.21243506 0.15785978 0.07178646 0.00400487],0.3446387445771517
90238,F,D,[0.1986599  0.04341017 0.17199186 0.45559446 0.12642128 0.00392233],0.4555944579210591
90238,M,D,[0.23892266 0.05107921 0.1688059  0.42351909 0.11381688 0.00385625],0.42351909378180064
95509,F,E,[0.18945355 0.24183862 0.2289179  0.1864509  0.15009188 0.00324715],0.1500918807360204
95509,M,E,[0.15221333 0.25728135 0.24389561 0.17695223 0.16582668 0.00383081],0.1658266830914252
95676,F,A,[0.50856248 0.1055915  0.06322543 0.07152776 0.24813976 0.00295306],0.5085624841209903
95676,M,A,[0.58141503 0.0914252  0.0693107  0.07819479 0.17645547 0.00319881],0.5814150286540625
95739,F,D,[0.22278468 0.09946351 0.17998792 0.3314789  0.15976894 0.00651605],0.33147889701352806
95739,M,D,[0.21543302 0.09639682 0.1605297  0.3748969  0.14630845 0.00643511],0.374896898934176
95823,F,C,[0.11009157 0.12113031 0.41935899 0.20762697 0.13407714 0.00771502],0.41935899265302146
95823,M,C,[0.11239891 0.14661775 0.40944647 0.20339698 0.12036447 0.00777543],0.40944646778426436
96189,F,D,[0.14273359 0.13922194 0.15938262 0.28159531 0.27422223 0.0028443 ],0.28159531408246297
96189,M,D,[0.10499304 0.12116384 0.16600744 0.33551497 0.26899871 0.003322  ],0.33551496973916767
96244,F,E,[0.17722019 0.30205618 0.17435153 0.15851863 0.18554949 0.00230398],0.1855494920457037
96244,M,E,[0.17818542 0.32780515 0.17199266 0.16004901 0.15905817 0.00290959],0.1590581650688233
96291,F,C,[0.19976403 0.22353817 0.15991947 0.27768081 0.13324099 0.00585653],0.15991946514274577
96291,M,C,[0.2014568  0.21257967 0.16368165 0.30253066 0.11375127 0.00599995],0.16368164533233356
96315,F,A,[0.46287966 0.11189699 0.14983695 0.15154231 0.1212817  0.00256239],0.4628796605981297
96315,M,A,[0.53834556 0.09656821 0.12139414 0.13418671 0.1063521  0.00315329],0.538345562637245
96502,F,C,[0.0482226  0.05243293 0.67316125 0.13117802 0.09159883 0.00340637],0.6731612541720466
96502,M,C,[0.05291227 0.05830031 0.65662659 0.13814472 0.09051872 0.0034974 ],0.6566265866852338
96516,F,E,[0.17914829 0.19845021 0.14060624 0.36130359 0.11520939 0.00528227],0.1152093941091919
96516,M,E,[0.19014113 0.20736838 0.15636281 0.28897086 0.15154919 0.00560763],0.15154919393712174
97262,F,A,[0.77125786 0.07804207 0.07007559 0.03009007 0.04598387 0.00455053],0.7712578611974427
97262,M,A,[0.74363184 0.09705292 0.07335038 0.03415457 0.04705693 0.00475336],0.7436318354667666
97590,F,E,[0.06005746 0.23066415 0.26438595 0.26319393 0.17917875 0.00251976],0.17917874631519964
97590,M,E,[0.07245461 0.22665363 0.2509721  0.2527931  0.19408976 0.0030368 ],0.19408976487601093
97727,F,E,[0.18660403 0.11134971 0.11647623 0.20951766 0.37381799 0.00223437],0.3738179926147378
97727,M,E,[0.14256066 0.10266456 0.09997054 0.21051229 0.44182154 0.00247041],0.4418215414278828
97761,F,C,[0.09862562 0.0736003  0.50451573 0.10331971 0.21801315 0.00192549],0.5045157293555471
97761,M,C,[0.09473783 0.07936372 0.50346661 0.10661721 0.21351026 0.00230438],0.5034666059664721
97915,F,C,[0.10688183 0.23025695 0.18962148 0.22966443 0.2407545  0.00282081],0.1896214792102433
97915,M,C,[0.12279873 0.21795967 0.20839805 0.22737936 0.21960929 0.00385491],0.2083980504525735
98106,F,E,[0.09674537 0.43467854 0.21290402 0.10988362 0.14392995 0.0018585 ],0.1439299548601081
98106,M,E,[0.13062369 0.38781935 0.21579053 0.1086163  0.15456055 0.00258958],0.15456054844411118
111431,F,E,[0.40427698 0.13506033 0.12117294 0.1505217  0.18666581 0.00230224],0.18666580818504222
111431,M,E,[0.41346607 0.13371673 0.1232995  0.13817685 0.18847009 0.00287076],0.18847008730116224
111516,F,C,[0.11976428 0.14523421 0.31818838 0.1950769  0.21846037 0.00327586],0.3181883833514891
111516,M,C,[0.10869798 0.13978496 0.39770901 0.1869383  0.16306973 0.00380001],0.39770901397889774
111558,F,D,[0.18580965 0.37076574 0.14152244 0.17055014 0.1290063  0.00234574],0.17055013590692203
111558,M,D,[0.1605297  0.46231991 0.12363291 0.15572144 0.09528145 0.00251459],0.15572143966579188
111613,F,A,[0.15638345 0.32000164 0.16711766 0.2424094  0.11090858 0.00317928],0.15638344893832506
111613,M,A,[0.18333512 0.29973221 0.15523004 0.25973569 0.09834235 0.00362461],0.18333511863317445
111668,F,B,[0.0963373  0.21711435 0.40693508 0.17119574 0.10412106 0.00429647],0.21711435323270536
111668,M,B,[0.08792245 0.25079133 0.36931605 0.17921108 0.10816239 0.0045967 ],0.2507913341545713
111694,F,A,[0.22370523 0.34995423 0.11475869 0.20194794 0.1072986  0.0023353 ],0.22370522989325825
111694,M,A,[0.23161587 0.33109635 0.12625864 0.19886187 0.10922286 0.00294441],0.23161587488618712
111738,F,B,[0.10916145 0.29716892 0.15743799 0.14365936 0.28938429 0.00318798],0.297168924821372
111738,M,B,[0.10599995 0.31187537 0.17196454 0.14082802 0.26558968 0.00374243],0.31187536821809225
111835,F,C,[0.05592656 0.10375972 0.47956467 0.30762418 0.0493115  0.00381337],0.4795646731216309
111835,M,C,[0.05307143 0.10152712 0.45822342 0.33695438 0.0465146  0.00370905],0.4582234215440812
111893,F,C,[0.10278461 0.0890956  0.37161407 0.28675142 0.14326695 0.00648734],0.37161407306606714
111893,M,C,[0.10727599 0.09939612 0.32814124 0.31356783 0.14476461 0.00685421],0.3281412350704301
111914,F,B,[0.1552795  0.32298137 0.10351967 0.26708075 0.14906832 0.00207039],0.32298136645962733
111914,M,B,[0.16442049 0.2884097  0.14824798 0.24797844 0.1509434  0.        ],0.2884097035040431
111918,F,D,[0.09564077 0.13299781 0.0725681  0.62043958 0.07440411 0.00394962],0.6204395847703719
111918,M,D,[0.08600927 0.12948348 0.06183985 0.66192684 0.05711806 0.00362249],0.6619268447327818
111926,F,B,[0.09426911 0.44449307 0.08437453 0.03517657 0.33849176 0.00319494],0.4444930724013239
111926,M,B,[0.08972872 0.47153339 0.07000428 0.03605324 0.32955519 0.00312517],0.47153339403352795
111929,F,A,[0.26583986 0.20582329 0.29297513 0.11509715 0.11757515 0.00268943],0.26583985605351357
111929,M,A,[0.28372342 0.18818355 0.25144609 0.16313133 0.11075331 0.00276231],0.2837234213486155
111954,F,D,[0.14963335 0.09763024 0.20392738 0.38156869 0.16206335 0.00517699],0.3815686895510025
111954,M,D,[0.17087864 0.09560013 0.22704194 0.34273071 0.15838198 0.00536661],0.3427307053719672
111961,F,C,[0.09534802 0.14761998 0.54078861 0.18033161 0.03283866 0.00307313],0.5407886081808658
111961,M,C,[0.10313052 0.14535644 0.55660918 0.15715013 0.03486155 0.00289219],0.556609180011783
111964,F,D,[0.10404623 0.12011579 0.0701104  0.49251903 0.20703967 0.00616889],0.4925190287092497
111964,M,D,[0.09255128 0.10470248 0.06095281 0.55722913 0.1788442  0.0057201 ],0.5572291253816078
111984,F,A,[0.31690588 0.11965726 0.06949786 0.15926603 0.32861632 0.00605665],0.31690588141120457
111984,M,A,[0.34515827 0.10372235 0.07725216 0.14199159 0.32593193 0.00594371],0.3451582668309143
112145,F,B,[0.2289118  0.28428039 0.12269907 0.15894758 0.19671874 0.00844241],0.2842803893794222
112145,M,B,[0.23148599 0.33216887 0.12607654 0.14882706 0.15347196 0.00796958],0.33216887151197044
117651,F,E,[0.118641   0.12530061 0.19315576 0.3066128  0.25334634 0.00294349],0.2533463381698332
117651,M,E,[0.08340608 0.09486101 0.1519549  0.38608002 0.28040678 0.0032912 ],0.28040678056879653
117742,F,B,[0.13986928 0.33909734 0.18201261 0.16936421 0.16602658 0.00362999],0.33909734137521796
117742,M,B,[0.13712576 0.36318087 0.17788683 0.15650474 0.16094612 0.00435569],0.3631808687269027
117820,F,C,[0.12903153 0.26212373 0.24735234 0.17322564 0.18277219 0.00549457],0.2473523382603218
117820,M,C,[0.13594612 0.26814311 0.28294012 0.17718387 0.12921643 0.00657035],0.2829401210433292
117854,F,C,[0.09729526 0.15159103 0.24715222 0.27861267 0.22318144 0.00216738],0.24715221923300468
117854,M,C,[0.09983129 0.16263724 0.25107787 0.27310133 0.21043731 0.00291495],0.2510778747790691
117877,F,B,[0.19377786 0.2987751  0.23014123 0.19093617 0.08321036 0.00315927],0.29877509753627374
117877,M,B,[0.18867361 0.37895265 0.20299395 0.1568917  0.0688367  0.00365138],0.3789526538482138
117886,F,D,[0.18280525 0.15437095 0.32044451 0.19072387 0.14759039 0.00406503],0.19072387402594237
117886,M,D,[0.14605136 0.17655857 0.35790129 0.19697526 0.1176651  0.00484843],0.19697525574420224
117973,F,A,[0.2375787  0.24060833 0.24676938 0.16031013 0.11141757 0.00331589],0.2375786989826993
117973,M,A,[0.22251218 0.27287237 0.26727679 0.14297975 0.09047587 0.00388303],0.22251218467141556
118066,F,C,[0.12464109 0.2989787  0.45362198 0.04275761 0.07527608 0.00472455],0.4536219803778943
118066,M,C,[0.11752986 0.29016523 0.49574474 0.04375636 0.04813749 0.00466633],0.4957447378287183
118110,F,C,[0.20210282 0.17385123 0.31335855 0.17500931 0.12973369 0.00594441],0.3133585541313268
118110,M,C,[0.19236918 0.15977853 0.34974426 0.16979139 0.12271437 0.00560227],0.34974425579776125
118120,F,A,[0.21463897 0.23965646 0.12983026 0.14605905 0.26521601 0.00459926],0.21463896787306538
118120,M,A,[0.22618633 0.30662391 0.10823336 0.11817792 0.23648439 0.00429409],0.22618633174441646
118230,F,E,[0.05706627 0.11200862 0.05040637 0.09614334 0.67778309 0.0065923 ],0.6777830944676976
118230,M,E,[0.05848409 0.125162   0.05429763 0.10562047 0.64996295 0.00647287],0.6499629469632314
118252,F,D,[0.16697411 0.0874556  0.27590893 0.30929913 0.15339283 0.00696941],0.30929912784544206
118252,M,D,[0.17568056 0.09365111 0.24048299 0.34621585 0.13703302 0.00693647],0.3462158488657556
119767,F,D,[0.05401648 0.05581407 0.05025337 0.7718269  0.06489686 0.00319233],0.7718268953012052
119767,M,D,[0.05312651 0.04654143 0.04298109 0.7900715  0.06422527 0.0030542 ],0.7900715012586363
120124,F,C,[0.086769   0.09283174 0.66803647 0.05636657 0.093051   0.00294523],0.6680364669072736
120124,M,C,[0.08947967 0.08365379 0.7123092  0.05479487 0.05694258 0.00281988],0.7123091960794815
120368,F,B,[0.13120587 0.06345339 0.35319703 0.26594862 0.18313066 0.00306443],0.06345339314862057
120368,M,B,[0.13410101 0.0796208  0.35384018 0.2297239  0.1997081  0.003006  ],0.0796208023137486
120622,F,B,[0.10337975 0.38480627 0.18331425 0.23761698 0.08647404 0.00440871],0.3848062673799025
120622,M,B,[0.10652081 0.47301966 0.15149965 0.17271571 0.09212013 0.00412404],0.4730196561512506
120626,F,B,[0.2368313  0.39771481 0.11491531 0.14630267 0.09942087 0.00481504],0.39771481472458403
120626,M,B,[0.2764153  0.38146055 0.11989181 0.14364656 0.07408548 0.00450029],0.3814605538000107
125654,F,E,[0.07574592 0.11612037 0.13922107 0.2003931  0.4615145  0.00700504],0.46151450079873596
125654,M,E,[0.0784184  0.10966606 0.13580821 0.17993278 0.48941005 0.0067645 ],0.48941004766750573
125706,F,E,[0.14892249 0.11939884 0.11849918 0.33347052 0.27356793 0.00614104],0.27356793083886416
125706,M,E,[0.14594692 0.10747282 0.1093996  0.36204006 0.26906165 0.00607895],0.2690616464035135
125944,F,D,[0.15774252 0.0734228  0.11749858 0.55867664 0.08517675 0.00748271],0.5586766389748338
125944,M,D,[0.15424723 0.07273847 0.11916073 0.57653313 0.06989851 0.00742194],0.5765331262385518
126560,F,C,[0.15242196 0.1107537  0.36545476 0.21989514 0.14937232 0.00210212],0.3654547574383372
126560,M,C,[0.12625596 0.11968025 0.45530636 0.17691206 0.11945664 0.00238873],0.4553063574527342
140190,F,C,[0.06878961 0.07917927 0.57793418 0.07401185 0.19474975 0.00533535],0.5779341799818327
140190,M,C,[0.06872556 0.07187483 0.62218949 0.06785255 0.1641061  0.00525146],0.6221894917251353
140378,F,A,[0.46510359 0.08477042 0.18749935 0.17625875 0.07883733 0.00753057],0.46510359204953206
140378,M,A,[0.46767447 0.08507712 0.20013791 0.16426946 0.07517808 0.00766295],0.4676744684269723
140429,F,B,[0.17005158 0.43141138 0.09324068 0.10817129 0.19135294 0.00577213],0.4314113785938767
140429,M,B,[0.17309464 0.48238043 0.08196669 0.09163542 0.16536875 0.00555407],0.48238042954314175
140441,F,D,[0.14386296 0.07764966 0.30946928 0.41538881 0.04780322 0.00582607],0.41538880516759535
140441,M,D,[0.13991752 0.06928124 0.30101896 0.43970328 0.04428793 0.00579107],0.4397032831664078
140506,F,D,[0.26009122 0.11726105 0.22870037 0.31676928 0.07039491 0.00678316],0.31676927842299246
140506,M,D,[0.26920759 0.11486396 0.19942826 0.34740373 0.06238686 0.0067096 ],0.34740372770606825
140527,F,A,[0.61803793 0.21968405 0.05552759 0.05434645 0.04611408 0.0062899 ],0.618037927961421
140527,M,A,[0.58241052 0.24226715 0.05808371 0.06056328 0.05042374 0.0062516 ],0.5824105195503061
140550,F,A,[0.54945898 0.09291526 0.09213915 0.17981739 0.07996234 0.00570687],0.5494589825600618
140550,M,A,[0.62162311 0.08156232 0.07605377 0.13784613 0.07747309 0.00544159],0.6216231053505437
140567,F,A,[0.65691044 0.0586174  0.06796331 0.09303397 0.11780935 0.00566554],0.65691044184065
140567,M,A,[0.57773938 0.07511757 0.08329031 0.09554766 0.16220099 0.00610409],0.5777393784221377
140568,F,A,[0.44933073 0.19075085 0.09057561 0.06653436 0.19512823 0.00768022],0.4493307323660334
140568,M,A,[0.43745514 0.24703283 0.08635585 0.06463633 0.1570738  0.00744604],0.43745514434149213
140572,F,B,[0.22943908 0.42161425 0.17500844 0.0674871  0.10125066 0.00520048],0.42161424708261264
140572,M,B,[0.2331798  0.4573657  0.14865969 0.06332816 0.09233169 0.00513497],0.4573657008194526
140585,F,C,[0.24126872 0.26869895 0.23324917 0.18819541 0.06303575 0.005552  ],0.23324916733082982
140585,M,C,[0.22948824 0.28045231 0.26792218 0.16792887 0.04872797 0.00548042],0.2679221787799261
140626,F,E,[0.08297099 0.07339925 0.1131918  0.12351463 0.60234525 0.00457809],0.6023452469151572
140626,M,E,[0.08758031 0.07376551 0.10688511 0.11905313 0.60839881 0.00431713],0.6083988115460937
140631,F,B,[0.06620982 0.32970306 0.13694667 0.27517758 0.18463939 0.00732349],0.3297030581667705
140631,M,B,[0.06852606 0.32931953 0.14175191 0.28194794 0.17130041 0.00715414],0.32931953296556155
140639,F,B,[0.09374967 0.46028072 0.31516137 0.06447748 0.06121032 0.00512044],0.46028072349118954
140639,M,B,[0.08387606 0.58075893 0.24356221 0.04296369 0.04368941 0.0051497 ],0.5807589309624551
140643,F,B,[0.12504829 0.28479809 0.19667872 0.13504728 0.25148349 0.00694413],0.2847980886022643
140643,M,B,[0.09582106 0.40582722 0.16247657 0.11610519 0.21298672 0.00678325],0.40582721868137756
140682,F,E,[0.14391516 0.13852674 0.39189396 0.07966129 0.23896648 0.00703636],0.2389664809330071
140682,M,E,[0.15317739 0.12645814 0.33800412 0.07487146 0.30085025 0.00663864],0.30085024904932783
140721,F,E,[0.04152644 0.39789144 0.05562004 0.08476433 0.4147171  0.00548065],0.4147171013019918
140721,M,E,[0.04324889 0.47073403 0.05047935 0.06898399 0.3611242  0.00542954],0.3611242033099459
140731,F,D,[0.05998007 0.08682353 0.0795255  0.64029328 0.1296988  0.00367882],0.6402932836011548
140731,M,D,[0.05846189 0.09593325 0.08444255 0.64640683 0.11130178 0.0034537 ],0.6464068312295911
140767,F,B,[0.0304814  0.7185874  0.04304729 0.17040595 0.03366289 0.00381507],0.718587401749142
140767,M,B,[0.04009409 0.74583057 0.03255048 0.15043074 0.02732449 0.00376964],0.7458305652513563
140827,F,B,[0.19924459 0.45895124 0.05690167 0.15179202 0.12912463 0.00398585],0.4589512370836219
140827,M,B,[0.19609287 0.45583391 0.06255423 0.15755316 0.12405602 0.00390981],0.4558339135557817
140898,F,C,[0.36112436 0.20834566 0.18465592 0.06640297 0.17494579 0.0045253 ],0.18465591708459642
140898,M,C,[0.35808071 0.20552327 0.18664373 0.07050372 0.17454475 0.00470382],0.18664372556370842
140914,F,C,[0.33789141 0.13650641 0.27515844 0.11098688 0.13313832 0.00631854],0.2751584420646715
140914,M,C,[0.33486423 0.15934471 0.26618553 0.11400836 0.11942049 0.00617669],0.266185528359488
141030,F,E,[0.06345426 0.1417095  0.09552638 0.13456786 0.55989127 0.00485071],0.5598912744623759
141030,M,E,[0.05840073 0.1199052  0.09183895 0.11115366 0.61372583 0.00497563],0.613725831503401
141048,F,B,[0.04270192 0.82820826 0.05586279 0.0362781  0.03221568 0.00473325],0.8282082560409844
141048,M,B,[0.05292834 0.78681511 0.07098441 0.04933453 0.03500884 0.00492877],0.7868151143484549
141072,F,B,[0.11099471 0.39707965 0.03727347 0.18598975 0.26347845 0.00518395],0.39707965433353404
141072,M,B,[0.11275909 0.46458411 0.03465267 0.16223689 0.22043945 0.00532778],0.4645841144020138
141148,F,D,[0.12413644 0.10179533 0.17457862 0.44223434 0.152636   0.00461927],0.44223433764082287
141148,M,D,[0.11037572 0.08923464 0.17106877 0.49197285 0.1327366  0.00461143],0.49197284558941673
141203,F,C,[0.04656509 0.20914614 0.67858448 0.03687063 0.02543252 0.00340115],0.6785844798123406
141203,M,C,[0.04725778 0.19989422 0.68447459 0.04005945 0.02523298 0.00308098],0.6844745862567618
141210,F,C,[0.16563147 0.13871636 0.436853   0.11387164 0.14285714 0.00207039],0.43685300207039335
141210,M,C,[0.20215633 0.1671159  0.37466307 0.09433962 0.15902965 0.00269542],0.3746630727762803
141261,F,E,[0.17584024 0.09035374 0.16824442 0.09054342 0.4707948  0.00422338],0.47079480316988537
141261,M,E,[0.19255128 0.09244149 0.16615741 0.086629   0.45819319 0.00402764],0.4581931872958063
141322,F,A,[0.86952065 0.02896505 0.03086009 0.03547414 0.03000393 0.00517612],0.8695206540237845
141322,M,A,[0.85805795 0.033465   0.03326281 0.03822639 0.03176718 0.00522066],0.8580579508328424
141355,F,A,[0.21551079 0.13227694 0.13458353 0.33908168 0.17336137 0.00518569],0.21551079076598603
141355,M,A,[0.22201944 0.13476113 0.13525655 0.3705064  0.13216084 0.00529565],0.22201944191526968
141364,F,A,[0.69971705 0.19816569 0.03103585 0.02417525 0.04223817 0.00466799],0.6997170490970281
141364,M,A,[0.69719351 0.2013296  0.03312758 0.02745702 0.03603048 0.00486182],0.6971935086497777
141384,F,D,[0.11729846 0.18107031 0.10356073 0.29924059 0.29320657 0.00562334],0.2992405917954679
141384,M,D,[0.11159151 0.1603958  0.08691018 0.32732446 0.30813695 0.0056411 ],0.327324460393123
141390,F,A,[0.68760028 0.05602985 0.10307957 0.08835864 0.06135649 0.00357517],0.6876002770343405
141390,M,A,[0.661787   0.07507766 0.12300359 0.08291602 0.05319747 0.00401826],0.6617869958759574
141410,F,B,[0.08259521 0.56586439 0.1224363  0.09653394 0.13014262 0.00242753],0.565864392386428
141410,M,B,[0.0683386  0.59595763 0.13632237 0.09391436 0.1030542  0.00241283],0.5959576348347705
141427,F,E,[0.27418569 0.24233805 0.29143334 0.09751017 0.09173282 0.00279993],0.09173282195671165
141427,M,E,[0.2683386  0.24641423 0.27901291 0.1043597  0.09892614 0.00294842],0.09892614214557335
141440,F,E,[0.0578431  0.08156504 0.12605846 0.0739579  0.65573959 0.00483592],0.6557395877200004
141440,M,E,[0.06370575 0.08918778 0.13560736 0.07006186 0.63688072 0.00455653],0.6368807241176155
141464,F,B,[0.20043209 0.41144971 0.09537418 0.16705909 0.12233806 0.00334687],0.41144970591896296
141464,M,B,[0.21241605 0.41425699 0.09673811 0.15737559 0.11570608 0.00350718],0.4142569885688488
141503,F,C,[0.25738439 0.0944005  0.40613722 0.18152362 0.05866098 0.0018933 ],0.40613721552645227
141503,M,C,[0.21309785 0.09233303 0.46225296 0.17692009 0.05300064 0.00239543],0.46225295913448666
141545,F,B,[0.09124036 0.27241333 0.32457218 0.23764483 0.07101789 0.00311142],0.27241333105951715
141545,M,B,[0.08456296 0.29619731 0.3037826  0.24091639 0.07079294 0.00374779],0.2961973113384393
141547,F,B,[0.17224332 0.42665899 0.09722043 0.2463735  0.05551128 0.00199249],0.4266589867364589
141547,M,B,[0.19114402 0.41339109 0.11197177 0.21438059 0.06687376 0.00223877],0.41339108778319317
141574,F,A,[0.30572097 0.13036972 0.08414744 0.10379826 0.37384932 0.0021143 ],0.30572096794963266
141574,M,A,[0.34824193 0.13092764 0.08939666 0.08809384 0.34079187 0.00254807],0.3482419259814686
141597,F,B,[0.11483004 0.20604081 0.15578483 0.31654219 0.20474787 0.00205427],0.20604081036024904
141597,M,B,[0.10535724 0.25509882 0.15701087 0.30093996 0.17915484 0.00243827],0.25509881634620535
141605,F,D,[0.14561008 0.23659029 0.12020106 0.36538341 0.13005823 0.00215694],0.36538341065468505
141605,M,D,[0.13300171 0.22945075 0.10635745 0.34476729 0.18370735 0.00271544],0.3447672861657115
141712,F,D,[0.07505769 0.05659279 0.18716176 0.34592488 0.33314685 0.00211604],0.34592488053764153
141712,M,D,[0.09377511 0.05984682 0.16862782 0.37944272 0.29578089 0.00252665],0.37944271865459805
141725,F,E,[0.24810583 0.1862386  0.31064129 0.11967292 0.13369082 0.00165055],0.1336908213232914
141725,M,E,[0.26631809 0.20861095 0.27679155 0.11925044 0.12686385 0.00216512],0.12686385303411707
141726,F,A,[0.3774358  0.25796822 0.06259114 0.13384309 0.16636678 0.00179498],0.37743579659554033
141726,M,A,[0.33378903 0.23264822 0.06656446 0.1347705  0.22997563 0.00225216],0.33378903111777625
141731,F,E,[0.25900188 0.37295226 0.10496678 0.1348576  0.12616722 0.00205427],0.12616721597889527
141731,M,E,[0.28564351 0.30934337 0.12458492 0.15199106 0.12571233 0.00272481],0.12571233463660222
